Date,Adj Close,Close,High,Low,Open,Volume,Daily_Return,cluster
1999-01-22,0.03761516900000039,0.041016000999999136,0.04882799800000015,0.03880200200000061,0.04374999899999921,2714688000.0,,0
1999-01-25,0.04155587800000049,0.04531300100000024,0.04583299899999993,0.041016000999999136,0.04427100000000017,510480000.0,10.476399198449382,0
1999-01-26,0.038331419000000366,0.04179700100000083,0.04674499899999951,0.04114599899999938,0.04583299899999993,343200000.0,-7.75936248406941,0
1999-01-27,0.03821218000000037,0.04166699900000026,0.04296899999999937,0.03958300100000045,0.0419269989999993,244368000.0,-0.311031884799573,0
1999-01-28,0.03809205099999957,0.041536000000000683,0.0419269989999993,0.04127599999999987,0.04166699900000026,227520000.0,-0.31439509238475605,0
1999-01-29,0.036300983000000286,0.03958300100000045,0.04166699900000026,0.03958300100000045,0.041536000000000683,244032000.0,-4.70194289291217,0
1999-02-01,0.037018139000000616,0.04036499899999946,0.04062499900000027,0.03958300100000045,0.03958300100000045,154704000.0,1.9755904813786085,0
1999-02-02,0.03415226199999921,0.03723999900000052,0.04062499900000027,0.03606800000000021,0.03958300100000045,264096000.0,-7.741855759738769,0
1999-02-03,0.03486850100000005,0.03802099800000036,0.03854199899999955,0.03645800099999974,0.03671900199999989,75120000.00000006,2.097204675005493,0
1999-02-04,0.0367787849999992,0.04010400199999964,0.04114599899999938,0.03802099800000036,0.03854199899999955,181920000.0,5.47856213558624,0
1999-02-05,0.03785361699999967,0.04127599999999987,0.04166699900000026,0.03971400100000011,0.04075500000000076,136848000.0,2.9223966226612497,0
1999-02-08,0.03654033299999959,0.03984399900000035,0.04166699900000026,0.03984399900000035,0.041536000000000683,154080000.0,-3.4693308460122196,0
1999-02-09,0.0351069380000002,0.03828100099999965,0.04088500099999948,0.03776000100000054,0.04062499900000027,86976000.0,-3.9227939946489765,0
1999-02-10,0.03474927699999952,0.0378910010000002,0.03932299799999939,0.03723999900000052,0.03828100099999965,148223999.99999994,-1.0187821368620953,0
1999-02-11,0.03773438200000001,0.04114599899999938,0.04270799799999914,0.03802099800000036,0.03802099800000036,132240000.0,8.59042494021207,0
1999-02-12,0.03988403099999971,0.04349000000000025,0.04374999899999921,0.04166699900000026,0.04166699900000026,109728000.0,5.696789619812126,0
1999-02-16,0.04012247200000019,0.04374999899999921,0.04609400000000008,0.03932299799999939,0.04427100000000017,211008000.0,0.5978362842032681,0
1999-02-17,0.0379728410000002,0.04140599800000011,0.0432289990000001,0.04062499900000027,0.04270799799999914,67728000.0,-5.357716693890668,0
1999-02-18,0.0385698449999996,0.04205699999999979,0.0432289990000001,0.04088500099999948,0.04270799799999914,70704000.0,1.5722408139999366,0
1999-02-19,0.03988403099999971,0.04349000000000025,0.04427100000000017,0.04114599899999938,0.04166699900000026,75360000.00000006,3.407280595382467,0
1999-02-22,0.04012247200000019,0.04374999899999921,0.04479199999999928,0.04140599800000011,0.04427100000000017,205248000.0,0.5978362842032681,0
1999-02-23,0.04203276700000025,0.04583299899999993,0.04674499899999951,0.04218799999999945,0.04479199999999928,138096000.0,4.76114296596899,0
1999-02-24,0.045376468000000614,0.04947899999999983,0.05468799900000043,0.0483070019999996,0.05260400100000062,612768000.0,7.954969300612436,0
1999-02-25,0.04394397099999914,0.04791700100000007,0.05312500099999973,0.04713499900000073,0.05156299799999964,149136000.00000006,-3.1568928232179383,0
1999-02-26,0.041913561999999516,0.04570300099999969,0.05000000100000079,0.04531300100000024,0.048438000999999176,172608000.0,-4.62048950016718,0
1999-03-01,0.042152903999999936,0.04596399899999959,0.04791700100000007,0.04374999899999921,0.046875,92160000.0,0.5710740964252947,0
1999-03-02,0.04179431899999919,0.0455729999999992,0.04609400000000008,0.04479199999999928,0.04583299899999993,55248000.0,-0.85066358129543,0
1999-03-03,0.03892844900000014,0.04244799900000018,0.04583299899999993,0.04218799999999945,0.04583299899999993,61392000.0,-6.857132512671981,0
1999-03-04,0.03809205099999957,0.041536000000000683,0.04479199999999928,0.04114599899999938,0.04453099899999913,57360000.0,-2.14850881427886,0
1999-03-05,0.04024171100000018,0.04388000099999978,0.04400999799999994,0.0419269989999993,0.0419269989999993,78767999.99999994,5.643299788135603,0
1999-03-08,0.04083871799999983,0.04453099899999913,0.04583299899999993,0.0419269989999993,0.04270799799999914,75887999.99999994,1.4835870217960956,0
1999-03-09,0.042152903999999936,0.04596399899999959,0.04661500099999927,0.04440100100000066,0.04440100100000066,143184000.0,3.2179830504139195,0
1999-03-10,0.0414357410000008,0.04518200100000058,0.04661500099999927,0.04453099899999913,0.04661500099999927,235344000.0,-1.7013271625908821,0
1999-03-11,0.039644685000000734,0.0432289990000001,0.04518200100000058,0.0432289990000001,0.04440100100000066,54288000.0,-4.322522147702134,0
1999-03-12,0.03892844900000014,0.04244799900000018,0.04349000000000025,0.04166699900000026,0.04349000000000025,90768000.0,-1.8066576096291254,0
1999-03-15,0.04060027699999935,0.04427100000000017,0.04479199999999928,0.0432289990000001,0.04349000000000025,108816000.0,4.294668872377239,0
1999-03-16,0.03928700099999993,0.04283899800000057,0.04505199900000001,0.04244799900000018,0.04453099899999913,79152000.0,-3.2346276343430125,0
1999-03-17,0.039525456999999875,0.04309900099999986,0.04400999799999994,0.04205699999999979,0.0432289990000001,51360000.0,0.606930628956337,0
1999-03-18,0.04000325500000024,0.043620002000000824,0.04427100000000017,0.04218799999999945,0.0432289990000001,46320000.0,1.2088470449697963,0
1999-03-19,0.04012247200000019,0.04374999899999921,0.04505199900000001,0.04349000000000025,0.04349000000000025,105312000.0,0.29802153608338156,0
1999-03-22,0.03892844900000014,0.04244799900000018,0.04479199999999928,0.04244799900000018,0.04466099999999962,36672000.0,-2.976000068022855,0
1999-03-23,0.03654033299999959,0.03984399900000035,0.04270799799999914,0.03906299900000043,0.04270799799999914,163967999.99999994,-6.134564788318997,0
1999-03-24,0.036300983000000286,0.03958300100000045,0.03984399900000035,0.03802099800000036,0.03958300100000045,60864000.0,-0.6550497102462027,0
1999-03-25,0.0367787849999992,0.04010400199999964,0.04166699900000026,0.03932299799999939,0.03945299999999996,40320000.0,1.3162241033720434,0
1999-03-26,0.04000325500000024,0.043620002000000824,0.04374999899999921,0.04062499900000027,0.04062499900000027,88272000.00000006,8.767204829084129,0
1999-03-29,0.041197304000000656,0.04492200199999985,0.04596399899999959,0.0441409979999996,0.04492200199999985,65952000.0,2.9848691891394274,0
1999-03-30,0.03773438200000001,0.04114599899999938,0.0454429980000004,0.04088500099999948,0.04505199900000001,69504000.0,-8.405687262112671,0
1999-03-31,0.040360913000000664,0.04400999799999994,0.04453099899999913,0.04049500100000003,0.04244799900000018,153600000.0,6.960577138982571,0
1999-04-01,0.03916688300000004,0.04270799799999914,0.04427100000000017,0.0419269989999993,0.04400999799999994,30432000.0,-2.9584186756836606,0
1999-04-05,0.0379728410000002,0.04140599800000011,0.0432289990000001,0.04114599899999938,0.04218799999999945,98640000.00000006,-3.048609302641625,0
1999-04-06,0.037018139000000616,0.04036499899999946,0.0419269989999993,0.03958300100000045,0.04179700100000083,69696000.0,-2.514126093519109,0
1999-04-07,0.04012247200000019,0.04374999899999921,0.04400999799999994,0.04036499899999946,0.04062499900000027,89280000.0,8.385978158949037,0
1999-04-08,0.04083871799999983,0.04453099899999913,0.04583299899999993,0.04349000000000025,0.04400999799999994,130127999.99999994,1.7851428979461348,0
1999-04-09,0.04012247200000019,0.04374999899999921,0.04479199999999928,0.04349000000000025,0.04479199999999928,48624000.0,-1.7538344468759903,0
1999-04-12,0.038450631999999985,0.0419269989999993,0.0432289990000001,0.04114599899999938,0.0432289990000001,33312000.0,-4.1668572380995865,0
1999-04-13,0.036898005999999484,0.0402339989999998,0.04270799799999914,0.03958300100000045,0.04270799799999914,36144000.0,-4.037970855009199,0
1999-04-14,0.03582410099999933,0.03906299900000043,0.041016000999999136,0.03906299900000043,0.04010400199999964,48288000.0,-2.910473801025837,0
1999-04-15,0.0367787849999992,0.04010400199999964,0.04010400199999964,0.03906299900000043,0.04010400199999964,35856000.0,2.6649336370717425,0
1999-04-16,0.0379728410000002,0.04140599800000011,0.04205699999999979,0.03984399900000035,0.03984399900000035,38928000.0,3.24654881076456,0
1999-04-19,0.036300983000000286,0.03958300100000045,0.0419269989999993,0.03906299900000043,0.0419269989999993,31296000.0,-4.402736531069729,0
1999-04-20,0.035584737000000644,0.03880200200000061,0.04114599899999938,0.03841099899999989,0.03958300100000045,67680000.0,-1.9730666707155398,0
1999-04-21,0.03618175899999976,0.03945299999999996,0.03958300100000045,0.03854199899999955,0.03880200200000061,37488000.0,1.6777433288107213,0
1999-04-22,0.034629135999999505,0.03776000100000054,0.03958300100000045,0.03736999999999924,0.03958300100000045,227184000.0,-4.2911793779940695,0
1999-04-23,0.032958195000000856,0.03593799799999964,0.03776000100000054,0.03567700099999982,0.03762999899999997,126048000.0,-4.825219681535497,0
1999-04-26,0.031286348000000075,0.03411500200000006,0.03645800099999974,0.03333300000000072,0.03593799799999964,123503999.99999994,-5.07261422853883,0
1999-04-27,0.034629135999999505,0.03776000100000054,0.03802099800000036,0.03437500100000079,0.0348960009999999,226944000.0,10.68444609793664,0
1999-04-28,0.03439070299999969,0.03750000099999973,0.03802099800000036,0.03632799899999917,0.03802099800000036,120095999.99999994,-0.6885593037987525,0
1999-04-29,0.03439070299999969,0.03750000099999973,0.03776000100000054,0.03671900199999989,0.03762999899999997,48144000.0,0.0,0
1999-04-30,0.03486850100000005,0.03802099800000036,0.03958300100000045,0.03762999899999997,0.0378910010000002,99312000.0,1.3893252962846603,0
1999-05-03,0.0351069380000002,0.03828100099999965,0.03841099899999989,0.03723999900000052,0.03841099899999989,33840000.0,0.6838405451640162,0
1999-05-04,0.03319664300000014,0.0361980010000007,0.03828100099999965,0.03541700200000086,0.03828100099999965,96048000.00000006,-5.441341515599351,0
1999-05-05,0.03391290499999933,0.03697900100000062,0.03697900100000062,0.03437500100000079,0.03645800099999974,144576000.0,2.157577707122549,0
1999-05-06,0.033256258999999844,0.036262999999999934,0.03750000099999973,0.03515600000000063,0.03671900199999989,35616000.0,-1.9362367306785866,0
1999-05-07,0.03343508799999917,0.03645800099999974,0.03671900199999989,0.03515600000000063,0.03515600000000063,25008000.0,0.5377409480737949,0
1999-05-10,0.03343508799999917,0.03645800099999974,0.03723999900000052,0.0361980010000007,0.0361980010000007,19680000.0,0.0,0
1999-05-11,0.03522616599999928,0.03841099899999989,0.03958300100000045,0.03723999900000052,0.03802099800000036,171744000.0,5.356843344208606,0
1999-05-12,0.036300983000000286,0.03958300100000045,0.03971400100000011,0.03828100099999965,0.03880200200000061,168480000.0,3.0512145752835007,0
1999-05-13,0.036300983000000286,0.03958300100000045,0.04062499900000027,0.03945299999999996,0.03958300100000045,69936000.00000006,0.0,0
1999-05-14,0.03439070299999969,0.03750000099999973,0.03958300100000045,0.03697900100000062,0.03958300100000045,28464000.0,-5.262359971140141,0
1999-05-17,0.036062531000000675,0.03932299799999939,0.03932299799999939,0.03684900000000013,0.03697900100000062,35760000.0,4.861325203697997,0
1999-05-18,0.03773438200000001,0.04114599899999938,0.04166699900000026,0.03854199899999955,0.03971400100000011,151536000.0,4.63596646420501,0
1999-05-19,0.036062531000000675,0.03932299799999939,0.04453099899999913,0.03867200000000004,0.04296899999999937,451728000.0,-4.430566869940389,0
1999-05-20,0.03319664300000014,0.0361980010000007,0.03958300100000045,0.03476599999999941,0.03958300100000045,178176000.0,-7.94699580128656,0
1999-05-21,0.03248041900000054,0.03541700200000086,0.03567700099999982,0.03437500100000079,0.03567700099999982,303504000.0,-2.1575749445390535,0
1999-05-24,0.03236026699999961,0.03528600199999943,0.03645800099999974,0.03476599999999941,0.03567700099999982,162624000.0,-0.36987885084119876,0
1999-05-25,0.032599632000000156,0.035546998999999246,0.03593799799999964,0.03515600000000063,0.03541700200000086,130080000.0,0.7396615802493178,0
1999-05-26,0.03248041900000054,0.03541700200000086,0.03723999900000052,0.03541700200000086,0.03541700200000086,104736000.0,-0.3657045704477002,0
1999-05-27,0.032241035000000196,0.03515600000000063,0.03567700099999982,0.03515600000000063,0.03567700099999982,82320000.0,-0.7369398460095655,0
1999-05-28,0.032599632000000156,0.035546998999999246,0.03567700099999982,0.03515600000000063,0.03567700099999982,88656000.0,1.1121828421891022,0
1999-06-01,0.03271884800000002,0.03567700099999982,0.03567700099999982,0.0348960009999999,0.03541700200000086,98543999.99999994,0.3657186363327014,0
1999-06-02,0.0315248110000006,0.03437500100000079,0.03567700099999982,0.03437500100000079,0.03567700099999982,130127999.99999994,-3.6494098817330456,0
1999-06-03,0.03236026699999961,0.03528600199999943,0.035546998999999246,0.0348960009999999,0.03528600199999943,41568000.0,2.650184650176435,0
1999-06-04,0.032599632000000156,0.035546998999999246,0.03567700099999982,0.03528600199999943,0.035546998999999246,78912000.0,0.7396615802493178,0
1999-06-07,0.032958195000000856,0.03593799799999964,0.03645800099999974,0.03567700099999982,0.03574200000000083,125136000.0,1.0999493937589477,0
1999-06-08,0.03379365800000045,0.03684900000000013,0.03750000099999973,0.03593799799999964,0.03606800000000021,153312000.0,2.5349269594817203,0
1999-06-09,0.03439070299999969,0.03750000099999973,0.03828100099999965,0.03697900100000062,0.03697900100000062,95184000.00000006,1.7666720942223657,0
1999-06-10,0.03450991200000075,0.03762999899999997,0.03776000100000054,0.03723999900000052,0.03750000099999973,36096000.0,0.34666132408902595,0
1999-06-11,0.03379365800000045,0.03684900000000013,0.03776000100000054,0.035546998999999246,0.03762999899999997,61008000.0,-2.0754690958136868,0
1999-06-14,0.03248041900000054,0.03541700200000086,0.03697900100000062,0.03515600000000063,0.03691399799999928,51648000.0,-3.886124453852202,0
1999-06-15,0.03248041900000054,0.03541700200000086,0.03567700099999982,0.0348960009999999,0.03541700200000086,49296000.0,0.0,0
1999-06-16,0.03343508799999917,0.03645800099999974,0.03750000099999973,0.03541700200000086,0.03593799799999964,64415999.99999994,2.939263464479547,0
1999-06-17,0.03248041900000054,0.03541700200000086,0.03671900199999989,0.03541700200000086,0.0361980010000007,74928000.0,-2.8553375704827966,0
1999-06-18,0.031286348000000075,0.03411500200000006,0.03567700099999982,0.03411500200000006,0.03567700099999982,158736000.0,-3.6762004869864584,0
1999-06-21,0.032958195000000856,0.03593799799999964,0.03593799799999964,0.034212001000000214,0.03515600000000063,83472000.0,5.343678420420428,0
1999-06-22,0.03236026699999961,0.03528600199999943,0.03593799799999964,0.034504997999999176,0.03593799799999964,193056000.0,-1.8142245987102568,0
1999-06-23,0.032958195000000856,0.03593799799999964,0.03593799799999964,0.034504997999999176,0.0348960009999999,210912000.0,1.847746877076073,0
1999-06-24,0.032241035000000196,0.03515600000000063,0.0361980010000007,0.0348960009999999,0.0361980010000007,115199999.99999994,-2.1759642815940894,0
1999-06-25,0.03271884800000002,0.03567700099999982,0.03606800000000021,0.0348960009999999,0.0348960009999999,73536000.0,1.481968938445788,0
1999-06-28,0.03319664300000014,0.0361980010000007,0.03684900000000013,0.03541700200000086,0.03684900000000013,109152000.0,1.4603245379285035,0
1999-06-29,0.033555235999999766,0.036588999999999317,0.037108999000000864,0.0361980010000007,0.03671900199999989,92688000.0,1.080167382723718,0
1999-06-30,0.03654033299999959,0.03984399900000035,0.03984399900000035,0.03697900100000062,0.03776000100000054,269232000.0,8.896113586050447,0
1999-07-01,0.034629135999999505,0.03776000100000054,0.03984399900000035,0.03567700099999982,0.03984399900000035,88992000.0,-5.230393666057454,0
1999-07-02,0.03713736299999937,0.04049500100000003,0.04049500100000003,0.03750000099999973,0.03828100099999965,224880000.0,7.2431142149599115,0
1999-07-06,0.03725658399999965,0.04062499900000027,0.04088500099999948,0.04010400199999964,0.04088500099999948,198096000.0,0.32102234051061274,0
1999-07-07,0.03654033299999959,0.03984399900000035,0.04088500099999948,0.03984399900000035,0.04088500099999948,63120000.0,-1.9224615857836747,0
1999-07-08,0.037375811000000425,0.04075500000000076,0.04140599800000011,0.03880200200000061,0.04010400199999964,186048000.0,2.2864195935754283,0
1999-07-09,0.0405406579999994,0.04420600099999916,0.04453099899999913,0.04062499900000027,0.04062499900000027,211728000.0,8.467675131885667,0
1999-07-12,0.04239133699999975,0.04622400200000065,0.0481770000000008,0.04505199900000001,0.046875,401040000.0,4.56499333653817,0
1999-07-13,0.04251056500000061,0.04635399999999912,0.04700500100000049,0.04427100000000017,0.04674499899999951,138864000.0,0.2812348441833201,0
1999-07-14,0.04083871799999983,0.04453099899999913,0.04739600000000088,0.04427100000000017,0.04635399999999912,137952000.00000006,-3.9327803425809993,0
1999-07-15,0.04107808700000071,0.04479199999999928,0.04635399999999912,0.04479199999999928,0.04492200199999985,137040000.00000006,0.5861108123803804,0
1999-07-16,0.041913561999999516,0.04570300099999969,0.04609400000000008,0.04479199999999928,0.0455729999999992,103872000.0,2.033847562064661,0
1999-07-19,0.04083871799999983,0.04453099899999913,0.04596399899999959,0.04427100000000017,0.04583299899999993,43632000.0,-2.5643874020438995,0
1999-07-20,0.04012247200000019,0.04374999899999921,0.04453099899999913,0.04218799999999945,0.04453099899999913,178752000.0,-1.7538344468759903,0
1999-07-21,0.03892844900000014,0.04244799900000018,0.0432289990000001,0.04114599899999938,0.0432289990000001,112080000.00000006,-2.976000068022855,0
1999-07-22,0.03713736299999937,0.04049500100000003,0.04218799999999945,0.04010400199999964,0.04218799999999945,213264000.0,-4.6009188795919425,0
1999-07-23,0.03713736299999937,0.04049500100000003,0.04166699900000026,0.04036499899999946,0.04036499899999946,80256000.00000006,0.0,0
1999-07-26,0.03725658399999965,0.04062499900000027,0.041536000000000683,0.04062499900000027,0.041536000000000683,60528000.0,0.32102234051061274,0
1999-07-27,0.037375811000000425,0.04075500000000076,0.04088500099999948,0.04010400199999964,0.04062499900000027,98591999.99999994,0.32000246941543686,0
1999-07-28,0.0379728410000002,0.04140599800000011,0.0419269989999993,0.04049500100000003,0.04062499900000027,244224000.0,1.5973451110293135,0
1999-07-29,0.038331419000000366,0.04179700100000083,0.0419269989999993,0.04036499899999946,0.04062499900000027,388800000.0,0.944314879211472,0
1999-07-30,0.038450631999999985,0.0419269989999993,0.04296899999999937,0.04166699900000026,0.04179700100000083,452304000.0,0.31102231473496555,0
1999-08-02,0.038809224999999614,0.04231800099999994,0.04244799900000018,0.04166699900000026,0.0419269989999993,313344000.0,0.9325780745719436,0
1999-08-03,0.03785361699999967,0.04127599999999987,0.04231800099999994,0.04088500099999948,0.04231800099999994,255216000.0,-2.4623114877283525,0
1999-08-04,0.03785361699999967,0.04127599999999987,0.04166699900000026,0.04114599899999938,0.041536000000000683,89951999.99999994,0.0,0
1999-08-05,0.038450631999999985,0.0419269989999993,0.0419269989999993,0.04062499900000027,0.04127599999999987,240576000.0,1.5771852892722205,0
1999-08-06,0.038450631999999985,0.0419269989999993,0.04205699999999979,0.04166699900000026,0.04179700100000083,183984000.0,0.0,0
1999-08-09,0.038450631999999985,0.0419269989999993,0.04244799900000018,0.04166699900000026,0.04205699999999979,31056000.0,0.0,0
1999-08-10,0.03916688300000004,0.04270799799999914,0.04453099899999913,0.0419269989999993,0.04218799999999945,212064000.0,1.8627591256889175,0
1999-08-11,0.04179431899999919,0.0455729999999992,0.04609400000000008,0.04296899999999937,0.04349000000000025,197712000.0,6.708350037854749,0
1999-08-12,0.0438238309999992,0.04778600100000041,0.04895800000000072,0.0455729999999992,0.04583299899999993,239616000.0,4.855947600552968,0
1999-08-13,0.04334694099999936,0.04726599900000039,0.0483070019999996,0.046875,0.04739600000000088,84672000.0,-1.088188986561145,0
1999-08-16,0.04167510199999924,0.0454429980000004,0.04765599999999992,0.04388000099999978,0.04765599999999992,223440000.0,-3.856897216961408,0
1999-08-17,0.04179431899999919,0.0455729999999992,0.04635399999999912,0.04440100100000066,0.0455729999999992,193536000.0,0.286077076164748,0
1999-08-18,0.04274994100000029,0.04661500099999927,0.04713499900000073,0.0441409979999996,0.04505199900000001,279888000.0,2.2864437276457483,0
1999-08-19,0.05182450600000088,0.05651000099999948,0.05911500000000025,0.0481770000000008,0.04986999900000022,1966992000.0,21.227072375263912,0
1999-08-20,0.05134761000000054,0.05598999899999946,0.05703099800000011,0.05390600099999965,0.056641000999999136,353088000.0,-0.9201946395293814,0
1999-08-23,0.04824235299999913,0.05260400100000062,0.05520800100000045,0.05078100000000063,0.05520800100000045,507984000.0,-6.0475050196018065,0
1999-08-24,0.048003900999999516,0.05234400199999989,0.05286499900000052,0.04921900100000087,0.0518230010000007,398064000.0,-0.4942570813197156,0
1999-08-25,0.04776455100000021,0.05208300099999974,0.05299499999999924,0.05000000100000079,0.05247400000000013,350352000.0,-0.4986263755683118,0
1999-08-26,0.04704832700000061,0.05130200099999982,0.05286499900000052,0.0505210009999999,0.05208300099999974,275376000.0,-1.4995295681982657,0
1999-08-27,0.049675743999999966,0.05416699899999955,0.05624999900000027,0.05208300099999974,0.05234400199999989,552384000.0,5.5845735919735295,0
1999-08-30,0.04949600600000004,0.05397100000000066,0.05612000100000003,0.05169300000000021,0.05507799999999996,158640000.0,-0.36184208765193127,0
1999-08-31,0.05373570000000072,0.05859399999999937,0.0588539990000001,0.05312500099999973,0.05416699899999955,786864000.0,8.56571121528229,0
1999-09-01,0.051227465000000194,0.0558589989999998,0.05859399999999937,0.05494799799999939,0.05859399999999937,565344000.0,-4.667715124415473,0
1999-09-02,0.050630446999999634,0.05520800100000045,0.05546899900000035,0.05286499900000052,0.05403599899999989,341088000.0,-1.1654308377420097,0
1999-09-03,0.05098902099999947,0.05559900000000084,0.05703099800000011,0.05520800100000045,0.05624999900000027,258864000.0,0.7082288670441139,0
1999-09-07,0.05075059500000023,0.05533900100000011,0.05651000099999948,0.05507799999999996,0.05651000099999948,124416000.00000006,-0.46763251137611483,0
1999-09-08,0.050630446999999634,0.05520800100000045,0.0558589989999998,0.05520800100000045,0.05546899900000035,170064000.0,-0.23672274098334167,0
1999-09-09,0.04991420400000024,0.05442700200000061,0.05612000100000003,0.05338500100000054,0.05572900199999964,209472000.0,-1.4146482137616156,0
1999-09-10,0.050630446999999634,0.05520800100000045,0.05598999899999946,0.05494799799999939,0.05533900100000011,167423999.99999994,1.4349476754203616,0
1999-09-13,0.04895858499999939,0.05338500100000054,0.05546899900000035,0.05286499900000052,0.05546899900000035,174432000.0,-3.3020576129898283,0
1999-09-14,0.047526114000000064,0.0518230010000007,0.05338500100000054,0.05156299799999964,0.05338500100000054,250368000.0,-2.9259154645328245,0
1999-09-15,0.047884679999999236,0.052213999999999317,0.05286499900000052,0.05078100000000063,0.051171998999999246,212736000.0,0.7544893048551993,0
1999-09-16,0.04668971899999974,0.05091100199999943,0.05208300099999974,0.05025999999999975,0.05156299799999964,158112000.0,-2.4954954609874846,0
1999-09-17,0.046570516999999256,0.05078100000000063,0.05104200200000086,0.04895800000000072,0.05058599999999913,171648000.0,-0.25535148571618205,0
1999-09-20,0.04489865899999934,0.04895800000000072,0.0505210009999999,0.04895800000000072,0.04986999900000022,229104000.0,-3.589925365786417,0
1999-09-21,0.04060027699999935,0.04427100000000017,0.0481770000000008,0.043620002000000824,0.04791700100000007,737328000.0,-9.573511989868877,0
1999-09-22,0.04155587800000049,0.04531300100000024,0.0455729999999992,0.04166699900000026,0.04427100000000017,375984000.0,2.353687515529357,0
1999-09-23,0.03809205099999957,0.041536000000000683,0.0455729999999992,0.04114599899999938,0.0454429980000004,379584000.0,-8.335358322438191,0
1999-09-24,0.034629135999999505,0.03776000100000054,0.04270799799999914,0.0348960009999999,0.04166699900000026,684912000.0,-9.090906683359002,0
1999-09-27,0.0367787849999992,0.04010400199999964,0.04088500099999948,0.03776000100000054,0.0402339989999998,432000000.0,6.207629602552167,0
1999-09-28,0.04012247200000019,0.04374999899999921,0.04427100000000017,0.04010400199999964,0.04016900100000065,413184000.0,9.091354523670736,0
1999-09-29,0.036898005999999484,0.0402339989999998,0.04635399999999912,0.03958300100000045,0.04466099999999962,594048000.0,-8.036571612264487,0
1999-09-30,0.0367787849999992,0.04010400199999964,0.04296899999999937,0.03958300100000045,0.04166699900000026,342528000.0,-0.32310235927579534,0
1999-10-01,0.03654033299999959,0.03984399900000035,0.04088500099999948,0.03776000100000054,0.03945299999999996,347760000.0,-0.6483218308237726,0
1999-10-04,0.03725658399999965,0.04062499900000027,0.04127599999999987,0.04010400199999964,0.04114599899999938,177600000.0,1.9601446129942968,0
1999-10-05,0.04083871799999983,0.04453099899999913,0.04479199999999928,0.04062499900000027,0.04062499900000027,478080000.0,9.614769467440487,0
1999-10-06,0.04573502799999929,0.04986999900000022,0.05208300099999974,0.04427100000000017,0.04466099999999962,1508736000.0,11.989400911486392,0
1999-10-07,0.04274994100000029,0.04661500099999927,0.05195299899999917,0.04635399999999912,0.05195299899999917,487296000.0,-6.5269662427705155,0
1999-10-08,0.04489865899999934,0.04895800000000072,0.05039099999999941,0.04479199999999928,0.04661500099999927,398928000.0,5.0262768416544645,0
1999-10-11,0.04370461399999925,0.04765599999999992,0.04947899999999983,0.04635399999999912,0.04934899899999934,544464000.0,-2.6594223620245994,0
1999-10-12,0.04310759200000014,0.04700500100000049,0.048438000999999176,0.046875,0.04791700100000007,322992000.0,-1.366037854624813,0
1999-10-13,0.041913561999999516,0.04570300099999969,0.04648400099999961,0.04479199999999928,0.04648400099999961,280368000.0,-2.7699180348916497,0
1999-10-14,0.04107808700000071,0.04479199999999928,0.04583299899999993,0.04427100000000017,0.04583299899999993,192336000.0,-1.9933067414982242,0
1999-10-15,0.04083871799999983,0.04453099899999913,0.04479199999999928,0.04244799900000018,0.042578001000000754,210720000.0,-0.5826955706376036,0
1999-10-18,0.0386899930000002,0.04218799999999945,0.04466099999999962,0.0419269989999993,0.04466099999999962,215184000.0,-5.261501095001253,0
1999-10-19,0.03713736299999937,0.04049500100000003,0.04349000000000025,0.03971400100000011,0.04349000000000025,308928000.0,-4.012987105338017,0
1999-10-20,0.038450631999999985,0.0419269989999993,0.04244799900000018,0.04049500100000003,0.04114599899999938,348720000.0,3.5362340156504635,0
1999-10-21,0.04024171100000018,0.04388000099999978,0.04388000099999978,0.04062499900000027,0.04179700100000083,382128000.0,4.658101096145706,0
1999-10-22,0.041197304000000656,0.04492200199999985,0.04622400200000065,0.04374999899999921,0.04374999899999921,286752000.0,2.3746603834398305,0
1999-10-25,0.03916688300000004,0.04270799799999914,0.04531300100000024,0.04270799799999914,0.04466099999999962,213840000.0,-4.928551492429046,0
1999-10-26,0.04298836699999953,0.046875,0.048438000999999176,0.04427100000000017,0.04453099899999913,481248000.0,9.756959340496362,0
1999-10-27,0.04107808700000071,0.04479199999999928,0.04739600000000088,0.04400999799999994,0.04713499900000073,214128000.0,-4.443733333333332,0
1999-10-28,0.03916688300000004,0.04270799799999914,0.04583299899999993,0.04244799900000018,0.04505199900000001,222768000.0,-4.652621003750667,0
1999-10-29,0.042272120999999885,0.04609400000000008,0.046875,0.04296899999999937,0.0432289990000001,330528000.0,7.928262055271262,0
1999-11-01,0.04489865899999934,0.04895800000000072,0.05078100000000063,0.04531300100000024,0.04531300100000024,782544000.0,6.21339002907102,0
1999-11-02,0.04776455100000021,0.05208300099999974,0.05234400199999989,0.04947899999999983,0.04986999900000022,837504000.0,6.383024224845779,0
1999-11-03,0.0524215029999997,0.057161000000000683,0.05859399999999937,0.05377599999999916,0.05416699899999955,2011680000.0,9.749820291653322,0
1999-11-04,0.05576520400000007,0.06080700100000058,0.06236999899999951,0.05781299999999945,0.05781299999999945,1260336000.0,6.378476583684689,0
1999-11-05,0.053974133000000535,0.0588539990000001,0.06302099700000063,0.05598999899999946,0.0625,616368000.0,-3.211804509155125,0
1999-11-08,0.05552676299999959,0.06054700199999985,0.06224000099999927,0.05520800100000045,0.05703099800000011,470016000.0,2.876615062300192,0
1999-11-09,0.05469037599999993,0.05963499799999994,0.06067699900000001,0.05729199900000026,0.06041699999999928,272352000.0,-1.5062744147100848,0
1999-11-10,0.054213497999999305,0.05911500000000025,0.05989600000000017,0.05794300099999994,0.05983100099999916,144048000.0,-0.8719678333853564,0
1999-11-11,0.05803405900000058,0.06328099999999992,0.06640599700000038,0.05781299999999945,0.05911500000000025,562704000.0,7.047280724012528,0
1999-11-12,0.0611393230000008,0.06666699800000053,0.06666699800000053,0.06224000099999927,0.06601600299999966,501504000.0,5.350734027591231,0
1999-11-15,0.05994527000000005,0.06536500200000006,0.0691410010000002,0.06432300099999999,0.06712199699999921,362208000.0,-1.9529842936680586,0
1999-11-16,0.06567705400000001,0.07161500299999979,0.07291699900000026,0.06666699800000053,0.06692700099999982,723792000.0,9.561693274330496,0
1999-11-17,0.06818436800000072,0.07434900099999986,0.078125,0.07187499900000027,0.07291699900000026,786384000.0,3.8176330174837902,0
1999-11-18,0.06842280899999942,0.07460899700000034,0.07656300100000024,0.07395800199999947,0.07591099999999962,235968000.0,0.349696695991919,0
1999-11-19,0.08191680200000029,0.08932299900000018,0.09244800399999953,0.08333300099999974,0.08359400199999989,2165184000.0,19.721484796263923,0
1999-11-22,0.08179759199999914,0.08919300099999994,0.09166699600000072,0.08385399700000029,0.0916019979999998,540192000.0,-0.14553698538491977,0
1999-11-23,0.07594658400000043,0.08281300199999997,0.08372400000000013,0.07916700100000007,0.08007799800000015,553248000.0,-7.153026502606408,0
1999-11-24,0.07355757100000027,0.08020800399999928,0.08333300099999974,0.07408899800000057,0.08242200299999958,406848000.0,-3.1456388937572854,0
1999-11-26,0.07308066599999918,0.0796879980000007,0.08020800399999928,0.07708299899999993,0.07942699600000047,71760000.0,-0.6483218308237726,0
1999-11-29,0.07045324899999983,0.07682300399999953,0.08046899700000054,0.07500000299999954,0.07942699600000047,298608000.0,-3.595264119949404,0
1999-11-30,0.06615394399999985,0.07213500099999948,0.07838500299999929,0.07213500099999948,0.07708299899999993,314688000.0,-6.102342730570642,0
1999-12-01,0.06949765999999968,0.07578100299999946,0.07682300399999953,0.07213500099999948,0.07213500099999948,223536000.0,5.054414569149301,0
1999-12-02,0.0746323689999997,0.08138000199999951,0.08242200299999958,0.07604199600000072,0.07604199600000072,309888000.0,7.388393896026968,0
1999-12-03,0.07284133099999934,0.07942699600000047,0.08359400199999989,0.07838500299999929,0.08216100199999943,342768000.0,-2.399859857462283,0
1999-12-06,0.07487176399999917,0.08164100299999966,0.08203099700000038,0.0796879980000007,0.0796879980000007,178608000.0,2.7874741731388264,0
1999-12-07,0.07236351799999952,0.07890599999999992,0.08242200299999958,0.07578100299999946,0.08229199800000053,186384000.0,-3.3500360107040827,0
1999-12-08,0.07558801799999948,0.08242200299999958,0.0832030029999995,0.07838500299999929,0.07864599700000063,201696000.0,4.45593871188501,0
1999-12-09,0.07331913700000037,0.07994800099999999,0.08437500099999973,0.07708299899999993,0.08229199800000053,214944000.0,-3.0016280968080733,0
1999-12-10,0.07248274200000004,0.07903599700000008,0.0817710009999999,0.07760400299999937,0.08138000199999951,98303999.99999994,-1.1407464709467963,0
1999-12-13,0.07224431600000081,0.07877600199999968,0.08085899800000007,0.07708299899999993,0.078125,183840000.0,-0.3289577026528767,0
1999-12-14,0.07105025599999948,0.07747399800000032,0.08085899800000007,0.0766929980000004,0.07890599999999992,273888000.0,-1.6527926867880294,0
1999-12-15,0.06878140599999938,0.07500000299999954,0.07734400000000008,0.07317700199999955,0.07695300099999969,205968000.0,-3.193323003674098,0
1999-12-16,0.06830360000000013,0.0744789990000001,0.07656300100000024,0.07421900299999962,0.07539100199999993,132576000.0,-0.6946719722131123,0
1999-12-17,0.0718857419999992,0.07838500299999929,0.0795570019999996,0.07617200199999985,0.07656300100000024,262080000.0,5.244436757266291,0
1999-12-20,0.07785689800000029,0.08489599800000036,0.0864259969999992,0.07578100299999946,0.07851599900000039,402432000.0,8.30642948371132,0
1999-12-21,0.08120055500000056,0.08854199900000026,0.0886719970000005,0.0817710009999999,0.08489599800000036,388368000.0,4.294667694465404,0
1999-12-22,0.08311082400000025,0.09062500299999954,0.09166699600000072,0.0854170019999998,0.08880200199999955,251184000.0,2.352560393401548,0
1999-12-23,0.0886041819999992,0.09661500200000006,0.09687499700000046,0.09036500000000025,0.09075500099999978,280224000.0,6.6096538501631885,0
1999-12-27,0.08526051800000012,0.09296900000000008,0.0988280029999995,0.09192699900000001,0.09869799800000045,202416000.0,-3.7737431294572743,0
1999-12-28,0.08502113099999953,0.09270799899999993,0.09635399999999983,0.09244800399999953,0.09296900000000008,179184000.0,-0.28073981649796576,0
1999-12-29,0.08788704100000011,0.09583300399999928,0.09687499700000046,0.09244800399999953,0.09251300200000045,132143999.99999994,3.3708040662165484,0
1999-12-30,0.0886041819999992,0.09661500200000006,0.09726600299999966,0.09427099700000063,0.09583300399999928,139776000.0,0.816000717247678,0
1999-12-31,0.08967809399999993,0.09778600199999943,0.09791699800000053,0.09609399700000054,0.09641899900000084,127344000.0,1.2120270928525079,0
2000-01-03,0.08943966000000003,0.09752599900000014,0.09921900199999989,0.09192699900000001,0.09843800199999997,300912000.0,-0.2658897947376948,0
2000-01-04,0.08705156299999928,0.09492199900000031,0.09609399700000054,0.0901039990000001,0.09583300399999928,300480000.0,-2.6700572428896563,0
2000-01-05,0.08418565999999927,0.09179700199999985,0.09375,0.09049499800000049,0.09218800100000024,188352000.0,-3.2921736087753506,0
2000-01-06,0.07869233899999983,0.08580700299999933,0.09179700199999985,0.08229199800000053,0.09179700199999985,120480000.0,-6.525266478746216,0
2000-01-07,0.08000651000000047,0.08724000299999979,0.08815099999999987,0.08411499900000052,0.0854170019999998,71184000.0,1.6700268624927794,0
2000-01-10,0.08263304099999935,0.0901039990000001,0.09375,0.08593799900000043,0.08749999900000027,239856000.0,3.2828930553796543,0
2000-01-11,0.07928936899999961,0.0864579980000002,0.09062500299999954,0.0864579980000002,0.08958300199999947,148128000.0,-4.046436385137586,0
2000-01-12,0.07725983899999989,0.08424499600000068,0.08658900100000011,0.08307299800000045,0.0864579980000002,123551999.99999994,-2.559626698735251,0
2000-01-13,0.08048342200000036,0.08776000099999948,0.08854199900000026,0.08307299800000045,0.08411499900000052,132192000.00000006,4.172360575576506,0
2000-01-14,0.08394633200000001,0.09153599999999962,0.0951820019999996,0.08880200199999955,0.08906300399999978,604560000.0,4.302642384883293,0
2000-01-18,0.08752939899999923,0.09544300299999975,0.09583300399999928,0.08854199900000026,0.09270799899999993,261648000.0,4.268269314805084,0
2000-01-19,0.08669299600000002,0.09453099999999992,0.09583300399999928,0.09375,0.09583300399999928,164688000.0,-0.955547259970424,0
2000-01-20,0.08645454800000074,0.09427099700000063,0.10052099800000036,0.09348999700000071,0.0953129980000007,179568000.0,-0.2750452232601064,0
2000-01-21,0.08549895099999993,0.09322900299999937,0.09440100199999968,0.09088499799999994,0.09401000299999929,544272000.0,-1.1053176832318767,0
2000-01-24,0.08167836800000039,0.08906300399999978,0.09622400299999967,0.08854199900000026,0.09622400299999967,256944000.0,-4.468565431296101,0
2000-01-25,0.08096120499999948,0.08828099800000011,0.09036500000000025,0.0854170019999998,0.08945299700000042,237120000.0,-0.8780368557970486,0
2000-01-26,0.07761750399999912,0.08463499700000021,0.09062500299999954,0.08307299800000045,0.08828099800000011,232464000.0,-4.129995222754501,0
2000-01-27,0.07355757100000027,0.08020800399999928,0.08528599899999989,0.07708299899999993,0.08528599899999989,458208000.0,-5.230688434950858,0
2000-01-28,0.07140887499999948,0.07786499700000071,0.0796879980000007,0.07474000000000025,0.07916700100000007,194448000.0,-2.9211635786373535,0
2000-01-31,0.0708118449999997,0.07721400299999992,0.07994800099999999,0.07291699900000026,0.07825499800000024,182400000.0,-0.8360547422868403,0
2000-02-01,0.07248274200000004,0.07903599700000008,0.0796879980000007,0.0744789990000001,0.07734400000000008,92976000.0,2.3596678441862418,0
2000-02-02,0.07451316699999921,0.08124999700000046,0.08281300199999997,0.07903599700000008,0.07942699600000047,149039999.99999994,2.8012552305755056,0
2000-02-03,0.07570723399999935,0.08255200099999982,0.08554700000000004,0.08203099700000038,0.08385399700000029,108240000.0,1.6024665207064581,0
2000-02-04,0.07749828000000036,0.08450499899999997,0.08515600099999965,0.08281300199999997,0.08515600099999965,123696000.0,2.365779116607958,0
2000-02-07,0.07272208500000055,0.07929699900000031,0.08489599800000036,0.07916700100000007,0.08489599800000036,217488000.0,-6.162949010862651,0
2000-02-08,0.07618500999999966,0.08307299800000045,0.08593799900000043,0.07916700100000007,0.08124999700000046,468816000.0,4.761843509361552,0
2000-02-09,0.07809528700000001,0.08515600099999965,0.08763000399999932,0.0850260029999994,0.08619800199999972,589056000.0,2.507436893032322,0
2000-02-10,0.09409665299999936,0.10260400199999964,0.10416699900000026,0.09036500000000025,0.09036500000000025,970080000.0,20.489455581644812,0
2000-02-11,0.09553002600000049,0.10416699900000026,0.10781300100000024,0.09661500200000006,0.10768199700000025,423792000.0,1.523329470131185,0
2000-02-14,0.1108141689999993,0.12083300199999947,0.12083300199999947,0.10338500099999948,0.10442700199999955,650112000.0,15.999311835795528,0
2000-02-15,0.10651578799999939,0.11614599800000036,0.12122400099999986,0.11119800099999999,0.12109400299999962,450480000.0,-3.8789104983090628,0
2000-02-16,0.11141116199999956,0.12148399700000034,0.12552100399999944,0.11614599800000036,0.11744800199999972,1019568000.0,4.595938811425948,0
2000-02-17,0.11535187099999966,0.12578099999999992,0.1265629980000007,0.11953099800000011,0.1213539990000001,535776000.0,3.537093861012819,0
2000-02-18,0.12872667599999943,0.1403650049999996,0.1421879980000007,0.12304700199999985,0.12395799899999993,960864000.0,11.594759939895516,0
2000-02-22,0.12514360199999963,0.13645799500000066,0.13775999799999994,0.13124999399999915,0.13593800399999978,542496000.0,-2.7834644397298214,0
2000-02-23,0.12586075099999938,0.13723999299999967,0.1386719939999992,0.13320299999999996,0.13489599500000082,511392000.0,0.5730686575015298,0
2000-02-24,0.12466671299999987,0.13593800399999978,0.13893200499999914,0.13020800099999974,0.13802100700000075,244320000.0,-0.948695035272995,0
2000-02-25,0.1169045190000002,0.12747399500000078,0.13606800099999994,0.12187500299999954,0.13606800099999994,278736000.0,-6.226374340467733,0
2000-02-28,0.11606905600000061,0.1265629980000007,0.12812499700000046,0.12447900299999937,0.12682299299999933,517872000.0,-0.7146532122100591,0
2000-02-29,0.12227769899999963,0.1333329980000002,0.13489599500000082,0.12578099999999992,0.12578099999999992,306048000.0,5.349114754693152,0
2000-03-01,0.11869555700000056,0.12942700099999982,0.1333329980000002,0.12734399700000054,0.1333329980000002,383568000.0,-2.9295051177053666,0
2000-03-02,0.11069496700000059,0.12070299700000042,0.13046899399999923,0.12031300399999978,0.13046899399999923,191040000.0,-6.740482227506773,0
2000-03-03,0.11248600499999917,0.12265600299999946,0.12395799899999993,0.11979199900000026,0.12083300199999947,273696000.0,1.6180261041902622,0
2000-03-06,0.11176974299999998,0.12187500299999954,0.13281300699999932,0.12083300199999947,0.12343800100000024,432096000.0,-0.6367401357437075,0
2000-03-07,0.15917666300000022,0.17356799500000086,0.18177099500000082,0.14947900199999964,0.15625,1952208000.0,42.414761622610996,0
2000-03-08,0.16048988700000066,0.17499999700000046,0.1765629949999994,0.1609379949999994,0.17347000500000043,668736000.0,0.8250380492094589,0
2000-03-09,0.19162675699999987,0.2089519949999996,0.22499999399999915,0.1765629949999994,0.17708300099999974,952944000.0,19.40114204687673,0
2000-03-10,0.22544981499999928,0.24583299500000066,0.3020829860000003,0.21822899600000056,0.2197919929999994,2161200000.0,17.65046560096255,0
2000-03-13,0.2851566969999997,0.31093800100000024,0.3125,0.22083300399999928,0.22291700499999934,2415168000.0,26.483428719566305,0
2000-03-14,0.2104040979999997,0.22942699500000074,0.30924498999999983,0.22499999399999915,0.30924498999999983,1567776000.0,-26.214552656109735,0
2000-03-15,0.20180641099999974,0.22005200399999936,0.25221401499999985,0.21250000600000085,0.24586600099999956,995616000.0,-4.086263257730415,0
2000-03-16,0.17992384699999953,0.1961909980000005,0.23489600399999944,0.19296899399999923,0.2270829980000002,750384000.0,-10.843348647713292,0
2000-03-17,0.19082069399999924,0.20807300499999926,0.22291700499999934,0.19163399900000044,0.19166700499999934,557616000.0,6.056346683143943,0
2000-03-20,0.19070145499999924,0.2079430070000008,0.22317700099999982,0.20130200700000067,0.21627600499999922,365280000.0,-0.062477109897074445,0
2000-03-21,0.1812674550000004,0.19765600600000077,0.21015599400000085,0.18125000600000085,0.20833300099999974,536640000.0,-4.947029067440589,0
2000-03-22,0.18258155900000084,0.19908900599999946,0.20520800399999928,0.1958329980000002,0.19921900299999962,230592000.0,0.7249969424152125,0
2000-03-23,0.18580517200000024,0.20260399600000056,0.21354199900000026,0.19687500600000085,0.19726599800000066,309408000.0,1.7655369679227872,0
2000-03-24,0.17804387199999994,0.1941410010000002,0.2104170019999998,0.1875,0.20130200700000067,231600000.0,-4.177111590632199,0
2000-03-27,0.16634093200000066,0.18138000399999932,0.20000000299999954,0.17968800699999932,0.19374999399999915,388944000.0,-6.57305614695991,0
2000-03-28,0.1539226469999999,0.16783900599999946,0.17708300099999974,0.1645829980000002,0.1751299950000007,393312000.0,-7.465540688818151,0
2000-03-29,0.14377236400000015,0.15677100399999944,0.17239600399999944,0.15000000600000085,0.16848999299999967,469440000.0,-6.594415841571433,0
2000-03-30,0.14293600599999934,0.1558589940000008,0.17031300100000024,0.14687499399999915,0.15208299500000066,361920000.0,-0.5817466092135182,0
2000-03-31,0.16141517500000013,0.17600899900000044,0.18307299900000018,0.1635420019999998,0.16650399599999943,962976000.0,12.928355613536159,0
2000-04-03,0.14878791599999985,0.16223999900000052,0.17499999700000046,0.1576820019999996,0.17441399400000002,329952000.0,-7.822895464566559,0
2000-04-04,0.14329455799999913,0.15625,0.17369799299999933,0.11874999900000027,0.1708330070000006,513792000.0,-3.692060550370191,0
2000-04-05,0.17517796199999935,0.19101600299999966,0.203125,0.1497399959999992,0.1578129980000007,639600000.0,22.25024192,0
2000-04-06,0.18329778300000044,0.1998700049999993,0.2100259960000006,0.19036500200000006,0.1998700049999993,404592000.0,4.635214778313634,0
2000-04-07,0.19595544000000054,0.2136719970000005,0.21875,0.20104199600000072,0.20989599800000036,318576000.0,6.905484392217831,0
2000-04-10,0.17864087200000078,0.1947920019999998,0.22994799900000018,0.1907549950000007,0.2173179980000004,395280000.0,-8.835970677056014,0
2000-04-11,0.168012783,0.18320299700000042,0.19791699900000026,0.16666699900000026,0.18121700000000018,457584000.0,-5.9494254800050665,0
2000-04-12,0.1505789610000008,0.16419300399999948,0.1875,0.1635420019999998,0.18346400599999946,313440000.0,-10.37646398328298,0
2000-04-13,0.1441300210000005,0.15716099700000008,0.17135399600000056,0.15442700700000067,0.16549499299999937,313296000.0,-4.2827689540292475,0
2000-04-14,0.13144306799999939,0.14332699799999915,0.15846400000000038,0.13645799500000066,0.1471350040000008,421920000.0,-8.802437795682849,0
2000-04-17,0.13815987099999916,0.1506509929999993,0.15625,0.13124999399999915,0.13124999399999915,294096000.0,5.109989815038207,0
2000-04-18,0.1626395580000004,0.17734399399999923,0.18697899600000056,0.1609379949999994,0.16582000300000033,477504000.0,17.71843681110021,0
2000-04-19,0.1548773800000003,0.16888000099999978,0.18541699600000072,0.16666699900000026,0.18294300099999994,278352000.0,-4.77264146876043,0
2000-04-20,0.15404190099999937,0.16796900299999962,0.1766930070000008,0.16562500600000085,0.1734379980000007,153935999.99999994,-0.5394350986532737,0
2000-04-24,0.14639891700000085,0.15963500700000033,0.1653649959999992,0.15130199500000074,0.15833300399999928,205968000.0,-4.961627354542319,0
2000-04-25,0.16240018599999928,0.17708300099999974,0.18229199900000026,0.16640600600000077,0.1667969970000005,249696000.0,10.929929673884132,0
2000-04-26,0.16072833499999994,0.17526000700000033,0.19374999399999915,0.17499999700000046,0.1894530060000008,254112000.0,-1.0294573672828156,0
2000-04-27,0.17386381300000053,0.18958300399999928,0.19140599700000038,0.16263000700000063,0.1635420019999998,280992000.0,8.172427495110156,0
2000-04-28,0.17028161900000072,0.18567700700000067,0.20000000299999954,0.18567700700000067,0.1925780029999995,179040000.0,-2.0603096889423633,0
2000-05-01,0.17577494700000074,0.19166700499999934,0.19687500600000085,0.1871089940000008,0.19270800099999974,119424000.0,3.226031104648297,0
2000-05-02,0.16896837900000072,0.1842450049999993,0.2028650049999996,0.17890599400000085,0.19166700499999934,234000000.0,-3.8723409905633055,0
2000-05-03,0.1662216480000005,0.18125000600000085,0.1890629980000007,0.16666699900000026,0.18307299900000018,329184000.0,-1.6255523453675202,0
2000-05-04,0.1682520959999998,0.18346400599999946,0.1911460009999999,0.17929700000000004,0.1808589989999998,241200000.0,1.221517200942901,0
2000-05-05,0.17601339500000002,0.19192700099999982,0.19635400199999964,0.1802079980000002,0.1826819929999992,170592000.0,4.612891206572689,0
2000-05-08,0.16956534999999917,0.18489600700000075,0.19374999399999915,0.18463499799999994,0.18697899600000056,185136000.0,-3.663368865957539,0
2000-05-09,0.16717727500000024,0.18229199900000026,0.18958300399999928,0.17708300099999974,0.18802100399999944,176832000.0,-1.4083635673105666,0
2000-05-10,0.15069820000000078,0.16432300199999972,0.1805990039999994,0.1627600040000008,0.18046900599999915,274080000.0,-9.857260383655131,0
2000-05-11,0.15714621499999915,0.17135399600000056,0.17434899500000078,0.16445299999999996,0.16666699900000026,245904000.0,4.27876433270129,0
2000-05-12,0.1523700209999994,0.16614599500000082,0.18541699600000072,0.16614599500000082,0.17604200499999934,187824000.0,-3.0393227596513195,0
2000-05-15,0.1628780360000004,0.17760400499999918,0.18046900599999915,0.1572919929999994,0.1653649959999992,282096000.0,6.896350405557494,0
2000-05-16,0.17959554499999975,0.1958329980000002,0.20143200499999914,0.18333299500000066,0.18541699600000072,366432000.0,10.263841178581522,0
2000-05-17,0.211120352,0.23020799500000066,0.23880200099999982,0.20611999900000022,0.20624999700000046,1290624000.0,17.553220014535032,0
2000-05-18,0.19679088900000075,0.21458299500000066,0.23528599700000008,0.2131509929999993,0.23150999799999994,509904000.0,-6.7873402919824795,0
2000-05-19,0.19511914299999944,0.21276000099999948,0.2197919929999994,0.2067710009999999,0.20833300099999974,521184000.0,-0.8495519414294717,0
2000-05-22,0.20777751500000008,0.22656300699999932,0.22656300699999932,0.19179700299999958,0.2104170019999998,517152000.0,6.4875944421527,0
2000-05-23,0.20610578400000001,0.22473999900000052,0.24570299700000042,0.21718800100000024,0.22083300399999928,778560000.0,-0.8046362131837403,0
2000-05-24,0.20347826200000085,0.22187499700000046,0.22812500600000085,0.1921879949999994,0.22447900499999918,739632000.0,-1.2748073385904113,0
2000-05-25,0.20061238099999912,0.21875,0.23854200499999934,0.21601599499999935,0.22513000700000063,569184000.0,-1.408449371156495,0
2000-05-26,0.20162761199999935,0.21985700699999988,0.22591100600000047,0.20624999700000046,0.21985700699999988,183456000.0,0.5060603428571397,0
2000-05-30,0.20992630699999992,0.22890600600000077,0.2346349950000004,0.22473999900000052,0.22578099400000085,303648000.0,4.11585653942792,0
2000-05-31,0.2180462030000001,0.23776000700000033,0.2416670019999998,0.22812500600000085,0.22812500600000085,469536000.0,3.867963604240243,0
2000-06-01,0.2241365609999999,0.2444009929999993,0.24700500099999978,0.23828099700000038,0.24479199900000026,418992000.0,2.793146788559775,0
2000-06-02,0.25136288999999934,0.27408900900000077,0.27708300900000005,0.24947899600000056,0.24947899600000056,592176000.0,12.147256701203336,0
2000-06-05,0.25676545500000003,0.27998000400000045,0.2937499880000001,0.2627600129999994,0.2736980019999997,491904000.0,2.149299974301422,0
2000-06-06,0.24395930800000087,0.2660160059999992,0.2914060060000008,0.26458299199999935,0.2809900049999996,375888000.0,-4.98749832148726,0
2000-06-07,0.23309281499999912,0.25416699099999995,0.2662760019999997,0.2502599950000004,0.26406300100000024,332352000.0,-4.454248892076073,0
2000-06-08,0.23488382999999935,0.2561199960000007,0.2609379890000003,0.24583299500000066,0.2606770100000002,460704000.0,0.7683944293144007,0
2000-06-09,0.24157023399999922,0.26341098500000015,0.27500000600000085,0.25703099400000085,0.2609379890000003,467280000.0,2.846708228122874,0
2000-06-12,0.2351223529999995,0.2563799919999994,0.2667970060000009,0.25052100399999944,0.26458299199999935,380016000.0,-2.6692102457306355,0
2000-06-13,0.24252597999999992,0.2644529940000009,0.26458299199999935,0.24791699600000072,0.24921900000000008,447840000.0,3.148842441651989,0
2000-06-14,0.24228753100000056,0.2641929980000004,0.2708329860000003,0.26071000099999964,0.2694010139999996,275088000.0,-0.09831463658905859,0
2000-06-15,0.24861627800000008,0.2710939939999992,0.2710939939999992,0.24921900000000008,0.26341098500000015,338592000.0,2.612104049782582,0
2000-06-16,0.286111236,0.31197899600000056,0.3125,0.27005198600000035,0.2701170150000003,987840000.0,15.081485722623578,0
2000-06-19,0.3040229080000003,0.33151000700000033,0.3567709919999995,0.30338498999999963,0.31119799600000064,1052160000.0,6.26036087378139,0
2000-06-20,0.2999629380000002,0.32708299199999935,0.3411459919999995,0.3229170139999997,0.33724001000000037,610272000.0,-1.33540916006194,0
2000-06-21,0.3304128940000002,0.3602859970000001,0.3666670019999998,0.3220050039999993,0.3220050039999993,614880000.0,10.151247790958195,0
2000-06-22,0.3123820720000001,0.3406249880000001,0.36614599800000036,0.33724001000000037,0.3587239980000003,614352000.0,-5.457056106457559,0
2000-06-23,0.2828878459999995,0.308463991,0.3356769980000003,0.30833300900000005,0.33151000700000033,607392000.0,-9.44176091978315,0
2000-06-26,0.3170391620000004,0.3457030060000008,0.34765601199999985,0.3096350129999994,0.3145830039999993,618288000.0,12.072402642290903,0
2000-06-27,0.2722597120000003,0.296875,0.3484379949999994,0.28775998999999963,0.34270799199999935,604608000.0,-14.124264224650673,0
2000-06-28,0.2617516819999999,0.28541699099999995,0.3145830039999993,0.27708300900000005,0.30312499399999915,586608000.0,-3.8595398736842035,0
2000-06-29,0.22401727699999974,0.24427099500000082,0.2804690000000001,0.23958300099999974,0.2804690000000001,1184880000.0,-14.416099005121952,0
2000-06-30,0.2428844570000006,0.2648440000000001,0.26927098600000043,0.24322900199999964,0.2557289899999997,1209192000.0,8.422205428032914,0
2000-07-03,0.2335705610000005,0.2546879949999994,0.27500000600000085,0.2520830039999993,0.26666700800000065,232680000.0,-3.834712132425133,0
2000-07-05,0.2084937989999993,0.22734400599999915,0.25416699099999995,0.2197919929999994,0.25364598600000043,777936000.0,-10.736269292944101,0
2000-07-06,0.22115142600000048,0.24114599800000036,0.24947899600000056,0.22213500700000033,0.22760400199999964,603936000.0,6.070972462762003,0
2000-07-07,0.22234544199999995,0.24244800199999972,0.25416699099999995,0.23749999700000046,0.25,346560000.0,0.5399235362802957,0
2000-07-10,0.2338090390000005,0.2549479899999998,0.2609379890000003,0.2359379980000007,0.23828099700000038,351264000.0,5.155739744970145,0
2000-07-11,0.2526762189999996,0.2755210100000003,0.2885420019999998,0.24869799600000064,0.25156301300000017,755304000.0,8.06949684129692,0
2000-07-12,0.25984051800000074,0.2833330039999993,0.2976559999999999,0.27786499299999967,0.2869789899999997,388152000.0,2.8353532821326466,0
2000-07-13,0.28420102599999986,0.3098959919999995,0.31145799199999935,0.2888019980000003,0.2893230019999997,458736000.0,9.375183132565802,0
2000-07-14,0.28205141399999967,0.3075520100000002,0.3221350009999995,0.3000000119999999,0.31614598600000043,280200000.0,-0.7563769976089318,0
2000-07-17,0.27894714500000006,0.3041670019999998,0.3125,0.30312499399999915,0.3122400049999996,105552000.0,-1.1006294512593051,0
2000-07-18,0.2734536829999996,0.29817700399999936,0.3125,0.28749999399999915,0.28749999399999915,183672000.0,-1.9693122398595997,0
2000-07-19,0.25601995000000066,0.2791669960000007,0.2895829980000002,0.2731769980000003,0.28749999399999915,189504000.0,-6.375410492755506,0
2000-07-20,0.2629458309999997,0.2867189939999992,0.2937499880000001,0.2781249880000001,0.278905988,142992000.0,2.705190122116008,0
2000-07-21,0.2662893240000006,0.29036501000000037,0.29583299199999935,0.2833330039999993,0.28749999399999915,251928000.0,1.2716339260035125,0
2000-07-24,0.24360069599999967,0.265625,0.29270800900000005,0.25416699099999995,0.29062500600000085,281112000.0,-8.520313794007063,0
2000-07-25,0.2345252630000001,0.2557289899999997,0.27187499399999915,0.2552079860000003,0.26979199099999995,335304000.0,-3.72555670588236,0
2000-07-26,0.21709145600000035,0.23671899700000054,0.2557289899999997,0.22968800399999978,0.2557289899999997,380064000.0,-7.433648019334848,0
2000-07-27,0.2015679929999994,0.2197919929999994,0.23229199600000072,0.21666699600000072,0.22916699900000026,331560000.0,-7.150674096511144,0
2000-07-28,0.2063441570000002,0.22499999399999915,0.24140599400000085,0.20833300099999974,0.22083300399999928,512664000.0,2.369513524544109,0
2000-07-31,0.22927132200000067,0.25,0.25052100399999944,0.22499999399999915,0.23749999700000046,371232000.0,11.111114074074147,0
2000-08-01,0.22473351700000066,0.24505199500000074,0.2520830039999993,0.24322900199999964,0.25,350616000.0,-1.9792020000000021,0
2000-08-02,0.22927132200000067,0.25,0.254036009,0.23776000700000033,0.2416670019999998,345432000.0,2.019165361212427,0
2000-08-03,0.23930238199999998,0.2609379890000003,0.26666700800000065,0.22499999399999915,0.22499999399999915,368664000.0,4.3751955999999925,0
2000-08-04,0.24360069599999967,0.265625,0.2708329860000003,0.26145800900000005,0.26718801300000017,194784000.0,1.7962164183000562,0
2000-08-07,0.26270631000000044,0.2864579860000003,0.2888019980000003,0.2664059999999999,0.26744800800000057,246936000.0,7.843006494117644,0
2000-08-08,0.2569746669999997,0.28020799199999935,0.29583299199999935,0.2791669960000007,0.28020799199999935,128111999.99999994,-2.1818187327477645,0
2000-08-09,0.24933250199999968,0.27187499399999915,0.28567698600000035,0.267969012,0.2838540080000005,136248000.0,-2.9738616448884314,0
2000-08-10,0.25219848799999944,0.27500000600000085,0.28125,0.2604170139999997,0.265625,156432000.0,1.1494297265161713,0
2000-08-11,0.2462281879999999,0.2684899870000006,0.27760401399999957,0.2557289899999997,0.2755210100000003,131928000.0,-2.3672795847139105,0
2000-08-14,0.24861627800000008,0.2710939939999992,0.27447900199999964,0.2624999880000001,0.27187499399999915,108576000.0,0.9698711781009672,0
2000-08-15,0.27208086799999975,0.2966800030000005,0.3020829860000003,0.2716149990000005,0.27239599800000036,443328000.0,9.438058225664726,0
2000-08-16,0.27894714500000006,0.3041670019999998,0.3127599950000004,0.29505199199999943,0.3127599950000004,266232000.0,2.5235940826116243,0
2000-08-17,0.28420102599999986,0.3098959919999995,0.31145799199999935,0.2989580039999993,0.3000000119999999,129815999.99999994,1.8835014851479537,0
2000-08-18,0.294231087,0.3208329980000002,0.32447901399999957,0.30807301399999965,0.30859398800000015,204720000.0,3.529250549326224,0
2000-08-21,0.2987688479999999,0.325780988,0.3382810060000008,0.3249999880000001,0.33255198600000035,464472000.0,1.5422322612838046,0
2000-08-22,0.2705878909999999,0.29505199199999943,0.3156250119999999,0.2921879890000003,0.30885401399999957,658872000.0,-9.432409235618133,0
2000-08-23,0.2863506969999996,0.3122400049999996,0.3127599950000004,0.2843750119999999,0.29036501000000037,352800000.0,5.825418389312209,0
2000-08-24,0.2939927279999992,0.3205730019999997,0.32369801399999965,0.3046880069999993,0.3104169960000007,332616000.0,2.6687794217784555,0
2000-08-25,0.28658911600000003,0.3125,0.32395800900000005,0.31093800100000024,0.3171879949999994,153048000.0,-2.51830377156963,0
2000-08-28,0.2980526690000005,0.3249999880000001,0.32916700800000065,0.3104169960000007,0.31406301300000017,189264000.0,3.9999961599999967,0
2000-08-29,0.2973363399999993,0.32421898800000015,0.32708299199999935,0.3208329980000002,0.32630199199999943,149376000.00000006,-0.24030770118059763,0
2000-08-30,0.2999629380000002,0.32708299199999935,0.33151000700000033,0.3171879949999994,0.3205730019999997,178080000.0,0.8833548021561333,0
2000-08-31,0.30330663900000054,0.3307290080000005,0.34375,0.3255209919999995,0.33203101199999985,388896000.0,1.114706691933387,0
2000-09-01,0.3037845190000006,0.3312500119999999,0.3406249880000001,0.32760399600000056,0.33750000600000085,204144000.0,0.15753199368588877,0
2000-09-05,0.3042622510000008,0.33177098600000043,0.33932301399999965,0.32942700399999936,0.3390629890000003,246144000.0,0.1572751641138126,0
2000-09-06,0.2832455039999999,0.30885401399999957,0.3330729899999998,0.30625000600000085,0.3330729899999998,230136000.0,-6.907467188827654,0
2000-09-07,0.29853040000000064,0.3255209919999995,0.3260419960000007,0.30052098600000043,0.31354200800000065,239760000.0,5.396393520726583,0
2000-09-08,0.2808573249999995,0.30625000600000085,0.32916700800000065,0.3052079980000002,0.32187500600000085,222648000.0,-5.920044013628467,0
2000-09-11,0.26939380199999974,0.2937499880000001,0.3041670019999998,0.28229200800000065,0.3023439939999992,285888000.0,-4.081638450645453,0
2000-09-12,0.26772189100000077,0.2919270100000002,0.3093749880000001,0.28749999399999915,0.2940100129999994,125976000.0,-0.6205882806708529,0
2000-09-13,0.2676026819999997,0.29179701199999997,0.2966150049999996,0.28489598600000043,0.2911460100000003,239976000.0,-0.04453099423721296,0
2000-09-14,0.2650954720000005,0.2890630069999993,0.30625000600000085,0.28541699099999995,0.29322901399999957,216336000.0,-0.9369544195332757,0
2000-09-15,0.27088674900000065,0.2953779999999995,0.2994790080000005,0.28541699099999995,0.28749999399999915,242592000.0,2.1846423952823546,0
2000-09-18,0.2550643380000004,0.2781249880000001,0.29791700800000065,0.27500000600000085,0.2960940000000001,163488000.0,-5.84099425143374,0
2000-09-19,0.2629458309999997,0.2867189939999992,0.28749999399999915,0.2624999880000001,0.2653650049999996,301104000.0,3.0899798187137284,0
2000-09-20,0.25434804,0.27734398800000015,0.2843750119999999,0.2729170019999998,0.278905988,227568000.0,-3.269754078447984,0
2000-09-21,0.26527428600000036,0.2892580030000005,0.29557299600000064,0.2791669960000007,0.27942699199999943,346824000.0,4.295753834764926,0
2000-09-22,0.26987147300000025,0.2942709919999995,0.29791700800000065,0.2604170139999997,0.2606770100000002,387264000.0,1.7330510990217984,0
2000-09-25,0.28921645900000037,0.3153649870000006,0.3197920019999998,0.30104199099999995,0.30338498999999963,467568000.0,7.168220984554252,0
2000-09-26,0.29614231000000046,0.3229170139999997,0.32656300100000024,0.3041670019999998,0.31874999399999915,337344000.0,2.3946941833463686,0
2000-09-27,0.3123820720000001,0.3406249880000001,0.35572901399999957,0.3203130069999993,0.3203130069999993,676128000.0,5.483753791926249,0
2000-09-28,0.32193553399999963,0.3510420019999998,0.35312500600000085,0.32916700800000065,0.33750000600000085,333816000.0,3.058206052692758,0
2000-09-29,0.3128599819999991,0.3411459919999995,0.3541670139999997,0.3354170019999998,0.3411459919999995,373872000.0,-2.8190387314393273,0
2000-10-02,0.3054563699999999,0.3330729899999998,0.359375,0.32447901399999957,0.3458330039999993,340584000.0,-2.3664361268532774,0
2000-10-03,0.28897726499999976,0.3151040080000005,0.33750000600000085,0.3125,0.33489599800000036,300264000.0,-5.394908185139846,0
2000-10-04,0.2856336240000008,0.31145799199999935,0.31666699099999995,0.3026039899999997,0.3067710100000003,419568000.0,-1.1570833462708485,0
2000-10-05,0.27894714500000006,0.3041670019999998,0.31380200399999936,0.2976559999999999,0.31380200399999936,525048000.0,-2.340922431683823,0
2000-10-06,0.2615123990000008,0.28515601199999985,0.3070310060000008,0.2809900049999996,0.3049480019999997,1027176000.0,-6.250181602539517,0
2000-10-09,0.26724422000000025,0.2914060060000008,0.29583299199999935,0.2583329980000002,0.27786499299999967,665256000.0,2.1917805471343144,0
2000-10-10,0.2469444420000002,0.26927098600000043,0.29322901399999957,0.26666700800000065,0.2791669960000007,415944000.0,-7.595938156470261,0
2000-10-11,0.24909409900000057,0.2716149990000005,0.2864579860000003,0.2427079980000002,0.2528649870000006,535776000.0,0.8705033671916107,0
2000-10-12,0.23930238199999998,0.2609379890000003,0.2937499880000001,0.2583329980000002,0.27760401399999957,401616000.0,-3.9309353457317897,0
2000-10-13,0.24885465200000034,0.2713539899999997,0.2791669960000007,0.2599610089999995,0.2627600129999994,578976000.0,3.9917533816818063,0
2000-10-16,0.24312299500000023,0.26510399600000056,0.2713539899999997,0.25885400199999964,0.2713539899999997,339216000.0,-2.3032622442736073,0
2000-10-17,0.22544981499999928,0.24583299500000066,0.26510399600000056,0.24296900599999915,0.26406300100000024,463248000.0,-7.269223131589464,0
2000-10-18,0.22186769500000025,0.24192699800000028,0.2559899990000005,0.2190099950000004,0.22994799900000018,416952000.0,-1.5888823223261794,0
2000-10-19,0.24336230800000003,0.2653650049999996,0.2687500119999999,0.25364598600000043,0.2575519980000003,294888000.0,9.688049367685704,0
2000-10-20,0.26605007100000044,0.29010400199999964,0.296875,0.2572920019999998,0.25911501000000037,387360000.0,9.322629786847747,0
2000-10-23,0.26007998000000043,0.283594012,0.2942709919999995,0.27447900199999964,0.29244801399999965,182112000.0,-2.2440193706807277,0
2000-10-24,0.2517206069999993,0.27447900199999964,0.2869789899999997,0.2734380069999993,0.28229200800000065,193968000.0,-3.21410523999357,0
2000-10-25,0.22974905399999912,0.25052100399999944,0.2708329860000003,0.24869799600000064,0.26692700399999936,385512000.0,-8.728535817104156,0
2000-10-26,0.2395407709999997,0.26119801399999965,0.2708329860000003,0.234375,0.2520830039999993,265776000.0,4.261922086181635,0
2000-10-27,0.2340474429999997,0.2552079860000003,0.2679040130000008,0.24583299500000066,0.26145800900000005,210960000.0,-2.2932900247855548,0
2000-10-30,0.21756927700000084,0.23724000200000006,0.25670599899999935,0.23697899299999925,0.25104200800000065,192120000.0,-7.0405257616037105,0
2000-10-31,0.23745079300000071,0.25891900100000065,0.2630209919999995,0.2390629949999994,0.24661499299999967,299256000.0,9.13800321077387,0
2000-11-01,0.23739111399999935,0.25885400199999964,0.2624999880000001,0.24375000600000085,0.2526040080000005,304536000.0,-0.025103989953967343,0
2000-11-02,0.25554209899999947,0.2786459919999995,0.28541699099999995,0.2635419960000007,0.267969012,192888000.0,7.646005024871116,0
2000-11-03,0.2722597120000003,0.296875,0.3020829860000003,0.2729170019999998,0.27500000600000085,268632000.0,6.541995407563594,0
2000-11-06,0.2932765479999997,0.3197920019999998,0.3333329860000003,0.3020829860000003,0.30390599400000085,635040000.0,7.719411200000015,0
2000-11-07,0.2734536829999996,0.29817700399999936,0.3145830039999993,0.28749999399999915,0.3145830039999993,258240000.0,-6.759080234908432,0
2000-11-08,0.26533377199999997,0.2893230019999997,0.3015629949999994,0.28489598600000043,0.3015629949999994,187080000.0,-2.9693778799923964,0
2000-11-09,0.23763056099999957,0.25911501000000037,0.28541699099999995,0.2463539990000001,0.27187499399999915,564528000.0,-10.440923048351348,0
2000-11-10,0.22473351700000066,0.24505199500000074,0.28125,0.23854200499999934,0.267969012,805248000.0,-5.427325495346635,0
2000-11-13,0.22568917299999924,0.24609400299999962,0.2729170019999998,0.22499999399999915,0.23281300100000024,530040000.0,0.4252191458388399,0
2000-11-14,0.26700574200000027,0.2911460100000003,0.29322901399999957,0.2604170139999997,0.2624999880000001,470736000.0,18.30682846830689,0
2000-11-15,0.2634831670000004,0.2873049969999997,0.29505199199999943,0.27421900599999915,0.2859379949999994,423864000.0,-1.3192737898073958,0
2000-11-16,0.2469444420000002,0.26927098600000043,0.2864579860000003,0.26666700800000065,0.2791669960000007,235536000.0,-6.276956958044144,0
2000-11-17,0.24216826299999994,0.26406300100000024,0.28515601199999985,0.2552079860000003,0.2713539899999997,178776000.0,-1.9341055185202793,0
2000-11-20,0.22353948700000004,0.24375000600000085,0.25442698600000035,0.2408850040000008,0.2542969880000001,298752000.0,-7.692480553154068,0
2000-11-21,0.2192411270000001,0.2390629949999994,0.25624999399999915,0.22656300699999932,0.25416699099999995,382512000.0,-1.9228762603599625,0
2000-11-22,0.20777751500000008,0.22656300699999932,0.23645800399999928,0.21666699600000072,0.22916699900000026,409752000.0,-5.228742323754454,0
2000-11-24,0.21971796499999918,0.23958300099999974,0.24843800100000024,0.22916699900000026,0.22916699900000026,165072000.0,5.746743112391672,0
2000-11-27,0.21231438200000063,0.23150999799999994,0.2583329980000002,0.2219399959999997,0.25677099800000036,363864000.0,-3.3696059262568467,0
2000-11-28,0.19649286599999982,0.21425799999999917,0.23749999700000046,0.20911499900000052,0.23502600199999968,382344000.0,-7.451945120745929,0
2000-11-29,0.18437266299999955,0.20104199600000072,0.2177080070000006,0.18489600700000075,0.21744799600000064,636408000.0,-6.16826629577425,0
2000-11-30,0.15475816999999914,0.16875000299999954,0.1838539990000001,0.15156300399999978,0.1838539990000001,981624000.0,-16.062312174815453,0
2000-12-01,0.17004318500000082,0.18541699600000072,0.203125,0.17812499399999915,0.1791670019999998,784080000.0,9.876736417006171,0
2000-12-04,0.1726697090000009,0.18828099999999992,0.19270800099999974,0.17395800399999928,0.18658900299999992,474264000.0,1.544628627248401,0
2000-12-05,0.18389482799999968,0.20052100700000075,0.20885400499999918,0.18281300399999978,0.20156300100000024,997224000.0,6.500925212846753,0
2000-12-06,0.15762399099999946,0.171875,0.2020830070000006,0.1708330070000006,0.1966149959999992,950928000.0,-14.285788520900455,0
2000-12-07,0.15475816999999914,0.16875000299999954,0.17786499900000052,0.15468800100000024,0.1635420019999998,785184000.0,-1.8181800727272712,0
2000-12-08,0.19010445500000017,0.20729200499999934,0.20833300099999974,0.16881500200000055,0.18619799600000064,853392000.0,22.839704482849687,0
2000-12-11,0.19010445500000017,0.20729200499999934,0.2114579980000002,0.19531300699999932,0.20052100700000075,757632000.0,0.0,0
2000-12-12,0.18485046900000057,0.20156300100000024,0.20572899299999925,0.1947920019999998,0.2020830070000006,409512000.0,-2.763736112253823,0
2000-12-13,0.17052103600000024,0.18593800100000024,0.2041669929999994,0.18229199900000026,0.20078100299999946,675072000.0,-7.7519187164711845,0
2000-12-14,0.1588180510000008,0.17317700399999936,0.18619799600000064,0.16875000299999954,0.18463499799999994,569016000.0,-6.863038717943404,0
2000-12-15,0.14305612399999923,0.1559900049999996,0.17239600399999944,0.1552080070000006,0.16223999900000052,1094424000.0,-9.92452727730525,0
2000-12-18,0.14777270000000087,0.16113300600000002,0.16666699900000026,0.15885399299999925,0.16249999399999915,658872000.0,3.297006753734011,0
2000-12-19,0.13660720000000026,0.1489579980000002,0.17812499399999915,0.14583300099999974,0.1635420019999998,946200000.0,-7.55587467908343,0
2000-12-20,0.12180082499999934,0.13281300699999932,0.16197900499999918,0.12552100399999944,0.14140599999999992,1105392000.0,-10.838619756422874,0
2000-12-21,0.10651578799999939,0.11614599800000036,0.1489579980000002,0.11458300099999974,0.13098999900000052,845256000.0,-12.549229459129718,0
2000-12-22,0.1339806320000001,0.14609399399999923,0.15937499700000046,0.12552100399999944,0.12552100399999944,949080000.0,25.78478511158,0
2000-12-26,0.12848733400000079,0.14010399600000056,0.14947900199999964,0.13072900499999918,0.1479170019999998,343824000.0,-4.100098735065039,0
2000-12-27,0.13708497600000058,0.14947900199999964,0.1552080070000006,0.13281300699999932,0.13854199600000072,339456000.0,6.69146224780055,0
2000-12-28,0.13780121499999964,0.15026000099999948,0.15416699600000072,0.14114600399999944,0.14349000200000006,419232000.0,0.5224807428136247,0
2000-12-29,0.1252032070000002,0.13652299299999981,0.15494799600000064,0.1333329980000002,0.15000000600000085,495168000.0,-9.142158863688543,0
2001-01-02,0.1143972049999995,0.12473999700000071,0.13932299600000064,0.12421900000000008,0.13750000299999954,290808000.0,-8.630777674204671,0
2001-01-03,0.1495041550000007,0.16302099800000036,0.16432300199999972,0.1177079980000002,0.12083300199999947,910368000.0,30.68863389502887,0
2001-01-04,0.16669949899999992,0.18177099500000082,0.18593800100000024,0.15572899600000056,0.16015599700000038,815448000.0,11.501583986131635,0
2001-01-05,0.14174191699999916,0.15455700499999914,0.1809899959999992,0.15104199900000026,0.1802079980000002,432768000.0,-14.971580036737986,0
2001-01-08,0.155235931,0.16927100700000075,0.17604200499999934,0.15026000099999948,0.15026000099999948,573768000.0,9.52011330706104,0
2001-01-09,0.1583402310000004,0.17265599999999992,0.17604200499999934,0.16328099400000085,0.1716150049999996,302904000.0,1.9997476590896568,0
2001-01-10,0.16932600700000044,0.18463499799999994,0.18541699600000072,0.1598960009999999,0.16380199800000028,392928000.0,6.938072236122683,0
2001-01-11,0.1834170369999999,0.20000000299999954,0.2078129949999994,0.17708300099999974,0.1802079980000002,447648000.0,8.321826937707666,0
2001-01-12,0.17959554499999975,0.1958329980000002,0.21562500299999954,0.19374999399999915,0.2033849950000004,669000000.0,-2.083502468747467,0
2001-01-16,0.16550551399999947,0.18046900599999915,0.19687500600000085,0.17734399399999923,0.19687500600000085,414984000.0,-7.845456157496001,0
2001-01-17,0.17147570799999912,0.18697899600000056,0.20000000299999954,0.18619799600000064,0.19427099800000036,592584000.0,3.607262069144457,0
2001-01-18,0.2043742979999994,0.22285200700000019,0.22812500600000085,0.18281300399999978,0.18697899600000056,948168000.0,19.185583283375852,0
2001-01-19,0.19894054499999925,0.21692700700000067,0.23749999700000046,0.21354199900000026,0.22916699900000026,1018704000.0,-2.658715117607169,0
2001-01-22,0.1910591420000003,0.20833300099999974,0.21875,0.20234400000000008,0.2104170019999998,377712000.0,-3.9617040399215986,0
2001-01-23,0.21010604499999985,0.22910200099999933,0.2333330070000006,0.2046879980000007,0.20572899299999925,433632000.0,9.969135902765602,0
2001-01-24,0.20921005299999962,0.22812500600000085,0.23125000299999954,0.21484400299999962,0.22890600600000077,451728000.0,-0.42644542419340015,0
2001-01-25,0.1881933060000005,0.20520800399999928,0.22083300399999928,0.20052100700000075,0.2203129980000007,440016000.0,-10.045808831671877,0
2001-01-26,0.19416441000000084,0.21171900599999915,0.21419300099999994,0.1923180070000008,0.19374999399999915,259248000.0,3.172879163134401,0
2001-01-29,0.19511914299999944,0.21276000099999948,0.21302099500000082,0.19791699900000026,0.20520800399999928,354168000.0,0.49168708075268963,0
2001-01-30,0.1994183060000001,0.21744799600000064,0.2220049950000007,0.21197900199999964,0.21614600700000075,243720000.0,2.203419335385326,0
2001-01-31,0.19726873900000008,0.2151039990000001,0.2260420019999998,0.2104170019999998,0.2177080070000006,358344000.0,-1.077957508516203,0
2001-02-01,0.19828394099999969,0.21621100599999998,0.2177080070000006,0.20572899299999925,0.2151039990000001,371856000.0,0.5146380379474014,0
2001-02-02,0.17911864799999933,0.19531300699999932,0.22135399299999925,0.19374999399999915,0.21640600299999946,320520000.0,-9.665557450854278,0
2001-02-05,0.17887932100000015,0.19505199800000028,0.19635400199999964,0.18359400299999962,0.19505199800000028,367584000.0,-0.13363626110165505,0
2001-02-06,0.1798349469999998,0.19609400599999915,0.20000000299999954,0.1909510050000005,0.19140599700000038,250440000.0,0.5342206235692926,0
2001-02-07,0.17147570799999912,0.18697899600000056,0.19635400199999964,0.1765629949999994,0.1947920019999998,720384000.0,-4.648285883863268,0
2001-02-08,0.17052103600000024,0.18593800100000024,0.19869799900000018,0.18515600299999946,0.18802100399999944,384288000.0,-0.5567443521838245,0
2001-02-09,0.16932600700000044,0.18463499799999994,0.18567700700000067,0.17786499900000052,0.18437500299999954,259608000.0,-0.7007728344890607,0
2001-02-12,0.16478921500000077,0.17968800699999932,0.18463499799999994,0.1708330070000006,0.18255199500000074,354336000.0,-2.6793354746319498,0
2001-02-13,0.1698038430000004,0.18515600299999946,0.19374999399999915,0.1809899959999992,0.18307299900000018,467736000.0,3.0430500573140673,0
2001-02-14,0.18222297700000034,0.19869799900000018,0.2041669929999994,0.17499999700000046,0.18281300399999978,690888000.0,7.3138303811840055,0
2001-02-15,0.2156580839999993,0.23515599999999992,0.2390629949999994,0.22447900499999918,0.2260420019999998,1108512000.0,18.34844899469774,0
2001-02-16,0.22736103799999974,0.24791699600000072,0.25416699099999995,0.22291700499999934,0.22317700099999982,1081176000.0,5.426608719318238,0
2001-02-20,0.20467235099999925,0.22317700099999982,0.24687500299999954,0.22291700499999934,0.2416670019999998,701304000.0,-9.979144390729866,0
2001-02-21,0.21398627800000014,0.2333330070000006,0.2427079980000002,0.21250000600000085,0.21484400299999962,646512000.0,4.550650808324108,0
2001-02-22,0.22306174000000034,0.24322900199999964,0.25,0.22499999399999915,0.23203100299999946,815304000.0,4.241146645832239,0
2001-02-23,0.20765745599999974,0.22643199600000052,0.24583299500000066,0.21875,0.24192699800000028,1034664000.0,-6.905840118523365,0
2001-02-26,0.203000501,0.22135399299999925,0.2260420019999998,0.21171900599999915,0.2197919929999994,751824000.0,-2.2426172491982976,0
2001-02-27,0.19082069399999924,0.20807300499999926,0.22447900499999918,0.2067710009999999,0.21588499799999994,533832000.0,-5.999886344946126,0
2001-02-28,0.17075943899999935,0.18619799600000064,0.21875,0.18229199900000026,0.20651000700000033,784056000.0,-10.513141289039396,0
2001-03-01,0.1842525300000002,0.20091099999999962,0.2041669929999994,0.16666699900000026,0.1838539990000001,915288000.0,7.901805774536919,0
2001-03-02,0.16652068500000006,0.18157599899999965,0.19973999299999967,0.1791670019999998,0.1864580070000006,1413504000.0,-9.62366470725845,0
2001-03-05,0.16813197699999982,0.18333299500000066,0.18802100399999944,0.1734379980000007,0.17447899299999925,742296000.0,0.9676366974029404,0
2001-03-06,0.18437266299999955,0.20104199600000072,0.20755200099999982,0.1894530060000008,0.19270800099999974,834408000.0,9.65947291702729,0
2001-03-07,0.19917991800000046,0.21718800100000024,0.2177080070000006,0.20182299600000064,0.20546899700000054,938280000.0,8.03116031538007,0
2001-03-08,0.2058663670000005,0.22447900499999918,0.22682300199999972,0.21093800699999932,0.21093800699999932,829344000.0,3.3570012921662284,0
2001-03-09,0.19129846999999955,0.20859399399999923,0.21380199500000074,0.1890629980000007,0.21276000099999948,1216776000.0,-7.076390506987506,0
2001-03-12,0.18437266299999955,0.20104199600000072,0.21093800699999932,0.1921879949999994,0.20156300100000024,762144000.0,-3.620429263174285,0
2001-03-13,0.2063441570000002,0.22499999399999915,0.22812500600000085,0.20260399600000056,0.20364600399999944,1082352000.0,11.91691212616095,0
2001-03-14,0.2180462030000001,0.23776000700000033,0.23854200499999934,0.21484400299999962,0.21484400299999962,1351128000.0,5.671117040118667,0
2001-03-15,0.22879350200000026,0.24947899600000056,0.26556000100000077,0.24322900199999964,0.252344012,1875984000.0,4.928915147617752,0
2001-03-16,0.22783885900000023,0.24843800100000024,0.2552079860000003,0.23828099700000038,0.24557299900000018,1225200000.0,-0.41726759233872146,0
2001-03-19,0.24097327900000032,0.2627600129999994,0.26458299199999935,0.2336589989999993,0.24713499799999994,943896000.0,5.764823393503327,0
2001-03-20,0.21852393400000025,0.23828099700000038,0.2760420139999997,0.2354169929999994,0.2596350009999995,1990560000.0,-9.316111580493802,0
2001-03-21,0.23476466500000015,0.2559899990000005,0.2630209919999995,0.23749999700000046,0.23880200099999982,1877352000.0,7.431982500895784,0
2001-03-22,0.25840801000000013,0.28177100399999944,0.28281301300000017,0.25624999399999915,0.2583329980000002,1697760000.0,10.071098519751143,0
2001-03-23,0.25601995000000066,0.2791669960000007,0.2921879890000003,0.26510399600000056,0.2869789899999997,1509672000.0,-0.924157547452964,0
2001-03-26,0.26987147300000025,0.2942709919999995,0.29583299199999935,0.2791669960000007,0.2791669960000007,1542960000.0,5.410380244232016,0
2001-03-27,0.26007998000000043,0.283594012,0.29869800800000057,0.2713539899999997,0.2885420019999998,1702152000.0,-3.628281512708531,0
2001-03-28,0.2602587639999996,0.2837890089999995,0.2911460100000003,0.27500000600000085,0.2757810060000008,1433280000.0,0.0687592092035949,0
2001-03-29,0.26413977099999997,0.28802099800000036,0.29791700800000065,0.2755210100000003,0.28131499899999923,1632960000.0,1.4912448564912584,0
2001-03-30,0.24807886800000034,0.27050799100000056,0.2914060060000008,0.2687500119999999,0.2859379949999994,1423176000.0,-6.080461883546406,0
2001-04-02,0.23763056099999957,0.25911501000000037,0.2763020100000002,0.2557289899999997,0.26979199099999995,1265160000.0,-4.211698500248751,0
2001-04-03,0.24551104000000024,0.2677080039999993,0.27474001000000037,0.2549479899999998,0.2552079860000003,1991616000.0,3.3162856910528005,0
2001-04-04,0.2201958889999993,0.24010400499999918,0.2580730019999997,0.22421899399999923,0.2575519980000003,3362472000.0,-10.311234101166434,0
2001-04-05,0.2404963519999992,0.26223999299999967,0.2664059999999999,0.2489580070000006,0.2559899990000005,1724760000.0,9.21933309692189,0
2001-04-06,0.2395407709999997,0.26119801399999965,0.27500000600000085,0.25442698600000035,0.25885400199999964,1547664000.0,-0.39733794532248456,0
2001-04-09,0.2278956619999999,0.24850000400000027,0.27270799899999965,0.2443750050000002,0.2662500140000006,1097160000.0,-4.86144967396267,0
2001-04-10,0.2494086769999999,0.2719579939999992,0.28000000099999944,0.25212499500000085,0.25445801000000046,1186416000.0,9.439834858111308,0
2001-04-11,0.2644644679999999,0.28837498999999944,0.29916700699999943,0.2804169949999995,0.2887080009999998,1426872000.0,6.0365925481859595,0
2001-04-12,0.26843822000000017,0.29270800900000005,0.3052079980000002,0.27762499500000004,0.2830420139999994,1440264000.0,1.502564074644619,0
2001-04-16,0.2619039119999993,0.2855829889999999,0.29354199800000025,0.2803330119999998,0.28749999399999915,764112000.0,-2.4341732309757114,0
2001-04-17,0.2747429910000001,0.29958298799999916,0.30187499500000037,0.28125,0.28137499099999985,1112448000.0,4.902252423725417,0
2001-04-18,0.2952253519999992,0.32191699700000065,0.35166698699999976,0.3122079969999998,0.3122079969999998,2301864000.0,7.455032459987354,0
2001-04-19,0.32059744000000023,0.34958300000000087,0.3551250100000001,0.32229199999999913,0.3237499889999995,1632264000.0,8.594141737722527,0
2001-04-20,0.3322903220000004,0.36233299999999957,0.3749580090000002,0.3362500070000003,0.34537500100000074,1773840000.0,3.647202524150206,0
2001-04-23,0.31475091000000077,0.3432079849999994,0.3547919989999997,0.33958300900000005,0.3544580039999996,1239000000.0,-5.278297864119475,0
2001-04-24,0.29247417999999925,0.3189170059999995,0.36787501000000056,0.31354200800000065,0.3422499900000009,1828320000.0,-7.077626413616223,0
2001-04-25,0.3059240879999994,0.3335829970000006,0.3449580070000007,0.3185420039999993,0.319750011,1423728000.0,4.598685778456102,0
2001-04-26,0.2818129959999993,0.3072920139999997,0.3408330080000006,0.3041670019999998,0.3408330080000006,1486008000.0,-7.881391808467986,0
2001-04-27,0.30187416100000064,0.32916700800000065,0.3305419979999993,0.31295800200000023,0.3191669879999992,915672000.0,7.118634069025953,0
2001-04-30,0.3183045979999992,0.34708300199999975,0.36645799899999965,0.3309580089999997,0.33812499000000074,1583280000.0,5.442827976247244,0
2001-05-01,0.34803381599999916,0.37950000200000034,0.3804169890000004,0.34270799199999935,0.3483330010000003,1867368000.0,9.33984084878925,0
2001-05-02,0.3400478069999995,0.37079200099999987,0.38937500099999944,0.3658330139999997,0.38937500099999944,1547784000.0,-2.294598406879589,0
2001-05-03,0.33855760099999976,0.36916699999999913,0.37083300900000005,0.3573330039999991,0.3595829899999998,960504000.0,-0.43825136346453686,0
2001-05-04,0.3432190120000005,0.37424999499999956,0.3801249860000002,0.35666701200000084,0.35833299199999935,953520000.0,1.3768822782101342,0
2001-05-07,0.358618796,0.39104199400000006,0.3937500119999999,0.36845800300000064,0.37283301399999935,975600000.0,4.486840140104742,0
2001-05-08,0.33267265599999973,0.36274999399999963,0.3970000149999997,0.3594169909999998,0.39683300299999935,1620144000.0,-7.235028573427327,0
2001-05-09,0.31708225600000084,0.3457500039999992,0.3588329849999994,0.34333300599999994,0.3512080009999998,1319040000.0,-4.686420477239217,0
2001-05-10,0.30642110099999975,0.33412501199999944,0.3599579930000001,0.33000001299999937,0.35574999500000004,998904000.0,-3.3622536125841984,0
2001-05-11,0.2985873820000009,0.32558301100000087,0.3354170019999998,0.3189170059999995,0.3332920070000007,921216000.0,-2.556528452889373,0
2001-05-14,0.30114796800000043,0.3283750120000004,0.3322499990000001,0.31479200699999943,0.32654199000000084,702432000.0,0.8575389088713914,0
2001-05-15,0.31196200800000007,0.34016698599999984,0.3541670139999997,0.3274999859999994,0.3312500119999999,1242600000.0,3.591008319475897,0
2001-05-16,0.3266729710000007,0.3562079970000003,0.35833299199999935,0.33024999500000085,0.3323749899999999,957096000.0,4.715628400223415,0
2001-05-17,0.3324432969999993,0.3625000119999999,0.3729169960000007,0.3518750070000003,0.3573749960000008,919056000.0,1.7663879118356762,0
2001-05-18,0.32976829999999957,0.3595829899999998,0.37083300900000005,0.35249999200000026,0.36129200499999925,575832000.0,-0.8046956974997244,0
2001-05-21,0.3446709220000006,0.3758330050000005,0.3833329980000002,0.3515830040000001,0.3587920069999999,1064688000.0,4.51912783749866,0
2001-05-22,0.35498809799999975,0.387082994,0.3908329899999998,0.3666670019999998,0.3813329939999992,1049976000.0,2.9933478035011785,0
2001-05-23,0.3519699870000004,0.38379201300000076,0.4166670139999997,0.37916699099999995,0.4022920130000003,2244912000.0,-0.8502003578075068,0
2001-05-24,0.35716631999999926,0.3894580009999995,0.3993330000000004,0.3697920139999997,0.38124999399999915,1680576000.0,1.4763173302410504,0
2001-05-25,0.3504026230000008,0.38208299899999965,0.38729199800000025,0.375,0.3816249969999994,947952000.0,-1.8936578478458421,0
2001-05-29,0.3360356089999996,0.36641699099999947,0.37999999500000037,0.36125001299999937,0.3799169960000004,920568000.0,-4.100158353290128,0
2001-05-30,0.32976829999999957,0.3595829899999998,0.37595799600000035,0.355832994,0.35779199000000084,3308904000.0,-1.8650884560099557,0
2001-05-31,0.3271315399999999,0.3567079900000003,0.3645829860000003,0.3490000070000008,0.3624579909999994,1262928000.0,-0.7995372639845955,0
2001-06-01,0.34524396099999954,0.3764579890000004,0.37950000200000034,0.35708299300000057,0.3591670100000002,1022472000.0,5.53674141137126,0
2001-06-04,0.3398946519999999,0.3706249889999995,0.378708005,0.3656669860000008,0.3767080010000008,621552000.0,-1.5494424797556805,0
2001-06-05,0.3577392699999997,0.3900829849999994,0.39395800199999975,0.3695830109999996,0.37020799499999946,987168000.0,5.250049666780554,0
2001-06-06,0.3592682180000004,0.3917500080000007,0.39687499399999915,0.38583299499999946,0.3915419880000002,698976000.0,0.427350862278697,0
2001-06-07,0.3795587119999997,0.41387501400000026,0.41499999200000026,0.3854170139999997,0.3882920149999993,1141152000.0,5.647735940824794,0
2001-06-08,0.36969995499999975,0.4031249880000001,0.4132499989999996,0.39883300700000035,0.4126250149999997,712680000.0,-2.597408791630984,0
2001-06-11,0.35888573499999943,0.39133301400000065,0.4041669960000007,0.3850829900000008,0.40370801100000087,581928000.0,-2.925140924283276,0
2001-06-12,0.3708463609999999,0.40437498700000063,0.4102079869999997,0.3822920019999998,0.3831250070000003,1102728000.0,3.3327045082887086,0
2001-06-13,0.35838952699999993,0.39079201200000035,0.413500011,0.38729199800000025,0.4073329870000002,938712000.0,-3.3590047447717097,0
2001-06-14,0.3576246800000007,0.38995799399999953,0.39662501199999944,0.3802079860000003,0.3857499959999995,946152000.0,-0.21341736125354283,0
2001-06-15,0.3632041810000004,0.3960419890000004,0.40291699800000025,0.3782500029999998,0.3854170139999997,1094544000.0,1.5601667599100422,0
2001-06-18,0.34883621300000023,0.38037499800000063,0.40145799499999946,0.37604200800000065,0.3950420020000003,856656000.0,-3.9558914042318816,0
2001-06-19,0.32976829999999957,0.3595829899999998,0.3965829910000007,0.3518750070000003,0.3875420090000006,1513128000.0,-5.466186818093666,0
2001-06-20,0.3439454729999998,0.3750419909999998,0.37916699099999995,0.34562501299999937,0.3529579940000005,1759200000.0,4.299146909034834,0
2001-06-21,0.35044112799999994,0.38212498999999944,0.38874998700000063,0.36354199099999995,0.3735420109999996,1484568000.0,1.8885882567746926,0
2001-06-22,0.34887474800000007,0.3804169890000004,0.3903749879999996,0.37541699400000006,0.3802079860000003,761184000.0,-0.4469744310624635,0
2001-06-25,0.3481869399999997,0.3796670140000007,0.3862499889999995,0.3685829940000005,0.3846670089999993,640032000.0,-0.197145506558849,0
2001-06-26,0.3582364019999993,0.390625,0.39250001299999937,0.3697920139999997,0.3712500040000002,757920000.0,2.8862096510707147,0
2001-06-27,0.34715524299999956,0.378542006,0.38958299199999935,0.3719170090000006,0.38874998700000063,895752000.0,-3.093246463999999,0
2001-06-28,0.35124358500000064,0.38299998599999974,0.3885419960000007,0.37916699099999995,0.3836250010000004,909336000.0,1.1776711512433868,0
2001-06-29,0.3544149989999994,0.38645800900000005,0.39250001299999937,0.38004198700000025,0.38437500600000085,730920000.0,0.9028781008884934,0
2001-07-02,0.33870977199999963,0.36933299899999916,0.37429198599999935,0.3637500110000005,0.37116700400000013,1040016000.0,-4.43127315288735,0
2001-07-03,0.34302854499999924,0.37404200399999965,0.3779169919999994,0.3649170099999992,0.36679199299999965,406296000.0,1.2750025079670602,0
2001-07-05,0.31815245700000006,0.3469170029999997,0.3718749880000001,0.34645798799999916,0.3695830109999996,1020096000.0,-7.251859606655298,0
2001-07-06,0.308369935,0.3362500070000003,0.3443750140000006,0.3295829890000004,0.3417080039999991,802824000.0,-3.0747976915965647,0
2001-07-09,0.2982819679999995,0.3252500000000005,0.33991700400000013,0.3220829960000007,0.3318749959999998,1014072000.0,-3.2713774783653893,0
2001-07-10,0.30072784400000074,0.3279170100000002,0.3339579999999991,0.32395800900000005,0.3295829890000004,1221744000.0,0.8199877017678769,0
2001-07-11,0.30015465600000013,0.3272919949999995,0.3325420020000003,0.3171670140000007,0.3266670109999996,904632000.0,-0.1906015793447291,0
2001-07-12,0.3158974350000001,0.34445801400000065,0.3468750119999999,0.33437499399999915,0.34270799199999935,981552000.0,5.244863688157109,0
2001-07-13,0.3093630970000003,0.3373329940000005,0.34566700499999925,0.3302080039999993,0.34191700799999936,690144000.0,-2.068472705065294,0
2001-07-16,0.28448706900000076,0.31020799300000057,0.33750000600000085,0.3085420130000003,0.3335419890000004,1191696000.0,-8.041016290271319,0
2001-07-17,0.3003839250000002,0.3275420069999999,0.33058300599999946,0.3020829860000003,0.3050000070000003,1169904000.0,5.5878682661797185,0
2001-07-18,0.28998965000000076,0.316208005,0.32858300200000023,0.30950000900000063,0.319750011,840984000.0,-3.4603201292590313,0
2001-07-19,0.29465225300000064,0.32129201300000076,0.33466699699999936,0.31587499399999963,0.32079199,840024000.0,1.6078049636978564,0
2001-07-20,0.286169052,0.31204199799999977,0.32041698699999976,0.3020829860000003,0.3132919970000003,742464000.0,-2.8790055854889918,0
2001-07-23,0.25907671500000085,0.28249999900000056,0.31291699400000006,0.2821249960000003,0.3125,1547976000.0,-9.467315037509783,0
2001-07-24,0.2766157689999993,0.30162501300000066,0.30187499500000037,0.28025001299999985,0.28629198700000025,1365312000.0,6.769916484141292,0
2001-07-25,0.27394062299999966,0.29870799200000064,0.30166700500000054,0.28866699299999965,0.30108299900000013,1245888000.0,-0.9671018232165096,0
2001-07-26,0.30187416100000064,0.32916700800000065,0.3312500119999999,0.29437500200000066,0.29587501299999985,1714152000.0,10.196920342191573,0
2001-07-27,0.30951634000000006,0.33750000600000085,0.3411250110000008,0.31874999399999915,0.32854199400000006,1094688000.0,2.531541071090593,0
2001-07-30,0.3021410109999998,0.32945799800000053,0.33929198999999954,0.32583299300000057,0.33791699999999913,582288000.0,-2.382817142824001,0
2001-07-31,0.3091339170000005,0.3370830120000008,0.3385420139999997,0.3179169890000004,0.3299170139999994,1187760000.0,2.314411562714591,0
2001-08-01,0.32801115500000044,0.3576669989999992,0.3594169909999998,0.3413330020000007,0.3437080090000002,1204944000.0,6.106503818709186,0
2001-08-02,0.3358062799999999,0.36616700899999977,0.3674579859999998,0.34995800299999935,0.3622080089999997,1097928000.0,2.3765150331915397,0
2001-08-03,0.33316975800000037,0.36329200900000025,0.3689169880000005,0.355666995,0.3625000119999999,820344000.0,-0.7851608499224394,0
2001-08-06,0.3432575169999996,0.37429198599999935,0.37799999099999937,0.35683301100000087,0.36070799800000053,1292568000.0,3.027860984412678,0
2001-08-07,0.3381752070000008,0.36875000600000085,0.37604200800000065,0.36437499500000037,0.3742080029999997,1088616000.0,-1.4806568687794508,0
2001-08-08,0.32957744600000005,0.359375,0.375,0.35774999899999926,0.3655419949999992,1125696000.0,-2.5423744671071336,0
2001-08-09,0.3238072400000007,0.3530830139999992,0.36474999800000063,0.3466669919999994,0.3577080069999994,1643616000.0,-1.7508134956521815,0
2001-08-10,0.3234257100000004,0.3526670040000006,0.35749998700000063,0.3420830069999994,0.3529169860000003,1036488000.0,-0.11782215045892386,0
2001-08-13,0.3369902670000009,0.3674579859999998,0.371457994,0.35337498800000056,0.35870799399999953,1514784000.0,4.19403625296344,0
2001-08-14,0.3280487660000002,0.3577080069999994,0.3631249959999998,0.35316699700000065,0.36079201099999914,2321160000.0,-2.653358852296117,0
2001-08-15,0.3284310700000006,0.35812500099999944,0.3700830039999996,0.3549579979999997,0.3657920059999995,1816392000.0,0.1165738512529213,0
2001-08-16,0.34226360899999975,0.3732079860000006,0.37375000099999944,0.3501250149999997,0.3515419959999999,1026096000.0,4.211653740421206,0
2001-08-17,0.32010123100000065,0.3490419980000006,0.36849999400000044,0.3460829850000007,0.3637500110000005,1668840000.0,-6.475206562166114,0
2001-08-20,0.31788474300000047,0.3466249999999995,0.3503749969999994,0.3359999949999999,0.3468329909999994,1183320000.0,-0.6924662401227688,0
2001-08-21,0.31119733999999966,0.3393329979999997,0.35666701200000084,0.33879199599999943,0.3474999959999998,1186656000.0,-2.103714965741077,0
2001-08-22,0.32399871900000043,0.3532919880000005,0.35366699100000076,0.33437499399999915,0.34533300999999916,1498104000.0,4.113655342178069,0
2001-08-23,0.31681436300000065,0.3454580010000008,0.35662499100000034,0.34375,0.3520829980000002,1013592000.0,-2.2174256043417495,0
2001-08-24,0.3258708119999998,0.3553329999999999,0.3624579909999994,0.34712499399999963,0.3491669890000004,1110936000.0,2.8585237485931003,0
2001-08-27,0.3371434509999993,0.36762499800000015,0.3723329900000003,0.34604200699999943,0.34737500499999996,1279608000.0,3.459289736669535,0
2001-08-28,0.3327487409999996,0.3628329929999996,0.3747920100000002,0.3600000140000006,0.366625011,1178760000.0,-1.303503577305698,0
2001-08-29,0.3220500049999995,0.35116699299999965,0.36612498799999926,0.3481250110000005,0.36383301000000046,1435800000.0,-3.215253360380055,0
2001-08-30,0.32101824899999976,0.3500419860000008,0.35249999200000026,0.3364579980000002,0.3445830050000005,1431312000.0,-0.32036239806852995,0
2001-08-31,0.3236925599999996,0.3529579940000005,0.3561669890000001,0.3431249859999994,0.3477079869999997,887904000.0,0.8330452107536468,0
2001-09-04,0.3011863229999996,0.3284170030000002,0.35199999800000015,0.32595801399999935,0.35199999800000015,1856136000.0,-6.952949477608383,0
2001-09-05,0.3076059519999994,0.3354170019999998,0.3379170000000009,0.31479200699999943,0.328125,2395584000.0,2.131436233829831,0
2001-09-06,0.2950337229999995,0.3217079940000005,0.3391669989999997,0.32020801300000024,0.32879200600000047,1950768000.0,-4.087153578458147,0
2001-09-07,0.2981287839999993,0.32508298800000013,0.33000001299999937,0.31499999799999934,0.31666699099999995,1970256000.0,1.0490861473588353,0
2001-09-10,0.28949353099999975,0.3156670029999997,0.3272919949999995,0.30912500600000037,0.3223330079999993,1872360000.0,-2.8964865426916786,0
2001-09-17,0.25976425400000025,0.2832500039999992,0.3032500149999997,0.2818329930000001,0.2960000039999997,1138596000.0,-10.269365721446666,0
2001-09-18,0.24409781399999986,0.2661670150000006,0.2908329960000007,0.25975000899999934,0.2887499929999997,894372000.0,-6.031063992500418,0
2001-09-19,0.24111735800000034,0.26291701200000084,0.2707499860000002,0.2255000030000005,0.2676669960000009,1561908000.0,-1.2210389781017739,0
2001-09-20,0.2207121549999993,0.2406670000000002,0.25791698699999976,0.2333330070000006,0.2488330009999995,1470696000.0,-8.462750976342303,0
2001-09-21,0.20611487300000064,0.22474999699999998,0.23566700499999982,0.21674999600000078,0.22208300199999975,1226304000.0,-6.613703997639886,0
2001-09-24,0.22927132200000067,0.25,0.25366699699999984,0.23183299599999962,0.24258300700000035,1507500000.0,11.234706712810327,0
2001-09-25,0.22032973199999972,0.24025000600000013,0.2615829999999999,0.23950000099999968,0.25075000500000044,941724000.0,-3.8999976000000047,0
2001-09-26,0.2123813479999992,0.23158299900000046,0.24416699999999913,0.22916699900000026,0.24333299699999955,430812000.0,-3.6074950191676503,0
2001-09-27,0.20061238099999912,0.21875,0.2333330070000006,0.21258300500000082,0.23074999500000004,907296000.0,-5.54142534443991,0
2001-09-28,0.20993640999999919,0.2289170029999994,0.24008299399999977,0.21541699800000025,0.22499999399999915,1044876000.0,4.647772799999994,0
2001-10-01,0.1921293439999996,0.20950000000000024,0.2325000020000001,0.2058330030000004,0.2287500050000002,972804000.0,-8.482114803853168,0
2001-10-02,0.18249993000000053,0.19900000099999993,0.21750000099999944,0.18883299800000053,0.20916700399999932,1123032000.0,-5.01193269689737,0
2001-10-03,0.21841944800000057,0.23816700299999916,0.25075000500000044,0.19799999900000032,0.19799999900000032,1798824000.0,19.681910453859743,0
2001-10-04,0.24677197599999978,0.2690829929999996,0.28166699400000006,0.2421669959999999,0.2508330050000005,1980576000.0,12.980803222350668,0
2001-10-05,0.25143453499999957,0.27416700100000035,0.2807500059999999,0.2549169960000004,0.2649999859999994,1078212000.0,1.889382878984125,0
2001-10-08,0.2570893759999997,0.2803330119999998,0.2907499970000007,0.26333299300000057,0.26333299300000057,765900000.0,2.248998230096988,0
2001-10-09,0.24593192300000055,0.26816698899999913,0.2866669890000004,0.2601670029999994,0.28108298799999965,917556000.0,-4.339846710597173,0
2001-10-10,0.2617516819999999,0.28541699099999995,0.28749999399999915,0.2616670130000003,0.2634170059999992,968124000.0,6.432559825624162,0
2001-10-11,0.29010433000000013,0.31633299599999987,0.3171670140000007,0.2990829940000008,0.3006669879999997,918000000.0,10.831872654701202,0
2001-10-12,0.3089815680000001,0.33691701300000076,0.33750000600000085,0.3072499929999992,0.30833300900000005,1253100000.0,6.507072376351153,0
2001-10-15,0.3076059519999994,0.3354170019999998,0.3458330039999993,0.3179169890000004,0.32708299199999935,908568000.0,-0.4452167572790322,0
2001-10-16,0.33855760099999976,0.36916699999999913,0.3718329970000003,0.3280830090000002,0.33500000799999974,1383852000.0,10.062101145367697,0
2001-10-17,0.3186870810000002,0.3474999959999998,0.37749999799999934,0.3458330039999993,0.3773329850000007,1695540000.0,-5.8691605696067235,0
2001-10-18,0.3321380319999996,0.36216700099999954,0.36558300299999935,0.3466669919999994,0.3474999959999998,1020864000.0,4.220720911893183,0
2001-10-19,0.3390161989999996,0.36966699399999925,0.375,0.35249999200000026,0.3569999930000005,1059264000.0,2.0708659207745006,0
2001-10-22,0.34704065300000053,0.37841698499999943,0.3833329980000002,0.3587499859999994,0.3669170140000002,970824000.0,2.3669927643039657,0
2001-10-23,0.34092646799999926,0.3717499970000002,0.3900829849999994,0.3633329869999997,0.38324999800000015,953028000.0,-1.7618099251015318,0
2001-10-24,0.3559822439999998,0.38816699400000054,0.38908299799999924,0.3608329890000004,0.36500000999999926,1212144000.0,4.41613910759493,0
2001-10-25,0.37684586600000003,0.4109170140000007,0.4178329999999999,0.3733330069999994,0.37916699099999995,1152396000.0,5.860884709842185,0
2001-10-26,0.34994411499999956,0.38158300499999953,0.42033299799999924,0.37916699099999995,0.40808299200000064,1097124000.0,-7.138669853178692,0
2001-10-29,0.32151448699999996,0.35058298699999924,0.38958299199999935,0.3501670059999995,0.38291698699999976,1004796000.0,-8.12405625874244,0
2001-10-30,0.32097977399999955,0.34999999399999915,0.36616700899999977,0.3362500070000003,0.34416699400000006,1153380000.0,-0.16629243905667002,0
2001-10-31,0.32755261700000027,0.3571670059999992,0.3729169960000007,0.3520829980000002,0.363083005,989292000.0,2.047717749389455,0
2001-11-01,0.35552361599999927,0.38766700000000043,0.3905830090000002,0.3562499880000001,0.3617500069999995,1093776000.0,8.539420911684093,0
2001-11-02,0.36049071000000055,0.39308300599999946,0.3978329899999995,0.37166699800000025,0.38591700799999984,1087248000.0,1.3970768726768057,0
2001-11-05,0.3617901210000003,0.39449998699999966,0.4108330010000003,0.3919999900000004,0.3999170060000008,933456000.0,0.36047882466838654,0
2001-11-06,0.3866274950000008,0.4215829969999998,0.42341700200000076,0.39166700800000065,0.3937500119999999,1415376000.0,6.865148515201347,0
2001-11-07,0.3869338330000005,0.4219169909999998,0.43816700600000047,0.4159170089999993,0.418332994,1419144000.0,0.07922378330642577,0
2001-11-08,0.3802080150000009,0.4145829980000002,0.4328329859999993,0.40208300900000005,0.4271669980000006,1915188000.0,-1.7382549545154613,0
2001-11-09,0.40657410000000027,0.44333300000000087,0.4436669949999992,0.42491701199999987,0.4329169989999997,2270484000.0,6.9346794583216465,0
2001-11-12,0.4175028800000007,0.45524999500000085,0.46658301399999935,0.4281669860000008,0.44166699099999995,1458636000.0,2.688046006049638,0
2001-11-13,0.41406396,0.45149999899999926,0.45675000499999996,0.4449999929999997,0.456667006,1446516000.0,-0.8237223594038778,0
2001-11-14,0.4025242920000007,0.43891701099999914,0.4591670039999993,0.42666700500000054,0.4548330010000008,1150224000.0,-2.786929795762849,0
2001-11-15,0.4046638009999999,0.4412499959999998,0.44725000899999934,0.42841699699999936,0.43391698599999984,874944000.0,0.5315321442394438,0
2001-11-16,0.4011485869999998,0.437417001,0.44633299100000023,0.43149998800000056,0.44166699099999995,496128000.0,-0.8686674299709152,0
2001-11-19,0.39235925700000074,0.4278329910000007,0.4458329980000002,0.4041669960000007,0.4417499899999999,1943052000.0,-2.1910465249612043,0
2001-11-20,0.3813543020000001,0.4158329960000007,0.437417001,0.4110830130000007,0.4299170080000003,937884000.0,-2.804831617111081,0
2001-11-21,0.3764635030000001,0.4104999899999999,0.42141699799999977,0.39833301300000024,0.4088329969999993,728412000.0,-1.2824874532082697,0
2001-11-23,0.3817366359999994,0.41624999000000074,0.4166670139999997,0.40500000099999944,0.41208300000000087,254016000.0,1.4007308502005156,0
2001-11-26,0.40902003599999937,0.44600001000000056,0.44658300300000064,0.4220829899999998,0.4232499900000004,1215780000.0,7.147152123655309,0
2001-11-27,0.41337618200000037,0.4507499930000005,0.46083301300000024,0.4375,0.44574999800000015,1183992000.0,1.0650185859861327,0
2001-11-28,0.39251244099999916,0.4280000029999993,0.45241698599999935,0.4269999860000002,0.4449999929999997,740844000.0,-5.0471415093288785,0
2001-11-29,0.4097078740000004,0.4467499850000003,0.46141699,0.4449999929999997,0.4590829910000007,5135472000.0,4.38083688518105,0
2001-11-30,0.4175792040000008,0.4553329940000008,0.4585829970000006,0.43999999799999934,0.44658300300000064,1034028000.0,1.9212108087703683,0
2001-12-03,0.4112366139999999,0.44841700799999984,0.4513329860000006,0.4404169919999994,0.44574999800000015,851496000.0,-1.518885319344987,0
2001-12-04,0.44432774200000047,0.48449999099999985,0.4850000140000006,0.45066699400000054,0.45066699400000054,1384644000.0,8.046747192069038,0
2001-12-05,0.48017010100000057,0.5235829949999999,0.5245829820000001,0.487917006,0.4883329869999997,1707036000.0,8.066667642105285,0
2001-12-06,0.4726042449999994,0.5153329969999998,0.5208330150000009,0.5022500159999996,0.5195000170000004,1138944000.0,-1.575681043651933,0
2001-12-07,0.45816019199999936,0.49958300599999994,0.5161669849999999,0.4906669860000008,0.5115000009999999,807036000.0,-3.0562745043861472,0
2001-12-10,0.46274557699999974,0.5045830010000003,0.5159999729999996,0.49291700100000035,0.4970830080000006,695868000.0,1.0008336832818543,0
2001-12-11,0.47933009299999974,0.5226669909999995,0.5345829729999991,0.5083330270000008,0.5134170059999992,792252000.0,3.5839475297742007,0
2001-12-12,0.4942327740000003,0.5389170050000001,0.5391669869999998,0.5164999960000003,0.5266669989999997,1004628000.0,3.1090568717395684,0
2001-12-13,0.4800180790000006,0.5234169959999999,0.5350829959999999,0.5213329790000003,0.5283330080000006,881400000.0,-2.8761402695021476,0
2001-12-14,0.5016456839999996,0.5469999909999999,0.5495830179999999,0.5209169980000006,0.5233330130000002,754680000.0,4.505584491948733,0
2001-12-17,0.5196820500000001,0.5666670200000006,0.574582994,0.5428329709999993,0.5428329709999993,1080960000.0,3.595434976890166,0
2001-12-18,0.5063073039999999,0.5520830149999991,0.5620830059999999,0.5474169849999999,0.5542500019999999,886968000.0,-2.5736463364322892,0
2001-12-19,0.4924746159999991,0.5370000000000008,0.5540829899999995,0.5349169969999998,0.5429999829999996,854652000.0,-2.732019386613438,0
2001-12-20,0.4730629919999991,0.5158330200000005,0.5489169959999991,0.5139170289999999,0.5391669869999998,951228000.0,-3.9417094972067135,0
2001-12-21,0.49354490600000034,0.5381669999999996,0.5416669849999991,0.5210000279999996,0.5270829799999994,723972000.0,4.32969180608096,0
2001-12-24,0.5058485869999991,0.5515829920000002,0.5543329719999992,0.5376669760000006,0.5379170179999999,265308000.0,2.4929049904583778,0
2001-12-26,0.5182294249999995,0.565083027,0.5745000240000007,0.5542500019999999,0.5543329719999992,642156000.0,2.447507482246647,0
2001-12-27,0.5302283760000002,0.5781670210000005,0.5807499889999992,0.5691670179999999,0.5699999929999997,730152000.0,2.315410899786219,0
2001-12-28,0.5174654719999996,0.5642499920000006,0.5854169729999992,0.5586670040000001,0.5815830230000003,757680000.0,-2.407094921451758,0
2001-12-31,0.5112752319999991,0.5575000049999996,0.5716670159999993,0.5562499760000001,0.5684170129999995,737580000.0,-1.196275958476234,0
2002-01-02,0.5143316979999994,0.5608329770000005,0.5704169869999998,0.5458329919999994,0.559916973,1298904000.0,0.5978425058489556,0
2002-01-03,0.5480344299999995,0.5975829959999999,0.6000000239999999,0.5616670250000002,0.5619999769999993,1414752000.0,6.552756436788476,0
2002-01-04,0.5320625309999993,0.5801669960000009,0.6054999829999996,0.5699999929999997,0.6054999829999996,936288000.0,-2.9144068885119334,0
2002-01-07,0.5177706480000008,0.5645830039999993,0.5833330150000009,0.5567499999999992,0.5824999809999998,973068000.0,-2.6861217731178777,0
2002-01-08,0.5238848919999999,0.5712500209999991,0.5848330260000001,0.5615000129999999,0.5634170170000008,774360000.0,1.1808745486075578,0
2002-01-09,0.5167011620000004,0.5634170170000008,0.5895829799999994,0.5554170010000004,0.5791670080000006,1141188000.0,-1.371204150905403,0
2002-01-10,0.5043207410000008,0.5499169829999992,0.5680829880000005,0.5450000169999996,0.5604169960000007,992508000.0,-2.396099796893425,0
2002-01-11,0.48200443400000026,0.5255830289999999,0.5537499789999991,0.5234169959999999,0.5535830260000001,1380852000.0,-4.425023185726939,0
2002-01-14,0.4567083719999996,0.4979999960000008,0.5280830260000009,0.4979999960000008,0.5244169830000001,1369560000.0,-5.2480828866336875,0
2002-01-15,0.49935275300000015,0.5444999930000005,0.5448330040000009,0.5181670189999998,0.5187500119999999,1838808000.0,9.337348870179497,0
2002-01-16,0.47986462699999954,0.5232499839999996,0.5405830139999992,0.5212500099999993,0.5370830299999998,1115388000.0,-3.9026646966366374,0
2002-01-17,0.4966776969999991,0.5415830019999994,0.5416669849999991,0.5210000279999996,0.5405830139999992,1121544000.0,3.5036824769401287,0
2002-01-18,0.4875838760000004,0.5316669940000001,0.5354170200000006,0.5208330149999991,0.5211669800000003,803676000.0,-1.830930432340272,0
2002-01-22,0.475355446,0.5183330179999999,0.5380830169999999,0.5123329759999997,0.5366669890000004,1085028000.0,-2.5079563242551006,0
2002-01-23,0.4842973050000001,0.5280830259999991,0.5318329930000001,0.5126670000000004,0.5230000019999999,889164000.0,1.881031626659757,0
2002-01-24,0.5016456839999996,0.5469999909999999,0.5525000099999993,0.5220829840000007,0.5333330039999993,1137684000.0,3.582195236095309,0
2002-01-25,0.5003461839999996,0.5455830099999996,0.5591670270000009,0.5325000289999995,0.5391669869999998,817752000.0,-0.25904589091665375,0
2002-01-28,0.5196050999999997,0.5665829779999996,0.5666670200000006,0.5507500170000004,0.5562499760000001,924288000.0,3.849087602636314,0
2002-01-29,0.4941559729999998,0.5388330220000004,0.5695829989999996,0.5299999710000005,0.5679169890000004,1381932000.0,-4.897774390956022,0
2002-01-30,0.5001170039999998,0.5453330279999999,0.545750022,0.5287500020000007,0.5416669850000009,1218456000.0,1.2063117393722012,0
2002-01-31,0.5024096369999995,0.5478330249999992,0.5566669700000002,0.5295829770000005,0.5524169800000003,973980000.0,0.4584349143804234,0
2002-02-01,0.49010583799999985,0.5344169740000009,0.5527499910000007,0.53125,0.5469170210000005,688272000.0,-2.4489306755466234,0
2002-02-04,0.4670258159999996,0.5092499850000003,0.5462499859999994,0.5084170100000005,0.5332499740000003,1104864000.0,-4.70924207583272,0
2002-02-05,0.4624403420000007,0.5042499899999999,0.5102499720000004,0.4844169909999998,0.5058330299999998,1474620000.0,-0.9818350804664089,0
2002-02-06,0.47397989000000074,0.5168330070000007,0.5257499810000006,0.5074999929999997,0.5175830129999994,1242528000.0,2.495392612699887,0
2002-02-07,0.4586187010000007,0.5000830290000007,0.5174999830000004,0.4976670149999993,0.5174999830000004,964476000.0,-3.240887825107497,0
2002-02-08,0.4411180019999996,0.48100000600000037,0.5062500239999999,0.46191701300000076,0.5034170150000001,1871292000.0,-3.8159709274997233,0
2002-02-11,0.46549683799999997,0.5075830220000004,0.5083330270000008,0.47850000899999934,0.4802500009999999,1249224000.0,5.5266144840755205,0
2002-02-12,0.475355446,0.5183330179999999,0.5279170270000009,0.49416699999999913,0.499917001,1216500000.0,2.1178793486122505,0
2002-02-13,0.46924230499999986,0.5116670130000003,0.533833027,0.5066670179999999,0.5249999760000001,1230432000.0,-1.2860467630869787,0
2002-02-14,0.4750502109999992,0.5180000069999995,0.5287500020000007,0.5095000269999996,0.5159999729999996,1225692000.0,1.2377178592906768,0
2002-02-15,0.43829053600000023,0.4779169860000003,0.4970830080000006,0.47291699099999995,0.49416699999999913,3988548000.0,-7.738034837516916,0
2002-02-19,0.4092492159999992,0.44624999200000026,0.46224999400000044,0.4425829950000004,0.4575000110000005,1972524000.0,-6.626044883870275,0
2002-02-20,0.43064761199999957,0.4695830050000005,0.4745829999999991,0.4375,0.4383330050000005,1838736000.0,5.228686480290179,0
2002-02-21,0.401224762,0.4375,0.4633330109999996,0.4369170069999999,0.46316701199999954,1531044000.0,-6.832232993610998,0
2002-02-22,0.3815073669999993,0.41600000899999934,0.4337500040000002,0.41041699099999995,0.42875000799999974,2585616000.0,-4.914283657142859,0
2002-02-25,0.4113888439999993,0.44858300699999987,0.45183300999999965,0.4178329999999999,0.4179170130000003,1599564000.0,7.832451272855612,0
2002-02-26,0.42033040499999963,0.4583329860000003,0.46625000200000066,0.44624999200000026,0.4584169980000006,1902672000.0,2.173506095383604,0
2002-02-27,0.40619260100000076,0.4429169890000004,0.4707500039999992,0.44166699099999995,0.46875,1723224000.0,-3.363492803461454,0
2002-02-28,0.38983732500000023,0.4250830109999999,0.4479170139999997,0.4213329849999994,0.43999999799999934,1585440000.0,-4.026483165675088,0
2002-03-01,0.42751485099999975,0.4661670030000007,0.4666669960000007,0.4279170039999993,0.4291670019999998,1311396000.0,9.664933892171002,0
2002-03-04,0.4513590040000004,0.4921669959999999,0.49750000200000066,0.46308299899999916,0.4675830009999995,1484724000.0,5.577398836184888,0
2002-03-05,0.45021274700000014,0.49091699699999936,0.5040829779999996,0.4841670100000002,0.4845829899999998,1379448000.0,-0.25397863126929154,0
2002-03-06,0.4360739890000005,0.47549998799999926,0.4810830060000004,0.4652499849999998,0.4762499929999997,1446060000.0,-3.1404512563658615,0
2002-03-07,0.43255883500000003,0.4716669919999994,0.4838329849999994,0.45849999800000063,0.48225000499999915,1346532000.0,-0.8060980224462111,0
2002-03-08,0.44547417799999955,0.4857499900000004,0.4957500100000001,0.4783329960000007,0.480666995,1270356000.0,2.9857925695169207,0
2002-03-11,0.4402770700000005,0.48008298899999957,0.4857499900000004,0.47208300199999975,0.4804170130000003,810540000.0,-1.1666497409500765,0
2002-03-12,0.4171976149999992,0.4549170139999994,0.4679169949999995,0.4516670109999996,0.46541699800000025,1255032000.0,-5.242005148405704,0
2002-03-13,0.40963164000000063,0.4466669860000003,0.4539169970000003,0.4449999929999997,0.45066699400000054,1031616000.0,-1.8135237298467,0
2002-03-14,0.3869338330000005,0.4219169909999998,0.4433329999999991,0.4210000039999997,0.44333300000000087,1139460000.0,-5.541039695286543,0
2002-03-15,0.4032882149999999,0.4397499860000007,0.44025000899999966,0.41683301299999975,0.42491701199999987,1248288000.0,4.22665959902051,0
2002-03-18,0.4032882149999999,0.4397499860000007,0.45741701100000043,0.43474999100000034,0.44775000199999937,1236996000.0,0.0,0
2002-03-19,0.39472907799999923,0.43041700100000035,0.44374999399999915,0.4278329910000007,0.4429169890000004,846072000.0,-2.1223388964473955,0
2002-03-20,0.35552361599999927,0.38766700000000043,0.42416700699999943,0.3862499889999995,0.4233329890000004,2292588000.0,-9.932228722535996,0
2002-03-21,0.37439992999999916,0.4082500039999992,0.4129169879999992,0.38383299100000023,0.39425000499999996,1721712000.0,5.30945476401139,0
2002-03-22,0.3711902800000004,0.4047499900000009,0.4155830139999992,0.4016669989999997,0.4155830139999992,1249140000.0,-0.8573212408345743,0
2002-03-25,0.3520075380000005,0.38383299100000023,0.4033330080000006,0.3833329980000002,0.40283301500000057,884160000.0,-5.16788128889144,0
2002-03-26,0.3591920729999991,0.39166700800000065,0.4014169869999993,0.3776670099999997,0.3798330130000007,1123512000.0,2.0409962623561873,0
2002-03-27,0.34772858000000006,0.37916699099999995,0.3934999999999995,0.37250000200000066,0.38566699599999943,1068012000.0,-3.1914909207772624,0
2002-03-28,0.3390161989999996,0.36966699399999925,0.3841669860000003,0.3489170070000007,0.38174998799999926,3124080000.0,-2.505491571126761,0
2002-04-01,0.33343651899999927,0.36358299900000013,0.36641699099999947,0.3379999999999992,0.3491669890000004,2365344000.0,-1.64580422346281,0
2002-04-02,0.3247242270000008,0.3540830019999994,0.3724170030000007,0.35199999800000015,0.3526670040000006,1438008000.0,-2.612882622710322,0
2002-04-03,0.3308384120000003,0.3607499900000004,0.3653329910000007,0.3483330010000003,0.355666995,1094640000.0,1.8828884646657107,0
2002-04-04,0.3292335269999995,0.35899999699999974,0.3712500040000002,0.3530830139999992,0.3580000099999996,1130964000.0,-0.4850985581454914,0
2002-04-05,0.3217438159999997,0.35083299899999965,0.3671669959999999,0.34716698499999943,0.3613330129999994,1026900000.0,-2.2749298240244964,0
2002-04-08,0.3325195609999998,0.3625830109999999,0.3625830109999999,0.3345000149999997,0.3345830139999997,1151316000.0,3.349175258168935,0
2002-04-09,0.31150358900000086,0.3396669919999997,0.3691670000000009,0.3388330039999996,0.36616700899999977,1380768000.0,-6.320213111143258,0
2002-04-10,0.2943081860000003,0.3209170100000005,0.34499999900000056,0.2966670100000002,0.34241700199999947,3689724000.0,-5.520107176030809,0
2002-04-11,0.28139194799999956,0.30683299899999916,0.32241699100000076,0.3033330139999997,0.31833300000000087,1437288000.0,-4.388676997831931,0
2002-04-12,0.28032276000000067,0.30566701300000076,0.31616699699999984,0.2960830029999997,0.3136669990000005,1376880000.0,-0.3800067149883124,0
2002-04-15,0.29163315899999986,0.3179999890000005,0.3232499959999995,0.3108330069999994,0.3115830119999998,1157208000.0,4.034774926792628,0
2002-04-16,0.3043190540000005,0.331833005,0.3356670140000002,0.32533299900000046,0.3322499990000001,854856000.0,4.350005181918437,0
2002-04-17,0.3079113959999997,0.33575001400000026,0.3406670090000006,0.3252500000000005,0.33575001400000026,944484000.0,1.1804157335102872,0
2002-04-18,0.30279132699999955,0.3301669960000009,0.3359169959999999,0.3229170139999997,0.33233299900000013,693156000.0,-1.6628496700524353,0
2002-04-19,0.28215688499999914,0.3076669869999993,0.3229170139999997,0.3072499929999992,0.31900000599999956,1125672000.0,-6.814735958648022,0
2002-04-22,0.28353249999999974,0.30916699800000025,0.3154169919999994,0.3041670019999998,0.30425000199999985,808176000.0,0.4875436960677382,0
2002-04-23,0.27206891800000044,0.2966670100000002,0.3151670099999997,0.29391700000000043,0.3115830119999998,773508000.0,-4.0431184702320655,0
2002-04-24,0.24822469100000077,0.27066698700000025,0.30450001400000026,0.26991701100000043,0.3000830109999999,1582956000.0,-8.764042553973217,0
2002-04-25,0.257854193,0.281167001,0.28658300600000075,0.26949998699999966,0.2695829869999997,1168296000.0,3.8793109260864433,0
2002-04-26,0.23209865399999963,0.2530829909999994,0.28458300199999975,0.2530829909999994,0.28424999099999937,1191120000.0,-9.988373422242402,0
2002-04-29,0.27076941700000035,0.29524999899999926,0.2994999889999992,0.2734999949999999,0.2829999920000006,3930852000.0,16.661336201767906,0
2002-04-30,0.26603087800000047,0.29008299100000023,0.30625000600000085,0.28374999799999934,0.30224999800000063,1776504000.0,-1.7500450524980282,0
2002-05-01,0.2708455920000006,0.29533299799999924,0.2994169890000009,0.27791699800000025,0.2853330080000003,1718904000.0,1.8098293119157782,0
2002-05-02,0.2599176760000006,0.28341698600000065,0.3040829899999995,0.2833330039999993,0.29675000900000015,1125084000.0,-4.034771624131217,0
2002-05-03,0.25028818800000074,0.2729170019999998,0.2859170140000007,0.27149999100000066,0.28374999799999934,852756000.0,-3.7047828883481126,0
2002-05-06,0.24073491999999952,0.2624999880000001,0.2783330080000006,0.2603330019999994,0.2658329899999998,1102044000.0,-3.816916470451337,0
2002-05-07,0.24677197599999978,0.2690829929999996,0.27391699,0.25591701299999947,0.26833298799999916,1412448000.0,2.5078115432142223,0
2002-05-08,0.2751256229999992,0.3000000119999999,0.3046669959999999,0.2783330080000006,0.2874169949999992,1688688000.0,11.48977074147528,0
2002-05-09,0.26335653699999995,0.28716701299999947,0.305249989,0.2866669890000004,0.2990829940000008,1230840000.0,-4.277666162226668,0
2002-05-10,0.24363933499999924,0.2656669909999998,0.29416701200000084,0.2624999880000001,0.2930830120000003,1321548000.0,-7.486940012848898,0
2002-05-13,0.2583887580000006,0.2817499940000001,0.2826670110000009,0.2661670150000006,0.26841700099999954,800892000.0,6.053820589250392,0
2002-05-14,0.2840670939999992,0.30974999100000034,0.31291699400000006,0.29458299300000057,0.2997499999999995,1526112000.0,9.937887345616048,0
2002-05-15,0.2896457909999999,0.31583300199999975,0.3216669860000003,0.30074998699999966,0.3050000070000003,1504548000.0,1.963845416221477,0
2002-05-16,0.2901813390000001,0.31641700900000025,0.3229170139999997,0.30950000900000063,0.31591698499999943,985560000.0,0.1849100620586963,0
2002-05-17,0.2993521690000005,0.3264169989999992,0.3273330029999997,0.3169170020000003,0.3249999880000001,934404000.0,3.1603832017766065,0
2002-05-20,0.3025619089999996,0.3299170139999994,0.3320829869999997,0.3221670089999993,0.32366698999999954,953412000.0,1.072252673948526,0
2002-05-21,0.2794817090000006,0.3047499949999999,0.33875000499999963,0.3044170140000002,0.3341670039999993,1382604000.0,-7.628287700251802,0
2002-05-22,0.29079207800000084,0.3170830010000003,0.3189170059999995,0.30666699999999913,0.30716699399999925,1547988000.0,4.046925743181706,0
2002-05-23,0.27306202099999943,0.2977499960000003,0.3186669949999992,0.28833299899999965,0.3179999890000005,2556780000.0,-6.097143315481601,0
2002-05-24,0.2677126819999991,0.29191699599999943,0.2935830060000004,0.28516700900000025,0.29208299499999946,737784000.0,-1.9590260548651761,0
2002-05-28,0.2570893759999997,0.2803330119999998,0.2946670059999992,0.27450001200000074,0.2944999930000005,1367088000.0,-3.9682458228639694,0
2002-05-29,0.26679563499999936,0.2909170089999993,0.29208299499999946,0.2715829910000007,0.2758330109999996,1311012000.0,3.775508608311884,0
2002-05-30,0.26289811700000065,0.2866669890000004,0.2935830060000004,0.27941700799999936,0.2849999959999998,1066080000.0,-1.4609046114591462,0
2002-05-31,0.2557136119999992,0.2788330020000007,0.2895829980000002,0.2783330080000006,0.28833299899999965,674112000.0,-2.7327830899985472,0
2002-06-03,0.24065876000000053,0.2624169890000001,0.27333301300000024,0.25908300300000064,0.2720830139999997,901248000.0,-5.887399584070763,0
2002-06-04,0.2528102099999998,0.27566701199999954,0.27708300900000005,0.2603330019999994,0.2607499959999995,1095432000.0,5.049224537821373,0
2002-06-05,0.2491417079999998,0.2716670039999993,0.2763330039999996,0.262082994,0.27625000499999963,1114308000.0,-1.4510288956881112,0
2002-06-06,0.24921785299999932,0.2717500029999993,0.2754170000000009,0.2687500119999999,0.2688330109999999,739356000.0,0.030551741204476457,0
2002-06-07,0.24684907500000008,0.269167006,0.27250000799999974,0.24958300599999994,0.24966700400000086,1371300000.0,-0.9505048653118298,0
2002-06-10,0.24478575600000063,0.26691699000000035,0.2803330119999998,0.2662500140000006,0.27274998999999944,749148000.0,-0.8359182031396406,0
2002-06-11,0.23378063700000062,0.2549169960000004,0.27250000799999974,0.2542499899999999,0.27133300899999924,859308000.0,-4.495777507456533,0
2002-06-12,0.21360470399999976,0.23291699600000015,0.25333300199999975,0.22225000000000072,0.2488330009999995,2267544000.0,-8.630260180847271,0
2002-06-13,0.21138818600000064,0.23049999800000087,0.2389999930000002,0.22316700200000028,0.2346670030000002,1265892000.0,-1.0377078708330822,0
2002-06-14,0.21536189300000075,0.23483300200000023,0.23658299400000082,0.2144999950000006,0.22200000299999978,1116444000.0,1.879828215877044,0
2002-06-17,0.2172730860000005,0.23691700400000038,0.24316699799999952,0.23283299799999924,0.24008299399999977,1054140000.0,0.8874400030026264,0
2002-06-18,0.21612668000000035,0.23566700499999982,0.2425000070000003,0.23125000299999954,0.23399999699999974,1008300000.0,-0.5276105044785928,0
2002-06-19,0.18227072100000008,0.19875000400000076,0.2241670039999999,0.1969999970000007,0.2241670039999999,2593620000.0,-15.664900141621441,0
2002-06-20,0.1805896760000003,0.19691699700000065,0.20458300399999985,0.19433300200000048,0.19916699800000082,1425048000.0,-0.9222676543946151,0
2002-06-21,0.17317597599999957,0.18883299800000053,0.20350000300000026,0.18483300499999977,0.19591699499999926,1484364000.0,-4.105282491180795,0
2002-06-24,0.17638574499999926,0.19233299799999948,0.19824999599999948,0.17833299900000021,0.18399999999999928,1379592000.0,1.8534896109630106,0
2002-06-25,0.1617894169999996,0.17641699300000013,0.1958329980000002,0.17524999399999963,0.1958329980000002,1172232000.0,-8.275233665312076,0
2002-06-26,0.15338251000000014,0.1672500069999998,0.17316700499999982,0.15208299500000066,0.15641699699999911,2067828000.0,-5.196203519918285,0
2002-06-27,0.1305314899999992,0.1423330010000008,0.17474999999999952,0.14000000100000065,0.17341700200000076,3182808000.0,-14.898059765103632,0
2002-06-28,0.1312963810000003,0.14316700400000038,0.14908300299999944,0.13691699499999999,0.14000000100000065,1991184000.0,0.5859519536161484,0
2002-07-01,0.13098999900000052,0.14283299400000082,0.14666700399999932,0.13983300299999968,0.1424999979999999,1164372000.0,-0.23330096367735198,0
2002-07-02,0.12273625299999935,0.1338330059999997,0.1416669929999994,0.13016700700000072,0.14116699999999938,1368180000.0,-6.301056743233979,0
2002-07-03,0.13335975999999938,0.14541700500000054,0.1456670019999997,0.13291700199999923,0.1330000009999992,1073304000.0,8.655562141374883,0
2002-07-05,0.14512872699999946,0.15825000399999922,0.15833300399999928,0.1513330039999996,0.15583300599999994,739524000.0,8.824964453091312,0
2002-07-08,0.14948487300000046,0.1630000030000005,0.16866700399999957,0.15625,0.15641699699999911,1587180000.0,3.001579071050142,0
2002-07-09,0.14214819699999914,0.15500000099999944,0.16549999999999976,0.15150000200000058,0.16341699700000056,1075080000.0,-4.907976596785712,0
2002-07-10,0.138250545,0.15074999600000005,0.1599999959999998,0.14966699500000047,0.15874999799999934,926988000.0,-2.741938691987489,0
2002-07-11,0.15231229399999968,0.16608299299999985,0.16666699900000026,0.14858299499999994,0.1499170060000008,1143948000.0,10.171142558438294,0
2002-07-12,0.15215998899999938,0.16591699399999982,0.17566700299999916,0.16249999399999915,0.17499999700000046,1344900000.0,-0.09994942709155019,0
2002-07-15,0.16729195399999952,0.18241700499999958,0.18250000499999963,0.1588329969999993,0.16633300500000026,1495272000.0,9.944738391294617,0
2002-07-16,0.16278259499999947,0.1774999949999998,0.19458299899999965,0.1745830030000004,0.17791700399999932,1773432000.0,-2.6954778695111203,0
2002-07-17,0.14895023400000085,0.16241699499999918,0.17708300099999974,0.15549999499999956,0.17366699899999993,1922364000.0,-8.497465028097595,0
2002-07-18,0.14512872699999946,0.15825000399999922,0.1691669969999996,0.1578329949999997,0.15975000000000072,1243188000.0,-2.565612668797379,0
2002-07-19,0.13855595899999962,0.15108299299999928,0.15950000299999978,0.15000000600000085,0.15341700599999974,845772000.0,-4.528916789158499,0
2002-07-22,0.13213638999999944,0.1440829929999996,0.1546670050000003,0.1379169969999996,0.15041699999999913,1290744000.0,-4.633215070077412,0
2002-07-23,0.12227769899999963,0.1333329980000002,0.14583300099999974,0.12841700000000067,0.1449169959999992,1409652000.0,-7.46097424558635,0
2002-07-24,0.13007296600000018,0.14183300700000068,0.14399999399999963,0.1314170059999995,0.13150000599999956,1175100000.0,6.375022783182294,0
2002-07-25,0.1150941999999997,0.12549999400000011,0.13674999800000087,0.12091700000000039,0.1363330040000008,1796448000.0,-11.51566433333815,0
2002-07-26,0.11241906100000065,0.12258300200000072,0.13216699700000056,0.11916699999999913,0.12916700499999934,1221900000.0,-2.3242965254643866,0
2002-07-29,0.11555274600000054,0.1260000019999996,0.12833300199999975,0.121917002,0.12766699500000023,1227720000.0,2.7874990367751096,0
2002-07-30,0.12395967500000005,0.1351670029999994,0.1414999960000003,0.125,0.12541699400000006,1818012000.0,7.2753975035651175,0
2002-07-31,0.08460112699999911,0.0922499969999997,0.1005000030000005,0.09116700300000069,0.09849999799999942,4837139999.999999,-31.751096826493963,0
2002-08-01,0.07650049000000081,0.08341699800000058,0.09300000200000014,0.08333300099999974,0.09300000200000014,1725708000.0,-9.57506697805095,0
2002-08-02,0.07145652900000066,0.07791700199999951,0.08666700100000035,0.07583299999999937,0.08608300200000052,1795260000.0,-6.59337560912946,0
2002-08-05,0.06572475299999958,0.07166700099999979,0.0769169999999999,0.07074999800000015,0.07675000300000079,1330716000.0,-8.02135713589186,0
2002-08-06,0.06916382200000015,0.0754169969999996,0.07824999800000043,0.07383300400000081,0.07500000299999954,1168800000.0,5.2325281477872965,0
2002-08-07,0.06755892900000049,0.07366699700000012,0.07949999699999921,0.0708329980000002,0.07874999899999935,892980000.0,-2.3204318252024847,0
2002-08-08,0.07199122799999991,0.07850000300000026,0.07983300100000079,0.07249999799999962,0.07441700200000056,755424000.0,6.560612210105421,0
2002-08-09,0.07031017499999948,0.07666700300000073,0.07916700100000007,0.07508300199999951,0.07641699899999921,581304000.0,-2.335031757896877,0
2002-08-12,0.07031017499999948,0.07666700300000073,0.07958299699999927,0.07383300400000081,0.07583299999999937,592800000.0,0.0,0
2002-08-13,0.06885749099999927,0.07508300199999951,0.08091700099999954,0.07500000299999954,0.07716699700000085,654420000.0,-2.066079197069959,0
2002-08-14,0.07351997499999996,0.08016700299999968,0.0808330030000004,0.07583299999999937,0.07649999899999926,632688000.0,6.771174386447698,0
2002-08-15,0.07864007400000084,0.0857499990000008,0.08741699900000022,0.08233299900000013,0.08316700199999971,1140120000.0,6.964206956819874,0
2002-08-16,0.08169668899999927,0.08908300100000055,0.09208300000000058,0.07866699999999938,0.08116699800000049,1657428000.0,3.8868828441618986,0
2002-08-19,0.09667637899999981,0.10541699800000082,0.1120830030000004,0.09274999800000039,0.09291700300000016,2243928000.0,18.335705821136415,0
2002-08-20,0.09239634899999949,0.10074999899999959,0.10833299899999993,0.09941700100000084,0.10625000299999954,1429488000.0,-4.427178812282239,0
2002-08-21,0.09728715600000015,0.10608299799999976,0.10741700200000004,0.10041700300000045,0.1053329999999999,1194876000.0,5.293299308122079,0
2002-08-22,0.0940012259999996,0.10249999900000084,0.10708299999999937,0.10183300099999926,0.10291700099999979,1358496000.0,-3.3775431195864236,0
2002-08-23,0.08781089600000058,0.09574999700000042,0.10024999800000067,0.09516700400000033,0.09958300000000087,919932000.0,-6.585367869125536,0
2002-08-26,0.08849870399999915,0.09650000200000086,0.09825000200000034,0.09200000000000053,0.09758300300000045,698568000.0,0.7832950637063796,0
2002-08-27,0.08345474300000078,0.09099999799999914,0.0986670029999992,0.09041699800000025,0.09816700200000028,686712000.0,-5.699485892238643,0
2002-08-28,0.07825761299999989,0.08533299700000008,0.090667002,0.08500000099999916,0.09049999700000022,700356000.0,-6.227473763241187,0
2002-08-29,0.0792517660000005,0.0864169970000006,0.09033299999999933,0.0835829970000006,0.0842500029999993,815520000.0,1.2703175068373707,0
2002-08-30,0.07718831300000062,0.08416700399999932,0.08916699899999969,0.08250000299999982,0.08558300099999983,1065888000.0,-2.603646363689305,0
2002-09-03,0.07244972099999991,0.07900000399999918,0.08058299900000065,0.07766699799999977,0.08016700299999968,847284000.0,-6.138985296423294,0
2002-09-04,0.07199122799999991,0.07850000300000026,0.08133299600000043,0.07508300199999951,0.07925000000000004,930552000.0,-0.6329126261816365,0
2002-09-05,0.06923991400000062,0.07549999699999965,0.07808300099999954,0.07500000299999954,0.07774999699999974,714312000.0,-3.8216635482166805,0
2002-09-06,0.07076870699999915,0.07716699700000085,0.0793330000000001,0.07599999800000035,0.07866699999999938,746460000.0,2.2079471076005497,0
2002-09-09,0.0706916599999996,0.07708299899999993,0.07949999699999921,0.07424999800000087,0.07658299799999924,578040000.0,-0.10885223381181808,0
2002-09-10,0.08077960500000003,0.08808299899999916,0.09208300000000058,0.07658299799999924,0.07666700300000073,2317632000.0,14.270332164943401,0
2002-09-11,0.08475428100000038,0.09241700199999947,0.09916699699999931,0.09083300100000002,0.09083300100000002,1657536000.0,4.9203626683964385,0
2002-09-12,0.08207914199999955,0.0895000029999995,0.09508299800000053,0.08850000099999988,0.0901670009999993,1294932000.0,-3.1563445436154747,0
2002-09-13,0.08077960500000003,0.08808299899999916,0.09283299700000036,0.08749999900000027,0.08858299999999986,796872000.0,-1.5832446396677802,0
2002-09-16,0.0756595279999992,0.08250000299999982,0.08708299699999955,0.08041700000000063,0.08675000100000041,925464000.0,-6.338335505583769,0
2002-09-17,0.07451316699999921,0.08124999700000046,0.08824999600000005,0.08075000300000035,0.08616699999999966,884052000.0,-1.515158732782107,0
2002-09-18,0.07244972099999991,0.07900000399999918,0.08158300100000027,0.07658299799999924,0.0799999979999999,811692000.0,-2.7692222560943724,0
2002-09-19,0.07000385999999992,0.07633300100000007,0.0799999979999999,0.07591699800000029,0.07724999600000082,618492000.0,-3.375952993622633,0
2002-09-20,0.07038630499999954,0.07675000300000079,0.07850000300000026,0.07508300199999951,0.0769169999999999,687312000.0,0.5462932080975147,0
2002-09-23,0.06732964499999916,0.07341699999999918,0.0762500020000001,0.07291699900000026,0.07549999699999965,521676000.0,-4.34267474882053,0
2002-09-24,0.06786429099999935,0.07400000099999993,0.07750000100000065,0.07124999900000084,0.0725829969999996,624444000.0,0.7940953730062539,0
2002-09-25,0.07160875900000008,0.07808300099999954,0.07958299699999927,0.07525000000000048,0.07833299800000049,896616000.0,5.517567493005848,0
2002-09-26,0.067788191,0.07391700099999987,0.08041700000000063,0.07275000199999937,0.07958299699999927,739560000.0,-5.335348214907887,0
2002-09-27,0.0654184519999994,0.07133299899999912,0.07566700099999935,0.07124999900000084,0.07374999700000018,650688000.0,-3.495815529637092,0
2002-09-30,0.0654184519999994,0.07133299899999912,0.07441700200000056,0.06958299899999965,0.07108300199999995,584124000.0,0.0,0
2002-10-01,0.06893452999999994,0.07516700000000043,0.07583299999999937,0.06933300200000048,0.07191699700000065,888360000.0,5.374792948211815,0
2002-10-02,0.06885749099999927,0.07508300199999951,0.07958299699999927,0.07508300199999951,0.0757500009999994,749100000.0,-0.11174850665850444,0
2002-10-03,0.06549545400000056,0.07141699599999995,0.0754169969999996,0.07124999900000084,0.07416699800000082,590568000.0,-4.882604454201234,0
2002-10-04,0.06220863000000065,0.06783299900000017,0.07349999999999923,0.06666699800000053,0.07124999900000084,529788000.0,-5.018409063299146,0
2002-10-07,0.05915199200000032,0.06449999700000042,0.06825000000000081,0.0640000030000003,0.06691700200000028,493068000.0,-4.913540679514994,0
2002-10-08,0.05739392299999935,0.06258299899999997,0.06683299700000056,0.059999999000000415,0.06666699800000053,714252000.0,-2.9720900607173695,0
2002-10-09,0.056324615999999494,0.061416999000000416,0.06566700299999972,0.06033299899999989,0.061666998999999834,573132000.0,-1.8631257987492766,0
2002-10-10,0.05922810699999914,0.06458300399999928,0.06658299999999961,0.06083300000000058,0.06083300000000058,538032000.0,5.15493275729737,0
2002-10-11,0.06732964499999916,0.07341699999999918,0.07458300100000059,0.06666699800000053,0.06708300100000031,994140000.0,13.67851517095735,0
2002-10-14,0.06534232899999992,0.07124999900000084,0.07341699999999918,0.06975000399999942,0.07124999900000084,611484000.0,-2.95163381778063,0
2002-10-15,0.07214432199999976,0.07866699999999938,0.08200000199999913,0.07758300000000062,0.07916700100000007,852768000.0,10.409826111015107,0
2002-10-16,0.06610625200000086,0.07208299600000068,0.07400000099999993,0.0708329980000002,0.07333300300000012,578124000.0,-8.369461146351076,0
2002-10-17,0.07115025100000061,0.07758300000000062,0.08124999700000046,0.07641699899999921,0.07833299800000049,585792000.0,7.630099059700579,0
2002-10-18,0.07183801400000078,0.07833299800000049,0.07916700100000007,0.07424999800000087,0.07716699700000085,498372000.0,0.9667040459894638,0
2002-10-21,0.07833468900000007,0.0854170019999998,0.08824999600000005,0.07549999699999965,0.07724999600000082,930624000.0,9.04344807535644,0
2002-10-22,0.0809327660000001,0.08824999600000005,0.09333299799999928,0.08141700200000024,0.08150000100000021,1272168000.0,3.316662881705912,0
2002-10-23,0.08421867300000052,0.09183300299999964,0.09308300200000019,0.08833300300000069,0.08958300199999947,925428000.0,4.06006477326073,0
2002-10-24,0.07993959599999911,0.08716700199999927,0.09466700299999964,0.08583299800000077,0.09366700100000003,1055172000.0,-5.080963104299229,0
2002-10-25,0.08483037399999915,0.09250000099999944,0.09291700300000016,0.08633299899999969,0.08749999900000027,745956000.0,6.118139752013052,0
2002-10-28,0.08528892700000057,0.09300000200000014,0.09749999599999981,0.09241700199999947,0.09674999900000003,1070544000.0,0.540541615777923,0
2002-10-29,0.08154447399999931,0.08891700200000052,0.09383299899999997,0.0842500029999993,0.09316699999999933,772728000.0,-4.390322486229625,0
2002-10-30,0.08590061199999965,0.09366700100000003,0.09666699899999998,0.09141699999999986,0.09175000299999958,1139496000.0,5.342059328541016,0
2002-10-31,0.09094458799999927,0.09916699699999931,0.09983299700000003,0.0940830039999998,0.09433300000000067,1255476000.0,5.871860891542813,0
2002-11-01,0.10775750100000003,0.11749999999999972,0.11891700299999997,0.09749999599999981,0.09766700099999959,2128836000.0,18.48700026683272,0
2002-11-04,0.1195264379999994,0.13033300600000075,0.1375830019999995,0.12425000200000014,0.12458299799999928,2688132000.0,10.921707234042554,0
2002-11-05,0.11478875599999938,0.12516699699999911,0.13216699700000056,0.11958300300000069,0.12999999500000037,2034540000.0,-3.9636997246883077,0
2002-11-06,0.12365331500000032,0.13483299299999985,0.1350000050000002,0.12433300200000019,0.12941700200000028,1646016000.0,7.722479752390332,0
2002-11-07,0.11119657799999949,0.12125000400000019,0.1313329939999992,0.12049999799999966,0.1313329939999992,1660560000.0,-10.07393568723941,0
2002-11-08,0.08681771200000021,0.09466700299999964,0.10858300299999968,0.09175000299999958,0.10249999900000084,3798900000.0,-21.9241238128124,0
2002-11-11,0.08009178200000022,0.0873330009999993,0.09149999899999983,0.08516699800000005,0.0901670009999993,1378452000.0,-7.747157687034845,0
2002-11-12,0.08719924799999923,0.09508299800000053,0.09833300100000031,0.08866699800000077,0.08941700299999944,1381188000.0,8.874076135320275,0
2002-11-13,0.08995048000000061,0.09808299700000056,0.10083299899999965,0.09099999799999914,0.09283299700000036,1802112000.0,3.1551371571182596,0
2002-11-14,0.09591151799999942,0.10458300300000012,0.10658299900000046,0.10141699799999948,0.10458300300000012,1138728000.0,6.627046683738658,0
2002-11-15,0.10294281700000063,0.11224999999999952,0.11591699699999936,0.10875000100000065,0.10999999899999935,2054328000.0,7.3310163029072895,0
2002-11-18,0.10676429399999954,0.11641699800000005,0.12166699800000025,0.11608300400000005,0.12125000400000019,1982472000.0,3.7122476614699362,0
2002-11-19,0.10829217000000035,0.11808300000000038,0.12399999800000039,0.11450000099999968,0.11575000000000024,1971948000.0,1.431064216240996,0
2002-11-20,0.1137185469999995,0.12399999800000039,0.125,0.1200829970000008,0.12166699800000025,1292796000.0,5.0108804823725706,0
2002-11-21,0.12334795299999968,0.1344999970000007,0.14066700599999926,0.1287499959999998,0.12899999300000076,2053920000.0,8.46774126560874,0
2002-11-22,0.12013816800000043,0.13099999699999998,0.13366700699999967,0.125,0.12633299800000053,1251900000.0,-2.6022305413136992,0
2002-11-25,0.12449432899999913,0.13574999599999948,0.13908299799999924,0.1317500030000005,0.137082994,1230084000.0,3.6259535181516034,0
2002-11-26,0.12113136099999977,0.13208299899999965,0.13908299799999924,0.13166700300000045,0.13641700099999987,1084332000.0,-2.701287004089492,0
2002-11-27,0.1305314899999992,0.1423330010000008,0.1446670000000001,0.13591699300000037,0.13766700000000043,1088556000.0,7.760273523165528,0
2002-11-29,0.13091394299999948,0.14274999500000085,0.14816699900000074,0.1416669929999994,0.1460829970000006,519396000.0,0.2929707074749377,0
2002-12-02,0.1299206910000006,0.1416669929999994,0.15225000699999924,0.14100000300000026,0.150333002,1167504000.0,-0.7586704293754964,0
2002-12-03,0.12136060699999973,0.1323329960000006,0.13933299500000018,0.13208299899999965,0.13899999899999926,1046220000.0,-6.588688587467928,0
2002-12-04,0.10684038700000009,0.1164999980000001,0.125,0.11608300400000005,0.12300000299999958,2206548000.0,-11.964512614828138,0
2002-12-05,0.10783365400000022,0.11758299899999969,0.12483300299999911,0.11474999800000063,0.12399999800000039,1594872000.0,0.9296146082337309,0
2002-12-06,0.10798677800000078,0.11774999600000058,0.11999999700000075,0.11066699799999924,0.11249999700000046,1159224000.0,0.14202478370193283,0
2002-12-09,0.09935058699999999,0.10833299899999993,0.11575000000000024,0.10741700200000004,0.1139170010000008,969792000.0,-7.997449953204239,0
2002-12-10,0.10768140899999956,0.11741699999999966,0.11958300300000069,0.10966700300000021,0.11108300100000079,1389888000.0,8.385257570502592,0
2002-12-11,0.10706970799999915,0.11675000199999985,0.11999999700000075,0.11266700200000024,0.11658299700000008,1364208000.0,-0.5680591396475698,0
2002-12-12,0.10531163199999938,0.1148329970000006,0.12250000200000066,0.11458300099999974,0.12108299900000041,1302552000.0,-1.6419742759404832,0
2002-12-13,0.1011847699999997,0.11033300299999915,0.11275000100000021,0.10949999800000043,0.11275000100000021,707724000.0,-3.9187290391802687,0
2002-12-16,0.10714580099999971,0.11683300099999983,0.11749999999999972,0.1112499979999999,0.11416699699999988,1056972000.0,5.891254496172826,0
2002-12-17,0.10699358599999975,0.1166670019999998,0.12291699600000072,0.11575000000000024,0.11891700299999997,1077744000.0,-0.14208228717843552,0
2002-12-18,0.09881593299999913,0.10774999899999926,0.11316700299999916,0.1075000020000001,0.11299999799999938,1126836000.0,-7.643123460050861,0
2002-12-19,0.09667637899999981,0.10541699800000082,0.11141700299999968,0.10433299800000029,0.10583300100000059,1100604000.0,-2.165198163946158,0
2002-12-20,0.0979749709999993,0.1068330030000002,0.10991699999999938,0.10158299699999951,0.10875000100000065,804576000.0,1.343241627882441,0
2002-12-23,0.09866282299999973,0.10758300100000007,0.11016699700000032,0.10625000299999954,0.10658299900000046,498648000.0,0.7020283797507743,0
2002-12-24,0.09667637899999981,0.10541699800000082,0.11033300299999915,0.1048329989999992,0.1081669999999999,300336000.0,-2.0133320132982746,0
2002-12-26,0.09491833300000074,0.10350000100000045,0.10875000100000065,0.10258299899999912,0.10716699800000029,719760000.0,-1.8184894622022996,0
2002-12-27,0.0913260729999994,0.09958300000000087,0.10658299900000046,0.0986670029999992,0.10633300199999951,702528000.0,-3.7845419924198764,0
2002-12-30,0.08811629600000082,0.09608300000000014,0.1010830029999994,0.09383299899999997,0.10000000099999973,784740000.0,-3.5146561160037337,0
2002-12-31,0.08796405800000073,0.09591700100000011,0.09833300100000031,0.0932499989999993,0.09508299800000053,825396000.0,-0.17276625417608216,0
2003-01-02,0.09407734900000086,0.10258299899999912,0.10374999799999962,0.09658300100000083,0.10000000099999973,1302540000.0,6.9497564879035245,0
2003-01-03,0.09407734900000086,0.10258299899999912,0.10625000299999954,0.10083299899999965,0.10291700099999979,1037496000.0,0.0,0
2003-01-06,0.10172034100000005,0.11091700200000076,0.11258299600000043,0.10499999700000018,0.10508300400000081,1033428000.0,8.124156128443861,0
2003-01-07,0.10141401699999975,0.1105830000000001,0.11566700000000019,0.10933300099999954,0.11308299799999944,1498272000.0,-0.3011278649597826,0
2003-01-08,0.0913260729999994,0.09958300000000087,0.11091700200000076,0.09883300199999923,0.10774999899999926,1852524000.0,-9.94727941907888,0
2003-01-09,0.09293098000000022,0.10133300000000034,0.10374999799999962,0.10033299800000073,0.10266699599999995,1436076000.0,1.7573280580018613,0
2003-01-10,0.0945359020000005,0.10308299999999981,0.10458300300000012,0.0986670029999992,0.10000000099999973,924492000.0,1.7269793650636966,0
2003-01-13,0.0937719640000001,0.1022500019999999,0.10791700300000073,0.1017500009999992,0.1070000009999994,849120000.0,-0.808084747242499,0
2003-01-14,0.0944597869999999,0.10299999999999976,0.10400000199999937,0.09991700199999975,0.10258299899999912,868524000.0,0.7334943621810197,0
2003-01-15,0.09155536399999953,0.09983299700000003,0.1039170029999994,0.09983299700000003,0.10308299999999981,904584000.0,-3.0747601941747416,0
2003-01-16,0.08536503500000059,0.09308300200000019,0.09958300000000087,0.09175000299999958,0.09833300100000031,2039976000.0,-6.761286551379408,0
2003-01-17,0.08215524999999957,0.08958300199999947,0.09183300299999964,0.08841700099999983,0.09058299700000028,1058832000.0,-3.7600850045639955,0
2003-01-21,0.08009178200000022,0.0873330009999993,0.09316699999999933,0.08708299699999955,0.09125000200000066,967356000.0,-2.5116383128129582,0
2003-01-22,0.08016881300000023,0.08741699900000022,0.08966700000000039,0.08683300000000038,0.08708299699999955,550992000.0,0.09618128203334741,0
2003-01-23,0.08238448900000073,0.08983299900000041,0.09125000200000066,0.08741699900000022,0.08974999900000036,918456000.0,2.7637645167846614,0
2003-01-24,0.07772295900000081,0.08474999699999941,0.0895000029999995,0.08325000099999968,0.08908300100000055,897108000.0,-5.658279314486658,0
2003-01-27,0.0765766130000003,0.08349999800000063,0.08725000199999933,0.08141700200000024,0.08291699699999988,889116000.0,-1.4749251259560392,0
2003-01-28,0.07932785200000048,0.08649999600000058,0.08808299899999916,0.07966700200000076,0.08241699599999919,1785480000.0,3.5928120621032678,0
2003-01-29,0.0809327660000001,0.08824999600000005,0.08891700200000052,0.08416700399999932,0.08416700399999932,1022040000.0,2.023121480837986,0
2003-01-30,0.07764683699999964,0.08466699699999936,0.09075000099999997,0.08375000200000038,0.09000000400000019,743064000.0,-4.060055708104516,0
2003-01-31,0.07886933500000026,0.08600000300000055,0.08833300300000069,0.08141700200000024,0.0821670000000001,949656000.0,1.5744103927531672,0
2003-02-03,0.08039811299999933,0.08766700299999997,0.08933299799999972,0.08583299800000077,0.08758299800000025,755556000.0,1.9383720254056103,0
2003-02-04,0.07680590500000051,0.08375000200000038,0.08749999900000027,0.08250000299999982,0.08708299699999955,627720000.0,-4.4680448355237985,0
2003-02-05,0.07749369000000073,0.08450000000000024,0.08791699999999913,0.08416700399999932,0.08558300099999983,581508000.0,0.8955199786144563,0
2003-02-06,0.07810541199999932,0.08516699800000005,0.09049999700000022,0.08375000200000038,0.09033299999999933,1226184000.0,0.789346745562125,0
2003-02-07,0.07458929699999928,0.08133299600000043,0.08725000199999933,0.08116699800000049,0.08683300000000038,915156000.0,-4.501746087140457,0
2003-02-10,0.07550638200000037,0.08233299900000013,0.08291699699999988,0.07774999699999974,0.08124999700000046,982632000.0,1.229516984717982,0
2003-02-11,0.07413071400000071,0.0808330030000004,0.0854170019999998,0.08041700000000063,0.08299999699999994,850716000.0,-1.8218648879776644,0
2003-02-12,0.07451316699999921,0.08124999700000046,0.0842500029999993,0.08016700299999968,0.0808330030000004,641400000.0,0.5158709741366563,0
2003-02-13,0.07543025900000089,0.08224999900000007,0.08308299599999991,0.08041700000000063,0.0826670010000008,889164000.0,1.2307717377515681,0
2003-02-14,0.09201394799999996,0.10033299800000073,0.10041700300000045,0.09125000200000066,0.09350000300000083,3548844000.0,21.98540938584084,0
2003-02-18,0.09728715600000015,0.10608299799999976,0.10808300200000076,0.10291700099999979,0.10416699900000026,1740516000.0,5.730916163792887,0
2003-02-19,0.09820422499999992,0.10708299999999937,0.10774999899999926,0.10424999900000032,0.10541699800000082,1141212000.0,0.9426600104193827,0
2003-02-20,0.09820422499999992,0.10708299999999937,0.11033300299999915,0.1066669969999996,0.1075000020000001,978132000.0,0.0,0
2003-02-21,0.09828126400000059,0.10716699800000029,0.10741700200000004,0.10333299600000068,0.1070000009999994,913260000.0,0.07844195623956107,0
2003-02-24,0.0995037330000006,0.10849999600000082,0.11241699800000049,0.10566700200000056,0.10625000299999954,1137012000.0,1.243851208746194,0
2003-02-25,0.09889204099999915,0.10783299799999924,0.10833299899999993,0.10333299600000068,0.10499999700000018,1239204000.0,-0.6147447231242276,0
2003-02-26,0.09407734900000086,0.10258299899999912,0.1081669999999999,0.10233300199999995,0.10641700000000043,746892000.0,-4.868638633231736,0
2003-02-27,0.09606467200000068,0.10474999999999923,0.10525000099999993,0.10191699900000017,0.10358300100000051,675312000.0,2.1124367791196974,0
2003-02-28,0.0964470800000008,0.10516700099999987,0.10541699800000082,0.09849999799999942,0.10149999699999945,1653336000.0,0.39809164677804265,0
2003-03-03,0.09484215800000051,0.10341700200000048,0.10833299899999993,0.1020829980000002,0.10641700000000043,702036000.0,-1.6640191156539696,0
2003-03-04,0.09407734900000086,0.10258299899999912,0.10474999999999923,0.10158299699999951,0.10374999799999962,538392000.0,-0.8064467001277054,0
2003-03-05,0.09560612599999985,0.10424999900000032,0.1048329989999992,0.10133300000000034,0.10158299699999951,522156000.0,1.6250256048762957,0
2003-03-06,0.0940012259999996,0.10249999900000084,0.10441700400000009,0.1020829980000002,0.10341700200000048,548064000.0,-1.678657090442759,0
2003-03-07,0.0954529639999997,0.10408300199999942,0.10441700400000009,0.10000000099999973,0.10091699700000056,581148000.0,1.5443931857989535,0
2003-03-10,0.0927787870000003,0.10116700100000031,0.10350000100000045,0.10100000399999942,0.10299999999999976,344796000.0,-2.801611160293005,0
2003-03-11,0.09346657200000053,0.10191699900000017,0.10358300100000051,0.10074999899999959,0.10191699900000017,417144000.0,0.741346479174565,0
2003-03-12,0.09606467200000068,0.10474999999999923,0.10499999700000018,0.10183300099999926,0.10275000300000059,493920000.0,2.779713912102144,0
2003-03-13,0.1056179480000008,0.11516699899999949,0.11583299900000021,0.10733299700000032,0.10783299799999924,1362732000.0,9.944629116945114,0
2003-03-14,0.10256037099999915,0.11183299900000065,0.1166670019999998,0.11100000100000074,0.11558300299999935,1094220000.0,-2.8949265231787424,0
2003-03-17,0.1085214239999992,0.11833299699999955,0.12058299799999972,0.10975000300000026,0.10999999899999935,1307808000.0,5.812236154017469,0
2003-03-18,0.10768140899999956,0.11741699999999966,0.11924999999999919,0.11500000200000038,0.11791700100000035,932280000.0,-0.774084171974454,0
2003-03-19,0.10821606999999922,0.11800000100000041,0.11883299800000025,0.11383300299999988,0.1176669970000006,712992000.0,0.4965217983767145,0
2003-03-20,0.10920926900000083,0.119083002,0.12158299999999933,0.1149170030000004,0.11800000100000041,780060000.0,0.917797449849167,0
2003-03-21,0.10821606999999922,0.11800000100000041,0.12358299599999967,0.11266700200000024,0.12316700100000055,1681800000.0,-0.9094505360219274,0
2003-03-24,0.1041652709999994,0.11358299900000013,0.1166670019999998,0.11249999700000046,0.11316700299999916,839016000.0,-3.743222002176072,0
2003-03-25,0.10714580099999971,0.11683300099999983,0.1185830009999993,0.11349999900000007,0.1139170010000008,672828000.0,2.8613454730139765,0
2003-03-26,0.11012633100000002,0.1200829970000008,0.12208300100000002,0.11850000199999933,0.11941699700000008,1107840000.0,2.7817448599133376,0
2003-03-27,0.10699358599999975,0.1166670019999998,0.12099999900000036,0.11633299999999913,0.11850000199999933,1392732000.0,-2.8446949904156638,0
2003-03-28,0.10263740999999982,0.1119169969999998,0.11708299800000077,0.1100829989999994,0.1166670019999998,1290684000.0,-4.0714211547151935,0
2003-03-31,0.09843351700000014,0.10733299700000032,0.10983300200000023,0.1068330030000002,0.10849999600000082,680508000.0,-4.095892601550066,0
2003-04-01,0.10133792499999927,0.11050000000000004,0.11166700000000063,0.10716699800000029,0.10958299800000049,533808000.0,2.950633158971616,0
2003-04-02,0.10508236999999987,0.11458300099999974,0.1164999980000001,0.11275000100000021,0.11424999699999994,771900000.0,3.695023529411756,0
2003-04-03,0.10645799299999936,0.11608300400000005,0.1166670019999998,0.11366699599999919,0.1166670019999998,702780000.0,1.3090973241310033,0
2003-04-04,0.1023311170000003,0.11158300199999971,0.11658299700000008,0.11108300100000079,0.11641699800000005,513840000.0,-3.8765382053689845,0
2003-04-07,0.10340132600000018,0.11275000100000021,0.11999999700000075,0.11166700000000063,0.119083002,671256000.0,1.0458573251147962,0
2003-04-08,0.10240814099999973,0.11166700000000063,0.11433299599999991,0.11091700200000076,0.11375000299999982,475032000.0,-0.9605330291748704,0
2003-04-09,0.10187254799999934,0.11108300100000079,0.11508300200000043,0.11091700200000076,0.1120830030000004,694260000.0,-0.5229826179623309,0
2003-04-10,0.10240814099999973,0.11166700000000063,0.11275000100000021,0.1105830000000001,0.11258299600000043,364104000.0,0.5257321054910946,0
2003-04-11,0.10126181699999925,0.11041700100000007,0.11383300299999988,0.10933300099999954,0.11291699899999941,374184000.0,-1.1193987480634382,0
2003-04-14,0.10301891699999999,0.11233299999999957,0.11266700200000024,0.10841699700000085,0.10875000100000065,445776000.0,1.7352391231853836,0
2003-04-15,0.1024842709999998,0.1117499990000006,0.11316700299999916,0.10883300000000062,0.11158300199999971,490212000.0,-0.5189935281707081,0
2003-04-16,0.1024842709999998,0.1117499990000006,0.11458300099999974,0.11083299699999927,0.11433299599999991,671988000.0,0.0,0
2003-04-17,0.10431843299999954,0.11375000299999982,0.11400000000000077,0.11025000399999918,0.11258299600000043,520740000.0,1.7897127676931746,0
2003-04-21,0.10699358599999975,0.1166670019999998,0.1169999990000008,0.11283300100000027,0.1139170010000008,597144000.0,2.5643946576423327,0
2003-04-22,0.10836922400000049,0.11816699799999952,0.1182499969999995,0.11416699699999988,0.11608300400000005,787392000.0,1.2857071616531268,0
2003-04-23,0.1108141689999993,0.12083300199999947,0.12158299999999933,0.11708299800000077,0.11800000100000041,606204000.0,2.2561324609431166,0
2003-04-24,0.10752824699999941,0.11725000300000055,0.12091700000000039,0.11566700000000019,0.12091700000000039,660912000.0,-2.96524868264052,0
2003-04-25,0.10355453899999922,0.11291699899999941,0.1185830009999993,0.11183299900000065,0.11658299700000008,884652000.0,-3.695525705018532,0
2003-04-28,0.10668727800000077,0.11633299999999913,0.11841700199999927,0.11291699899999941,0.11424999699999994,674988000.0,3.025231834225428,0
2003-04-29,0.10997412400000073,0.11991699800000077,0.12158299999999933,0.11808300000000038,0.11900000300000002,670344000.0,3.080809400600004,0
2003-04-30,0.10951555499999976,0.11941699700000008,0.12250000200000066,0.11874999900000027,0.11924999999999919,466620000.0,-0.4169559014477686,0
2003-05-01,0.11020337799999957,0.12016700200000052,0.12133300300000016,0.11791700100000035,0.1185830009999993,733368000.0,0.6280554852672982,0
2003-05-02,0.12151373200000037,0.1324999929999997,0.1333329980000002,0.12108299900000041,0.12174999700000022,1691088000.0,10.263209362583602,0
2003-05-05,0.12449432899999913,0.13574999599999948,0.14200000499999987,0.1313329939999992,0.13375000699999973,1576164000.0,2.4528325824137998,0
2003-05-06,0.12464746100000035,0.13591699300000037,0.13941699299999932,0.13375000699999973,0.13508300500000026,1143864000.0,0.12301805150698453,0
2003-05-07,0.122660153,0.13375000699999973,0.137082994,0.1314170059999995,0.13391700400000062,897372000.0,-1.5943451603582903,0
2003-05-08,0.12273625299999935,0.1338330059999997,0.13916699600000015,0.1304170039999999,0.13208299899999965,1957452000.0,0.062055323855059186,0
2003-05-09,0.16331735300000005,0.17808300299999935,0.17941699900000074,0.1525000040000002,0.15691700600000047,9230856000.0,33.06359045690117,0
2003-05-12,0.15873186299999986,0.17308300700000068,0.18250000499999963,0.1716669950000007,0.1784999969999994,3007860000.0,-2.8076772717045784,0
2003-05-13,0.15575131800000008,0.16983300399999912,0.17249999899999935,0.16616700600000023,0.16716699300000037,1824108000.0,-1.8777135065604633,0
2003-05-14,0.15559916199999968,0.16966700599999918,0.17249999899999935,0.16750000400000076,0.17041699600000015,965580000.0,-0.09774189709321757,0
2003-05-15,0.16094849999999994,0.17550000499999996,0.17583300199999918,0.17125000100000065,0.1721670030000002,1105656000.0,3.4379100200542023,0
2003-05-16,0.16247721000000048,0.17716699800000058,0.18025000399999946,0.17308300700000068,0.17333300399999985,1028916000.0,0.9498535341922132,0
2003-05-19,0.15330641000000078,0.16716699300000037,0.1764999930000002,0.1650830059999997,0.17483299999999957,1220484000.0,-5.644394900228534,0
2003-05-20,0.15437568699999993,0.168332994,0.16958299300000057,0.16666699900000026,0.16741700500000078,884124000.0,0.6975067141394398,0
2003-05-21,0.15980207900000032,0.17425000699999948,0.17433300599999946,0.16750000400000076,0.1684170070000004,905472000.0,3.5150643135355875,0
2003-05-22,0.16033674800000064,0.17483299999999957,0.17641699300000013,0.17041699600000015,0.17450000300000035,888816000.0,0.3345727268751153,0
2003-05-23,0.15949671000000087,0.17391699600000088,0.17833299900000021,0.17316700499999982,0.17499999700000046,867612000.0,-0.523930836855746,0
2003-05-27,0.1736344840000008,0.1893330070000001,0.18999999799999934,0.16875000299999954,0.1720830049999993,1677408000.0,8.864004872761267,0
2003-05-28,0.17317597599999957,0.18883299800000053,0.19083300199999975,0.18416699800000025,0.18874999900000056,1235556000.0,-0.2640897157461852,0
2003-05-29,0.1850219820000003,0.20174999500000013,0.2081670019999997,0.1883330050000005,0.18874999900000056,2297736000.0,6.840434212668689,0
2003-05-30,0.20000068799999937,0.21808299399999953,0.22191700299999972,0.21541699800000025,0.22083300399999928,2142312000.0,8.095662654167612,0
2003-06-02,0.1889195739999998,0.20599999999999952,0.22400000700000078,0.20466700200000076,0.22374999500000037,1566144000.0,-5.540548475778905,0
2003-06-03,0.19281716599999932,0.21025000500000068,0.21649999899999983,0.20116700200000004,0.20366699999999938,1596804000.0,2.063109223300974,0
2003-06-04,0.1974025820000005,0.21524999999999928,0.21541699800000025,0.20633299600000043,0.20958299900000021,1175604000.0,2.3781188495096695,0
2003-06-05,0.20305822799999973,0.22141699500000023,0.22216700000000067,0.20958299900000021,0.2124170060000008,1204404000.0,2.865038327526137,0
2003-06-06,0.1968678980000007,0.2146670069999992,0.23125000299999954,0.2129999999999992,0.2300830040000008,1378836000.0,-3.0485410571126303,0
2003-06-09,0.19449813700000007,0.21208299699999955,0.21883299899999997,0.20883299399999977,0.2133329960000001,720588000.0,-1.2037294580624525,0
2003-06-10,0.19732655600000015,0.2151670009999993,0.21533299999999933,0.2097499969999994,0.21208299699999955,563304000.0,1.4541495752250277,0
2003-06-11,0.19747866700000039,0.21533299999999933,0.21725000400000027,0.20999999300000027,0.2138330039999996,943836000.0,0.07714891188170814,0
2003-06-12,0.19449813700000007,0.21208299699999955,0.21916699400000006,0.2114170039999994,0.21683299500000075,1046688000.0,-1.5092916552502444,0
2003-06-13,0.17936627599999966,0.19558300099999926,0.2087499949999998,0.19416700300000045,0.2029169950000007,1826808000.0,-7.779971159121246,0
2003-06-16,0.18318775300000034,0.19975000600000037,0.2022500039999997,0.18483300499999977,0.19791699900000026,1904868000.0,2.130555814510693,0
2003-06-17,0.18754392900000028,0.20450000499999987,0.2058330030000004,0.19833299499999946,0.20433300700000068,999852000.0,2.3779718935277527,0
2003-06-18,0.19472749500000042,0.2123329940000005,0.21641699999999986,0.20083299300000057,0.20250000100000065,1122072000.0,3.8303123757869706,0
2003-06-19,0.1828823540000002,0.19941699499999999,0.21433299799999972,0.19833299499999946,0.21324999600000005,1190532000.0,-6.082897790251096,0
2003-06-20,0.18097116100000044,0.19733299299999985,0.20166699600000015,0.19416700300000045,0.20158299799999924,937848000.0,-1.0450473391197201,0
2003-06-23,0.17455154700000008,0.19033299400000026,0.19816699599999943,0.18641699900000042,0.19716699399999982,734784000.0,-3.5473029084396424,0
2003-06-24,0.17417009200000066,0.18991699799999928,0.19333300000000087,0.18383300300000016,0.18916699300000062,1008816000.0,-0.21856221102685147,0
2003-06-25,0.17531645300000065,0.19116699699999984,0.19816699599999943,0.1896670010000001,0.19041700700000064,1060620000.0,0.6581817389510247,0
2003-06-26,0.1755457370000002,0.19141699400000078,0.19400000599999956,0.18574999299999995,0.1917500049999994,960540000.0,0.13077414194040404,0
2003-06-27,0.17241197799999952,0.18799999400000011,0.19541700199999923,0.18708300599999994,0.19366699499999918,709104000.0,-1.7851079617309251,0
2003-06-30,0.17508710899999969,0.19091700000000067,0.1942500030000005,0.1883330050000005,0.1905000060000006,544128000.0,1.5515989856893286,0
2003-07-01,0.18227072100000008,0.19875000400000076,0.19900000099999993,0.18674999499999956,0.1885000019999996,977016000.0,4.102832120764521,0
2003-07-02,0.18173597800000074,0.19816699599999943,0.20316700599999926,0.19541700199999923,0.20058299599999962,846828000.0,-0.29333735258691984,0
2003-07-03,0.1796725840000004,0.19591699499999926,0.20100000499999915,0.19316700100000084,0.19358299700000003,420912000.0,-1.1354065234959743,0
2003-07-07,0.19144153599999925,0.2087499949999998,0.20983299599999938,0.1985000069999998,0.19858300699999987,832200000.0,6.5502229655982624,0
2003-07-08,0.189301983,0.20641699399999958,0.20916700399999932,0.20250000100000065,0.20299999400000068,602856000.0,-1.117605296230073,0
2003-07-09,0.1936580990000003,0.21116699300000086,0.21458299500000066,0.20599999999999952,0.20633299600000043,755352000.0,2.30116663747173,0
2003-07-10,0.18570977399999933,0.20250000100000065,0.20724999900000007,0.19891700099999987,0.20458300399999985,644568000.0,-4.104330831665526,0
2003-07-11,0.18670296700000044,0.20358300200000023,0.2061669980000005,0.20183299500000018,0.20491699899999993,495000000.0,0.534815306000902,0
2003-07-14,0.18525119100000076,0.20200000700000054,0.20999999300000027,0.20100000499999915,0.2087499949999998,694344000.0,-0.777567372741661,0
2003-07-15,0.17921409000000033,0.19541700199999923,0.20591700099999954,0.19349999699999998,0.2049999979999999,1143456000.0,-3.2589132534039944,0
2003-07-16,0.17699740800000008,0.19300000399999995,0.20000000299999954,0.1883330050000005,0.1990829999999999,880476000.0,-1.2368412038170629,0
2003-07-17,0.16813197699999982,0.18333299500000066,0.18958300399999928,0.18083299699999955,0.18716700400000086,853764000.0,-5.008812849558286,0
2003-07-18,0.16247721000000048,0.17716699800000058,0.18033300299999944,0.17058299500000018,0.17974999499999988,1280832000.0,-3.363277297684475,0
2003-07-21,0.1600313480000004,0.17450000300000035,0.17874999300000027,0.17033299799999924,0.1781670000000002,985140000.0,-1.505356545015235,0
2003-07-22,0.16270649400000003,0.17741699499999974,0.1807499969999995,0.17641699300000013,0.17941699900000074,582444000.0,1.6716286245565426,0
2003-07-23,0.16484598799999972,0.17974999499999988,0.18083299699999955,0.17191700599999926,0.17724999800000063,605328000.0,1.314981126808057,0
2003-07-24,0.15842649300000033,0.1727499960000003,0.18433299700000028,0.17125000100000065,0.18299999799999966,1116828000.0,-3.894297187602147,0
2003-07-25,0.16094849999999994,0.17550000499999996,0.1764999930000002,0.16666699900000026,0.17308300700000068,1002084000.0,1.5919010498848252,0
2003-07-28,0.155980542,0.17008300100000007,0.1773329970000006,0.16933299599999962,0.1769170019999997,703752000.0,-3.08661187787429,0
2003-07-29,0.14574040499999974,0.15891699500000023,0.16799999800000087,0.15299999700000022,0.1546670050000003,2794788000.0,-6.565033503847928,0
2003-07-30,0.14413554999999967,0.15716700299999964,0.16016699400000078,0.15616700100000003,0.15833300399999928,788724000.0,-1.1011987736113449,0
2003-07-31,0.1458926199999997,0.15908299400000026,0.16316699999999962,0.1574169990000005,0.1608330010000003,897600000.0,1.2190796817573846,0
2003-08-01,0.15070734899999927,0.16433300099999926,0.16566699700000065,0.15758299800000053,0.15916700700000064,767556000.0,3.3001685899876954,0
2003-08-04,0.1563630249999992,0.17049999500000013,0.17350000100000074,0.16316699999999962,0.16416700199999923,1428852000.0,3.7527422748155015,0
2003-08-05,0.15590447199999957,0.1700000020000001,0.1789170060000007,0.16858300600000042,0.1749169980000005,1063488000.0,-0.2932510349926809,0
2003-08-06,0.14956098799999928,0.16308300200000048,0.1700000020000001,0.1589999940000002,0.16775000099999993,1025868000.0,-4.0688234815432605,0
2003-08-07,0.1474976090000002,0.1608330010000003,0.16500000699999973,0.15866699799999928,0.1626670059999995,1040340000.0,-1.3796661653309505,0
2003-08-08,0.11845712400000075,0.12916700499999934,0.13850000499999915,0.1271670010000001,0.1379169969999996,3767580000.0,-19.68874285943343,0
2003-08-11,0.12487676699999994,0.13616700500000078,0.1379169969999996,0.1304170039999999,0.13124999399999915,1675752000.0,5.4193406435335545,0
2003-08-12,0.12739875900000008,0.1389169989999992,0.13924999500000013,0.13566699599999943,0.1379169969999996,764160000.0,2.0195744189277054,0
2003-08-13,0.12823879699999985,0.13983300299999968,0.14208300399999985,0.1360000069999998,0.13950000700000054,693552000.0,0.6593894243281273,0
2003-08-14,0.12380648399999927,0.1350000050000002,0.1371670070000004,0.13349999499999932,0.1351670029999994,1527696000.0,-3.456264183928026,0
2003-08-15,0.1234240979999992,0.13458299600000068,0.13541699900000026,0.1333329980000002,0.13416700099999979,217716000.0,-0.3088955441149732,0
2003-08-18,0.12709243599999986,0.13858300399999912,0.1385830040000009,0.1343329999999998,0.13674999800000087,717684000.0,2.972149616880282,0
2003-08-19,0.13679884399999942,0.14916700100000035,0.15000000600000085,0.14158299600000035,0.1416669929999994,1403976000.0,7.637298005172388,0
2003-08-20,0.13488769499999975,0.14708299900000021,0.1498329940000005,0.14383299600000043,0.14708299900000021,870348000.0,-1.3970931814872412,0
2003-08-21,0.13855595899999962,0.15108299299999928,0.1525000040000002,0.14833299800000077,0.15066699700000008,644748000.0,2.719548844662878,0
2003-08-22,0.13955009000000018,0.1521670069999992,0.16233299700000003,0.15208299500000066,0.16016699400000078,1002396000.0,0.7174957144249872,0
2003-08-25,0.1387852279999997,0.1513330039999996,0.1550830009999995,0.15000000600000085,0.1550830009999995,434028000.0,-0.5480839877464394,0
2003-08-26,0.1365695450000004,0.1489170039999994,0.1516669989999997,0.14483299900000013,0.14941699799999952,768984000.0,-1.596479245201532,0
2003-08-27,0.140696406,0.15341700599999974,0.15500000099999944,0.14833299800000077,0.1499170060000008,567816000.0,3.0218187843746858,0
2003-08-28,0.13702809800000004,0.14941699799999952,0.15575000599999989,0.1476670060000007,0.15491700199999947,828312000.0,-2.6072781005777146,0
2003-08-29,0.13886226700000037,0.15141700200000052,0.15208299500000066,0.14858299499999994,0.14916700100000035,532884000.0,1.33853847070331,0
2003-09-02,0.13763889700000043,0.15008300500000082,0.1554169949999995,0.14933300000000038,0.1540829989999999,711456000.0,-0.8810087258232735,0
2003-09-03,0.13496467500000087,0.14716699699999936,0.15274999999999928,0.14641700700000015,0.15233300599999922,849972000.0,-1.9429301805357624,0
2003-09-04,0.1362632510000008,0.14858299499999994,0.15208299500000066,0.14666700399999932,0.14775000500000068,740064000.0,0.962170886724012,0
2003-09-05,0.1427599189999995,0.1556670069999999,0.15916700700000064,0.14708299900000021,0.14883300700000035,1198740000.0,4.767713828894071,0
2003-09-08,0.14933176299999928,0.16283300499999953,0.16466699499999926,0.15625,0.15816700499999925,1508712000.0,4.603414774975412,0
2003-09-09,0.1585025489999996,0.17283299600000035,0.1789170060000007,0.15616700100000003,0.15833300399999928,2489436000.0,6.141255576533755,0
2003-09-10,0.14765068900000067,0.16099999799999942,0.17241699999999938,0.15966700000000067,0.16791699800000082,1380624000.0,-6.846492437126983,0
2003-09-11,0.14574040499999974,0.15891699500000023,0.16791699800000082,0.1525000040000002,0.16316699999999962,2612736000.0,-1.2937906993017445,0
2003-09-12,0.14788004799999932,0.16124999500000037,0.16474999499999932,0.15583300599999994,0.15758299800000053,1162404000.0,1.468061990474956,0
2003-09-15,0.14543418599999924,0.15858300000000014,0.16341699700000056,0.15800000700000005,0.1625829939999992,596028000.0,-1.6539504388821902,0
2003-09-16,0.1499434260000001,0.16349999600000054,0.16400000500000012,0.15891699500000023,0.15891699500000023,620736000.0,3.100582029599641,0
2003-09-17,0.15170147999999983,0.16541700099999979,0.16858300600000042,0.16316699999999962,0.16449999800000015,902784000.0,1.1724801510086813,0
2003-09-18,0.15284779699999973,0.16666699900000026,0.16674999900000032,0.1626670059999995,0.16449999800000015,603492000.0,0.7556647699108021,0
2003-09-19,0.15162448599999934,0.16533300300000064,0.16966700599999918,0.16383300699999914,0.16858300600000042,648096000.0,-0.800396004010373,0
2003-09-22,0.1456634250000004,0.1588329969999993,0.16241699499999918,0.15749999900000056,0.16208300000000087,735504000.0,-3.9314630969353392,0
2003-09-23,0.14703907100000002,0.1603329930000008,0.16124999500000037,0.15700000500000044,0.15908299400000026,628932000.0,0.9443856303989584,0
2003-09-24,0.13588176700000076,0.14816699900000074,0.15833300399999928,0.1479170019999998,0.15691700600000047,1600668000.0,-7.587954152393328,0
2003-09-25,0.13397055899999977,0.1460829970000006,0.1519999950000006,0.14541700500000054,0.14933300000000038,736776000.0,-1.4065223795212356,0
2003-09-26,0.12885046000000067,0.14049999400000068,0.1460829970000006,0.13858300399999912,0.1456670019999997,895908000.0,-3.821802067765634,0
2003-09-29,0.12189619199999946,0.13291700199999923,0.13816699400000054,0.13083300000000087,0.13341699499999926,1944996000.0,-5.397147561444015,0
2003-09-30,0.12204846000000025,0.13308300099999926,0.1375830019999995,0.13124999399999915,0.1317500030000005,1020888000.0,0.12488921469955283,0
2003-10-01,0.12304259799999961,0.13416700099999979,0.13574999599999948,0.1330000009999992,0.1333329980000002,877224000.0,0.8145292726003284,0
2003-10-02,0.12495282999999979,0.13625000400000076,0.13816699400000054,0.13291700199999923,0.1333329980000002,857628000.0,1.5525449510494838,0
2003-10-03,0.12823879699999985,0.13983300299999968,0.1433330030000004,0.1375830019999995,0.14000000100000065,862812000.0,2.6297239594943456,0
2003-10-06,0.12724552999999972,0.1387500020000001,0.1414999960000003,0.1375830019999995,0.14008300000000062,377028000.0,-0.7744959893337899,0
2003-10-07,0.12839193599999987,0.14000000100000065,0.14000000100000065,0.13683299700000084,0.1387500020000001,510588000.0,0.9009001671942407,0
2003-10-08,0.12388266600000009,0.13508300500000026,0.14124999899999935,0.13424999999999976,0.14000000100000065,739440000.0,-3.5121399749132864,0
2003-10-09,0.1256406460000008,0.13699999500000004,0.1423330010000008,0.13591699300000037,0.137082994,852408000.0,1.4191200440055507,0
2003-10-10,0.12785729800000034,0.13941699299999932,0.1404169950000007,0.13750000299999954,0.13916699600000015,413976000.0,1.7642321811763395,0
2003-10-13,0.12915587400000028,0.1408330049999993,0.14374999700000046,0.1399170010000006,0.14100000300000026,434904000.0,1.0156667200532876,0
2003-10-14,0.13152569500000055,0.14341700099999954,0.14383299600000043,0.13850000499999915,0.13933299500000018,623556000.0,1.8347943367394537,0
2003-10-15,0.12984365199999992,0.14158299600000035,0.14775000500000068,0.14066700599999926,0.14508299499999922,703488000.0,-1.278791905570531,0
2003-10-16,0.13144859700000033,0.1433330030000004,0.14383299600000043,0.1395830070000006,0.14174999299999946,446088000.0,1.236029077955103,0
2003-10-17,0.12732166099999986,0.13883300100000007,0.1452499930000002,0.13866700200000004,0.1424999979999999,459696000.0,-3.139543514622367,0
2003-10-20,0.13015000500000085,0.14191700499999982,0.14208300399999985,0.13808299599999962,0.1389169989999992,467388000.0,2.2213767460086853,0
2003-10-21,0.13412374299999996,0.1462499949999998,0.14900000399999946,0.1424999979999999,0.14450000199999913,758724000.0,3.0531859096096126,0
2003-10-22,0.1318309460000009,0.14374999700000046,0.14733299599999938,0.14300000699999948,0.14399999399999963,620952000.0,-1.7094004003213814,0
2003-10-23,0.13121931300000078,0.14308300599999946,0.14583300099999974,0.14141699700000032,0.1416669929999994,451524000.0,-0.46399374881376243,0
2003-10-24,0.130760789,0.14258299799999996,0.14383299600000043,0.1403329969999998,0.1416669929999994,447084000.0,-0.3494530999719303,0
2003-10-27,0.13144859700000033,0.1433330030000004,0.14499999599999924,0.1423330010000008,0.1433330030000004,254460000.0,0.5260129261694946,0
2003-10-28,0.13970233500000084,0.15233300599999922,0.15316699399999933,0.14458300199999918,0.1452499930000002,956064000.0,6.279086331568728,0
2003-10-29,0.13970233500000084,0.15233300599999922,0.15416699600000072,0.14775000500000068,0.14783300500000074,494004000.0,0.0,0
2003-10-30,0.1371042580000008,0.1494999969999995,0.15633299899999997,0.1492500010000004,0.15625,581256000.0,-1.8597473222579208,0
2003-10-31,0.13511687499999958,0.14733299599999938,0.15208299500000066,0.14499999599999924,0.1508329960000001,598152000.0,-1.4494990257424512,0
2003-11-03,0.13763889700000043,0.15008300500000082,0.15291699800000025,0.14591699800000058,0.14658300600000018,773724000.0,1.8665262192862686,0
2003-11-04,0.1380974350000006,0.15058299899999916,0.15375000200000066,0.14958299699999955,0.15333299299999936,700896000.0,0.333144982005118,0
2003-11-05,0.13863304300000046,0.15116700499999958,0.1526670009999993,0.14508299499999922,0.14749999300000027,882024000.0,0.3878299701017385,0
2003-11-06,0.13886226700000037,0.15141700200000052,0.15416699600000072,0.14866699300000086,0.15341700599999974,1175280000.0,0.16537802015723635,0
2003-11-07,0.1662216480000005,0.18125000600000085,0.18383300300000016,0.17666700500000054,0.1805000010000004,4292820000.0,19.702545689023744,0
2003-11-10,0.16576313999999925,0.1807499969999995,0.18433299700000028,0.1796669959999999,0.18183299899999916,1210056000.0,-0.2758670253506068,0
2003-11-11,0.16163627799999958,0.17624999599999924,0.17974999499999988,0.17308300700000068,0.17666700500000054,799140000.0,-2.489627150588558,0
2003-11-12,0.16377581699999944,0.17858299599999938,0.1791670019999998,0.17483299999999957,0.17566700299999916,617664000.0,1.3236879733035556,0
2003-11-13,0.16385286999999948,0.1786669940000003,0.1811670060000008,0.17758299399999977,0.17858299599999938,580332000.0,0.047035833131614524,0
2003-11-14,0.15414647799999948,0.16808299700000084,0.1791670019999998,0.1675830040000008,0.1791670019999998,888420000.0,-5.923868064853643,0
2003-11-17,0.15254157799999923,0.16633300500000026,0.168332994,0.16333299899999965,0.16491700699999967,599880000.0,-1.0411475468872111,0
2003-11-18,0.1503258350000003,0.16391700500000006,0.17249999899999935,0.16333299899999965,0.17041699600000015,991428000.0,-1.4525078771949085,0
2003-11-19,0.15452885600000066,0.16850000600000037,0.1691669969999996,0.16449999800000015,0.1650830059999997,567552000.0,2.795927731842096,0
2003-11-20,0.1504020239999999,0.16400000500000012,0.16949999300000052,0.16333299899999965,0.16583299600000068,738852000.0,-2.6706236437760156,0
2003-11-21,0.15101368700000073,0.16466699499999926,0.1662500050000002,0.16150000700000078,0.16599999399999987,543240000.0,0.4067012071127696,0
2003-11-24,0.1601075079999994,0.1745830030000004,0.17499999700000046,0.1650830059999997,0.1662500050000002,940644000.0,6.021855199337289,0
2003-11-25,0.1628586950000006,0.17758299399999977,0.17908300500000074,0.17333300399999985,0.1753329929999996,822804000.0,1.7183751845533335,0
2003-11-26,0.16301186399999956,0.17775000600000013,0.1810829940000005,0.17441700400000038,0.1805000010000004,430032000.0,0.09404729374029586,0
2003-11-28,0.16224795599999986,0.1769170019999997,0.1781670000000002,0.175417006,0.17766700700000015,206136000.0,-0.4686379588645373,0
2003-12-01,0.16454066300000036,0.17941699900000074,0.1807499969999995,0.17683300400000057,0.1789170060000007,526980000.0,1.4130903032146147,0
2003-12-02,0.16385286999999948,0.1786669940000003,0.18233299299999928,0.17758299399999977,0.17833299900000021,574740000.0,-0.41802337804123235,0
2003-12-03,0.1621709169999992,0.17683300400000057,0.18500000200000066,0.17641699300000013,0.1791670019999998,710028000.0,-1.0264850596859554,0
2003-12-04,0.16133089400000067,0.1759170000000001,0.18058300000000038,0.17174999400000068,0.17741699499999974,521952000.0,-0.5180051117606999,0
2003-12-05,0.15613375599999912,0.17024999899999926,0.17666700500000054,0.1688330019999995,0.17174999400000068,559848000.0,-3.2214061176577435,0
2003-12-08,0.15728014699999981,0.17149999699999974,0.17325000499999987,0.16875000299999954,0.17024999899999926,340980000.0,0.7342132201715756,0
2003-12-09,0.14910246400000027,0.1625829939999992,0.17283299600000035,0.16249999399999915,0.1711670010000006,598128000.0,-5.1994187498440425,0
2003-12-10,0.15238931800000088,0.16616700600000023,0.16708299499999946,0.16249999399999915,0.1625829939999992,568656000.0,2.2044199776515283,0
2003-12-11,0.1601075079999994,0.1745830030000004,0.17666700500000054,0.1657499970000007,0.16608299299999985,694872000.0,5.064782234807774,0
2003-12-12,0.15926745500000017,0.17366699899999993,0.17808300299999935,0.1708330070000006,0.1769170019999997,700692000.0,-0.5246810882271302,0
2003-12-15,0.15605768600000047,0.1701669989999992,0.17900000500000068,0.16966700599999918,0.17874999300000027,622752000.0,-2.0153512297405363,0
2003-12-16,0.15819719399999954,0.17249999899999935,0.1735830010000008,0.16616700600000023,0.1691669969999996,601728000.0,1.371006137329811,0
2003-12-17,0.15514053399999916,0.1691669969999996,0.1716669950000007,0.16633300500000026,0.17108300299999968,499116000.0,-1.9321750836647666,0
2003-12-18,0.15865570300000087,0.17299999299999946,0.17474999999999952,0.16933299599999962,0.16949999300000052,436728000.0,2.265806018889127,0
2003-12-19,0.1610245559999992,0.17558300500000001,0.1800000070000003,0.17366699899999993,0.1773329970000006,916956000.0,1.4930705806444733,0
2003-12-22,0.1612538249999993,0.17583300199999918,0.17624999599999924,0.17125000100000065,0.17299999299999946,371184000.0,0.14238109206525795,0
2003-12-23,0.16782657799999967,0.18299999799999966,0.1847500059999998,0.17508299600000043,0.17516699399999958,722760000.0,4.0760243631625,0
2003-12-24,0.16660408699999962,0.18166699999999913,0.18350000699999924,0.1811670060000008,0.1829169989999997,210852000.0,-0.728414215611084,0
2003-12-26,0.17378763900000038,0.18950000399999922,0.19058300600000067,0.18233299299999928,0.18308299799999972,363960000.0,4.311737409656136,0
2003-12-29,0.18112430000000046,0.1975000050000002,0.19816699599999943,0.19216699899999945,0.19308300299999992,756624000.0,4.221636322498434,0
2003-12-30,0.1815067680000002,0.19791699900000026,0.20166699600000015,0.19525000500000012,0.19541700199999923,550884000.0,0.2111361971864234,0
2003-12-31,0.1773028219999997,0.19333300000000087,0.19875000400000076,0.19016699500000023,0.19783300199999942,497268000.0,-2.3161219213919115,0
2004-01-02,0.17638574499999926,0.19233299799999948,0.1990829999999999,0.19233299799999948,0.19641700400000062,436416000.0,-0.5172433055919079,0
2004-01-05,0.18211753699999988,0.19858300699999987,0.19991700399999957,0.19349999699999998,0.19525000500000012,575292000.0,3.2495770694532577,0
2004-01-06,0.1895312219999994,0.206667006,0.2094170000000002,0.19708299600000068,0.19799999900000032,1093344000.0,4.0708412679036465,0
2004-01-07,0.1912122519999997,0.20849999800000063,0.20950000000000024,0.2029169950000007,0.20433300700000068,673032000.0,0.8869301566211352,0
2004-01-08,0.19190010400000013,0.2092500029999993,0.21208299699999955,0.20724999900000007,0.21108299499999994,433752000.0,0.359714631747865,0
2004-01-09,0.19465136500000035,0.21224999400000044,0.21483300599999922,0.2061669980000005,0.20783300699999963,766584000.0,1.4336874346424722,0
2004-01-12,0.1968678980000007,0.2146670069999992,0.21533299999999933,0.21099999499999988,0.2129999999999992,541980000.0,1.1387576293641732,0
2004-01-13,0.18670296700000044,0.20358300200000023,0.21566699399999933,0.20133300100000007,0.21358299299999928,865800000.0,-5.163348180468175,0
2004-01-14,0.18532732100000082,0.2020830070000006,0.20749999599999924,0.20016700000000043,0.20458300399999985,544872000.0,-0.7367977607482201,0
2004-01-15,0.18563364399999926,0.2024170010000006,0.20408299600000035,0.1969999970000007,0.20058299599999962,609204000.0,0.16527564833792585,0
2004-01-16,0.18846099099999947,0.20550000699999948,0.20724999900000007,0.20258300000000062,0.20450000499999987,451728000.0,1.5230963727201896,0
2004-01-20,0.19373427300000046,0.2112500070000003,0.21158300299999944,0.20566700400000038,0.20800000400000052,487764000.0,2.7980534326697004,0
2004-01-21,0.18479269700000067,0.20149999899999926,0.21033300500000074,0.20116700200000004,0.20950000000000024,494460000.0,-4.615388249430907,0
2004-01-22,0.180512577,0.1968329999999998,0.2058330030000004,0.19441699999999962,0.20258300000000062,605724000.0,-2.316128547474583,0
2004-01-23,0.1764627549999993,0.1924169960000004,0.19975000600000037,0.19200000200000034,0.1958329980000002,482472000.0,-2.243528270157946,0
2004-01-26,0.1834170369999999,0.20000000299999954,0.20083299300000057,0.19216699899999945,0.19366699499999918,393684000.0,3.9409237009395914,0
2004-01-27,0.17294667700000055,0.18858300099999958,0.19916699800000082,0.18708300599999994,0.19599999499999932,934104000.0,-5.708500914372494,0
2004-01-28,0.17248812300000083,0.1880829930000001,0.19400000599999956,0.18708300599999994,0.19100000000000072,615204000.0,-0.2651394862466905,0
2004-01-29,0.16744418400000072,0.1825830039999996,0.18958300399999928,0.17624999599999924,0.1886669990000005,929700000.0,-2.9242351539992884,0
2004-01-30,0.17004318500000082,0.18541699600000072,0.18958300399999928,0.1810829940000005,0.18216699399999925,466464000.0,1.552166377983366,0
2004-02-02,0.17279450600000068,0.18841700299999964,0.1920830010000003,0.18500000200000066,0.1869170069999999,560844000.0,1.6179784295502264,0
2004-02-03,0.1721827539999996,0.18774999699999917,0.19116699699999984,0.18524999899999983,0.18791699400000006,418032000.0,-0.3540052062074195,0
2004-02-04,0.1675212229999996,0.18266700200000052,0.18658299700000036,0.18241700499999958,0.18508300200000072,436800000.0,-2.70732094871885,0
2004-02-05,0.17004318500000082,0.18541699600000072,0.1875,0.18250000499999963,0.18366700400000013,331980000.0,1.5054684041948763,0
2004-02-06,0.17394080799999934,0.1896670010000001,0.19233299799999948,0.18683299399999953,0.18783299599999914,471132000.0,2.2921334568487994,0
2004-02-09,0.17271739199999914,0.1883330050000005,0.19416700300000045,0.18825000500000044,0.1910829990000007,373992000.0,-0.7033358428016667,0
2004-02-10,0.1790609209999996,0.19525000500000012,0.19541700199999923,0.18883299800000053,0.18891699599999967,509700000.0,3.6727497657673025,0
2004-02-11,0.18532732100000082,0.2020830070000006,0.20274999699999974,0.19708299600000068,0.19775000199999937,737808000.0,3.4996168117895854,0
2004-02-12,0.17974875900000065,0.19599999499999932,0.2020830070000006,0.1929170039999999,0.20100000499999915,974892000.0,-3.0101551289762774,0
2004-02-13,0.17806771400000088,0.19416700300000045,0.1990829999999999,0.18916699300000062,0.19083300199999975,1747500000.0,-0.9352000238571412,0
2004-02-17,0.1800541280000001,0.1963330059999997,0.19691699700000065,0.19224999799999942,0.19491699299999965,575976000.0,1.1155360934318903,0
2004-02-18,0.1800541280000001,0.1963330059999997,0.19791699900000026,0.1949999929999997,0.19691699700000065,320244000.0,0.0,0
2004-02-19,0.17997796799999932,0.19625000699999973,0.2022500039999997,0.1958329980000002,0.19875000400000076,631032000.0,-0.042274603588554616,0
2004-02-20,0.18448728299999928,0.20116700200000004,0.20166699600000015,0.1948329960000006,0.19591699499999926,618120000.0,2.5054750698684014,0
2004-02-23,0.17806771400000088,0.19416700300000045,0.20116700200000004,0.19149999300000076,0.20083299300000057,853332000.0,-3.479695442297248,0
2004-02-24,0.17096027700000072,0.18641699900000042,0.1932500000000008,0.18433299700000028,0.19083300199999975,708384000.0,-3.9914114552203284,0
2004-02-25,0.17195347000000005,0.1875,0.1910829990000007,0.18549999600000078,0.18758299899999997,652512000.0,0.5809561390911488,0
2004-02-26,0.17309978599999987,0.18874999900000056,0.19058300600000067,0.18641699900000042,0.1902499940000002,344976000.0,0.6666661333333268,0
2004-02-27,0.17004318500000082,0.18541699600000072,0.1893330070000001,0.1825830039999996,0.18916699300000062,595548000.0,-1.765829413328901,0
2004-03-01,0.17256517699999918,0.18816700600000047,0.1885000019999996,0.18466700599999974,0.1849170030000007,506628000.0,1.483148826335201,0
2004-03-02,0.16935536299999931,0.18466700599999974,0.18975000100000017,0.1839170009999993,0.18841700299999964,813348000.0,-1.8600497900253532,0
2004-03-03,0.16713871099999977,0.18224999299999922,0.18416699800000025,0.17925000199999985,0.18416699800000025,552492000.0,-1.3088493999843132,0
2004-03-04,0.17080710799999999,0.18625000099999944,0.18658299700000036,0.1825830039999996,0.18408299999999933,413352000.0,2.1947918538465894,0
2004-03-05,0.16958461699999994,0.1849170030000007,0.18916699300000062,0.18141700299999997,0.1820829960000001,354888000.0,-0.7157036203183753,0
2004-03-08,0.163699716,0.1784999969999994,0.1875,0.17708300099999974,0.18500000200000066,465168000.0,-3.4702087400800052,0
2004-03-09,0.16255336999999948,0.17724999800000063,0.1801670039999994,0.17425000699999948,0.1800000070000003,371232000.0,-0.7002795635901338,0
2004-03-10,0.1601844880000005,0.17466700099999954,0.18033300299999944,0.17341700200000076,0.17841699699999936,481692000.0,-1.457262075681376,0
2004-03-11,0.15896114699999941,0.17333300399999985,0.1784999969999994,0.17233300200000023,0.17233300200000023,526872000.0,-0.7637372785715746,0
2004-03-12,0.16232405599999922,0.17700000099999968,0.1791670019999998,0.1737499979999999,0.17566700299999916,377952000.0,2.1155792119081918,0
2004-03-15,0.15865570300000087,0.17299999299999946,0.17666700500000054,0.17191700599999926,0.1759170000000001,421224000.0,-2.259891512655976,0
2004-03-16,0.16545771100000017,0.18041700100000035,0.18125000600000085,0.17399999500000085,0.17516699399999958,597504000.0,4.287288034745762,0
2004-03-17,0.16950765300000015,0.18483300499999977,0.18658299700000036,0.1825830039999996,0.18333299500000066,524592000.0,2.4476651177679276,0
2004-03-18,0.1714188459999999,0.1869170069999999,0.18916699300000062,0.18333299500000066,0.18383300300000016,528048000.0,1.1275053392114653,0
2004-03-19,0.1694314779999999,0.1847500059999998,0.18783299599999914,0.18366700400000013,0.1859170050000003,452964000.0,-1.1593385935181444,0
2004-03-22,0.16813197699999982,0.18333299500000066,0.1847500059999998,0.1791670019999998,0.18191699700000008,576708000.0,-0.7669883377432685,0
2004-03-23,0.16881975499999946,0.18408299999999933,0.18783299599999914,0.18199999600000005,0.18583300699999938,576036000.0,0.4090943913287459,0
2004-03-24,0.17638574499999926,0.19233299799999948,0.19541700199999923,0.18333299500000066,0.1837500040000002,787344000.0,4.481672941010317,0
2004-03-25,0.18662685199999984,0.20350000300000026,0.20450000499999987,0.19416700300000045,0.1944999989999996,997128000.0,5.806078580442042,0
2004-03-26,0.18609219800000076,0.2029169950000007,0.20608299999999957,0.20016700000000043,0.2029169950000007,551604000.0,-0.2864904134669888,0
2004-03-29,0.19411671199999958,0.21166700100000035,0.21441699600000064,0.20541700699999943,0.2058330030000004,985764000.0,4.312110969315319,0
2004-03-30,0.19992460299999948,0.21799999499999956,0.21899999699999917,0.21008299300000033,0.21025000500000068,724956000.0,2.9919609434065686,0
2004-03-31,0.20175875700000034,0.21999999900000056,0.2223329990000007,0.2179169949999995,0.21908299599999914,604752000.0,0.9174330485649751,0
2004-04-01,0.19816654899999975,0.21608300499999977,0.22474999699999998,0.21058300099999983,0.22024999599999973,1319508000.0,-1.780451826274787,0
2004-04-02,0.20099476000000038,0.21916699400000006,0.22225000000000072,0.2141669989999997,0.22083300399999928,649740000.0,1.4272242280229275,0
2004-04-05,0.208178341,0.22699999800000015,0.22791700099999979,0.21799999499999956,0.21799999499999956,576744000.0,3.573988882650836,0
2004-04-06,0.19977141899999928,0.21783299700000036,0.22408300600000075,0.21666699600000072,0.2224999959999998,624096000.0,-4.038326467298036,0
2004-04-07,0.19870209699999997,0.21666699600000072,0.2195830050000005,0.212833002,0.21950000500000044,447864000.0,-0.5352728999087342,0
2004-04-08,0.20435681899999913,0.2228329930000008,0.22499999399999915,0.21983300099999958,0.2214999940000002,447096000.0,2.8458404435532936,0
2004-04-12,0.2005362660000003,0.21866700100000003,0.22558300200000048,0.21733300400000033,0.22458300000000087,443784000.0,-1.8695579787863847,0
2004-04-13,0.19587375200000068,0.21358299299999928,0.22083300399999928,0.21250000600000085,0.22066700499999925,442704000.0,-2.325000103696484,0
2004-04-14,0.1968678980000007,0.2146670069999992,0.21866700100000003,0.21008299300000033,0.21250000600000085,512016000.0,0.5075376015542643,0
2004-04-15,0.1865506769999996,0.2034170030000002,0.21266700299999997,0.20250000100000065,0.2117500010000004,828084000.0,-5.24067678457919,0
2004-04-16,0.18043655199999975,0.19674999999999976,0.20266699799999977,0.1963330059999997,0.20258300000000062,654864000.0,-3.2775052732440524,0
2004-04-19,0.18020722300000003,0.1965000030000006,0.19791699900000026,0.19300000399999995,0.19658300300000064,522804000.0,-0.12706327827192165,0
2004-04-20,0.17256517699999918,0.18816700600000047,0.19916699800000082,0.1880829930000001,0.1969999970000007,513804000.0,-4.240710876732157,0
2004-04-21,0.17279450600000068,0.18841700299999964,0.1949999929999997,0.18700000599999989,0.18891699599999967,688812000.0,0.13285910495912656,0
2004-04-22,0.17378763900000038,0.18950000399999922,0.19266700700000072,0.18275000200000058,0.1866669949999995,695520000.0,0.5747894206766357,0
2004-04-23,0.1776091159999993,0.19366699499999918,0.19691699700000065,0.1912499959999998,0.19183300399999936,443928000.0,2.198939795273036,0
2004-04-26,0.17065398399999943,0.18608300400000033,0.19491699299999965,0.18558299500000075,0.19408300499999953,429912000.0,-3.9159955985272665,0
2004-04-27,0.1692022529999999,0.1844999939999994,0.1932500000000008,0.18383300300000016,0.18825000500000044,494568000.0,-0.8507010129737536,0
2004-04-28,0.16851441600000072,0.1837500040000002,0.18741700100000003,0.18233299299999928,0.18458299299999936,468768000.0,-0.4064986582059227,0
2004-04-29,0.16385286999999948,0.1786669940000003,0.1839170009999993,0.17624999599999924,0.18266700200000052,645048000.0,-2.766263885360243,0
2004-04-30,0.1568215790000007,0.1710000039999997,0.17874999300000027,0.17033299799999924,0.17766700700000015,512928000.0,-4.2912178843732,0
2004-05-03,0.15483424099999965,0.1688330019999995,0.1745830030000004,0.16583299600000068,0.17283299600000035,610668000.0,-1.267252601935609,0
2004-05-04,0.1646928790000004,0.17958299800000077,0.1817499999999992,0.1708330070000006,0.17125000100000065,772380000.0,6.367236187626379,0
2004-05-05,0.16606855400000065,0.1810829940000005,0.18266700200000052,0.17825000000000024,0.17974999499999988,464280000.0,0.8352661536477957,0
2004-05-06,0.16744418400000072,0.1825830039999996,0.18399999999999928,0.175417006,0.17925000199999985,711348000.0,0.8283549807001744,0
2004-05-07,0.1687436550000001,0.18399999999999928,0.19141699400000078,0.18299999799999966,0.18791699400000006,956772000.0,0.776083188991672,0
2004-05-10,0.1621709169999992,0.17683300400000057,0.18099999400000044,0.1729169929999994,0.17908300500000074,669072000.0,-3.8951065217391334,0
2004-05-11,0.1661456379999997,0.1811670060000008,0.1829169989999997,0.17833299900000021,0.17908300500000074,399936000.0,2.45090107726722,0
2004-05-12,0.16385286999999948,0.1786669940000003,0.18041700100000035,0.17241699999999938,0.1801670039999994,482328000.0,-1.379948841236578,0
2004-05-13,0.16438752400000034,0.17925000199999985,0.18250000499999963,0.17666700500000054,0.17716699800000058,347952000.0,0.3263098499323158,0
2004-05-14,0.16438752400000034,0.17925000199999985,0.18316699600000064,0.17833299900000021,0.1800000070000003,459000000.0,0.0,0
2004-05-17,0.1617894169999996,0.17641699300000013,0.17900000500000068,0.1737499979999999,0.17666700500000054,308340000.0,-1.5804792013335622,0
2004-05-18,0.16438752400000034,0.17925000199999985,0.18133300500000082,0.1773329970000006,0.1780000029999993,204420000.0,1.605859476360072,0
2004-05-19,0.16400511600000023,0.17883299300000033,0.18583300699999938,0.17791700399999932,0.1832499950000006,498276000.0,-0.23264100158838508,0
2004-05-20,0.16163627799999958,0.17624999599999924,0.18150000300000002,0.1753329929999996,0.1784999969999994,421488000.0,-1.4443626741738935,0
2004-05-21,0.16201870099999915,0.17666700500000054,0.17858299599999938,0.17425000699999948,0.17833299900000021,282096000.0,0.23660085643348872,0
2004-05-24,0.1614831240000001,0.17608299900000013,0.17808300299999935,0.17399999500000085,0.17633299499999922,301620000.0,-0.3305688008918284,0
2004-05-25,0.16851441600000072,0.1837500040000002,0.18458299299999936,0.17325000499999987,0.17683300400000057,681264000.0,4.3541994647649185,0
2004-05-26,0.17195347000000005,0.1875,0.18999999799999934,0.18266700200000052,0.1837500040000002,524568000.0,2.040814105233979,0
2004-05-27,0.17248812300000083,0.1880829930000001,0.193416998,0.18783299599999914,0.19058300600000067,556548000.0,0.31092960000000947,0
2004-05-28,0.17921409000000033,0.19541700199999923,0.1965000030000006,0.18891699599999967,0.19041700700000064,637980000.0,3.899347241884854,0
2004-06-01,0.1790609209999996,0.19525000500000012,0.19724999399999987,0.19183300399999936,0.1920830010000003,318420000.0,-0.08545674035056461,0
2004-06-02,0.17768527600000006,0.19374999399999915,0.20091700599999918,0.19358299700000003,0.20000000299999954,643800000.0,-0.7682514527976525,0
2004-06-03,0.16912616800000002,0.18441699399999933,0.1942500030000005,0.18383300300000016,0.1938329939999992,700824000.0,-4.817032407237132,0
2004-06-04,0.16744418400000072,0.1825830039999996,0.18858300099999958,0.18241700499999958,0.18816700600000047,649608000.0,-0.9944799338828858,0
2004-06-07,0.17149497599999997,0.18700000599999989,0.1890829949999997,0.1832499950000006,0.18558299500000075,571956000.0,2.419174788032308,0
2004-06-08,0.16843825599999995,0.18366700400000013,0.18625000099999944,0.18091699500000047,0.1859170050000003,615000000.0,-1.7823539535073651,0
2004-06-09,0.16056607700000036,0.17508299600000043,0.18500000200000066,0.17450000300000035,0.1847500059999998,498336000.0,-4.673679982279233,0
2004-06-10,0.15896114699999941,0.17333300399999985,0.17825000000000024,0.17174999400000068,0.17791700399999932,564516000.0,-0.9995213926999424,0
2004-06-14,0.15399420299999989,0.16791699800000082,0.17241699999999938,0.16658300199999942,0.17241699999999938,424752000.0,-3.1246247829409324,0
2004-06-15,0.15628687999999968,0.17041699600000015,0.17299999299999946,0.1688330019999995,0.17075000700000054,394584000.0,1.4888296180711746,0
2004-06-16,0.1538410189999997,0.16775000099999993,0.1710000039999997,0.16708299499999946,0.16991700200000004,252576000.0,-1.5649818167197238,0
2004-06-17,0.15078438799999994,0.16441699900000017,0.17075000700000054,0.1635829960000006,0.16666699900000026,482376000.0,-1.9868864263076769,0
2004-06-18,0.15101368700000073,0.16466699499999926,0.16924999699999965,0.16249999399999915,0.16533300300000064,534336000.0,0.15204997142661547,0
2004-06-21,0.14833849699999924,0.16175000399999995,0.16750000400000076,0.16066700200000028,0.16491700699999967,266568000.0,-1.7714484921523055,0
2004-06-22,0.15254157799999923,0.16633300500000026,0.16708299499999946,0.16158300600000075,0.1626670059999995,430308000.0,2.83338540133824,0
2004-06-23,0.15514053399999916,0.1691669969999996,0.1698330040000009,0.16541700099999979,0.16583299600000068,264660000.0,1.7038061688358308,0
2004-06-24,0.15376491800000025,0.16766700099999987,0.17425000699999948,0.1664170029999994,0.17366699899999993,590652000.0,-0.8866954113987191,0
2004-06-25,0.15475816999999914,0.16875000299999954,0.17075000700000054,0.1668329980000003,0.1688330019999995,329124000.0,0.6459243581269813,0
2004-06-28,0.1534586099999995,0.16733300699999987,0.17174999400000068,0.16666699900000026,0.1711670010000006,299376000.0,-0.839701318405317,0
2004-06-29,0.15873186299999986,0.17308300700000068,0.17333300399999985,0.16766700099999987,0.168332994,363852000.0,3.436261681474484,0
2004-06-30,0.1564392150000007,0.17058299500000018,0.17325000499999987,0.16850000600000037,0.16850000600000037,329268000.0,-1.4444006048496827,0
2004-07-01,0.14925558899999913,0.16275000599999956,0.1727499960000003,0.16249999399999915,0.17249999899999935,505620000.0,-4.591893230623589,0
2004-07-02,0.14719221000000005,0.1605000049999994,0.1645829980000002,0.1592500060000006,0.16449999800000015,294948000.0,-1.3824890427346581,0
2004-07-06,0.13855595899999962,0.15108299299999928,0.16024999300000076,0.14933300000000038,0.15858300000000014,575388000.0,-5.867297013479844,0
2004-07-07,0.1392437520000005,0.15183299799999972,0.15616700100000003,0.15108299299999928,0.15299999700000022,344136000.0,0.49641920980476595,0
2004-07-08,0.13496467500000087,0.14716699699999936,0.15291699800000025,0.1469170000000002,0.15041699999999913,430056000.0,-3.0731139221791604,0
2004-07-09,0.12915587400000028,0.1408330049999993,0.14716699699999936,0.13808299599999962,0.14700000000000024,1114500000.0,-4.303948663163915,0
2004-07-12,0.1261752989999998,0.1375830019999995,0.1408330049999993,0.13574999599999948,0.13691699499999999,676044000.0,-2.307699817951059,0
2004-07-13,0.12594610500000059,0.13733300600000042,0.1416669929999994,0.13583299499999946,0.13924999500000013,567108000.0,-0.18170558598510356,0
2004-07-14,0.12036746000000065,0.13124999399999915,0.13616700500000078,0.1285829990000007,0.1324999929999997,901608000.0,-4.429388227328246,0
2004-07-15,0.1195264379999994,0.13033300600000075,0.1340000030000006,0.12950000200000034,0.13258300699999914,611352000.0,-0.6986575557481611,0
2004-07-16,0.11601128400000071,0.12649999599999973,0.1344999970000007,0.12649999599999973,0.1343329999999998,464700000.0,-2.9409357749333287,0
2004-07-19,0.11731080700000085,0.12791700700000064,0.12933300399999936,0.12508299899999997,0.1268330070000001,461088000.0,1.1201668338392645,0
2004-07-20,0.11967963700000084,0.13050000399999995,0.13099999699999998,0.1265829949999997,0.12783299400000026,341544000.0,2.0192756698880654,0
2004-07-21,0.11241906100000065,0.12258300200000072,0.13266700500000006,0.12216699899999917,0.1324999929999997,613416000.0,-6.0666680132822055,0
2004-07-22,0.11478875599999938,0.12516699699999911,0.1258330050000005,0.11999999700000075,0.12399999800000039,521460000.0,2.1079553917271454,0
2004-07-23,0.11173124599999973,0.12183299700000028,0.1261669990000005,0.12099999900000036,0.1260000019999996,371496000.0,-2.6636414389649365,0
2004-07-26,0.108598486,0.11841700199999927,0.1244999989999993,0.11725000300000055,0.12341699699999964,503208000.0,-2.8038340056594113,0
2004-07-27,0.11218977699999932,0.1223329979999992,0.12266699999999986,0.11533299799999952,0.11900000300000002,789888000.0,3.3069541821367787,0
2004-07-28,0.10936240100000028,0.11924999999999919,0.12250000200000066,0.11583299900000021,0.12208300100000002,505116000.0,-2.5201687610075574,0
2004-07-29,0.11654595299999926,0.12708300399999928,0.13016700700000072,0.12033300100000055,0.12091700000000039,747360000.0,6.568556813417192,0
2004-07-30,0.1178454379999998,0.12850000000000072,0.13083300000000087,0.12524999699999917,0.12549999400000011,403956000.0,1.1150161354385402,0
2004-08-02,0.11937424499999949,0.13016700700000072,0.13066700100000084,0.12641699599999967,0.1285829990000007,420984000.0,1.2972817120622482,0
2004-08-03,0.11318387799999918,0.12341699699999964,0.13083300000000087,0.12241700300000069,0.1307500000000008,741540000.0,-5.185653535077439,0
2004-08-04,0.11440639199999936,0.12475000300000083,0.12591700299999964,0.121917002,0.12208300100000002,507816000.0,1.080082996995957,0
2004-08-05,0.11127270799999955,0.12133300300000016,0.12666699300000062,0.11916699999999913,0.12608300099999958,859920000.0,-2.7390780904430145,0
2004-08-06,0.07206732799999926,0.07858300200000023,0.08500000099999916,0.07750000100000065,0.0842500029999993,5088948000.0,-35.23361323217229,0
2004-08-09,0.07527714199999913,0.08208300199999918,0.08391699899999949,0.07925000000000004,0.08058299900000065,1579212000.0,4.453889404734124,0
2004-08-10,0.08123815100000087,0.08858299999999986,0.08941700299999944,0.0852499980000001,0.08666700100000035,2051916000.0,7.918811254003599,0
2004-08-11,0.07886933500000026,0.08600000300000055,0.08741699900000022,0.0854170019999998,0.08741699900000022,963816000.0,-2.915905986475953,0
2004-08-12,0.07703513699999931,0.08399999899999955,0.08649999600000058,0.08383300200000043,0.08624999999999972,654384000.0,-2.325585965386534,0
2004-08-13,0.08024494300000029,0.08749999900000027,0.08808299899999916,0.0852499980000001,0.08600000300000055,815700000.0,4.166666716269818,0
2004-08-16,0.07948103500000059,0.08666700100000035,0.0888329970000008,0.08600000300000055,0.08649999600000058,531732000.0,-0.9519977251656875,0
2004-08-17,0.08383717399999924,0.09141699999999986,0.09191700100000055,0.08775000300000002,0.08858299999999986,744912000.0,5.480746933887803,0
2004-08-18,0.08941581100000029,0.09749999599999981,0.09749999599999981,0.0910829979999992,0.09183300299999964,872424000.0,6.65411903694062,0
2004-08-19,0.08911041200000014,0.09716700000000067,0.0986670029999992,0.09566699700000036,0.09691700299999972,724404000.0,-0.34153437298602984,0
2004-08-20,0.09438367199999931,0.10291700099999979,0.10433299800000029,0.09633299699999931,0.09666699899999998,1199040000.0,5.9176479669023285,0
2004-08-23,0.0964470800000008,0.10516700099999987,0.10625000299999954,0.10400000199999937,0.10458300300000012,800028000.0,2.186227715671585,0
2004-08-24,0.09285488699999966,0.10125000000000028,0.10716699800000029,0.09925000399999995,0.1066669969999996,939420000.0,-3.7245532940508475,0
2004-08-25,0.0968286169999999,0.10558299700000084,0.10633300199999951,0.10158299699999951,0.10350000100000045,721308000.0,4.279503209876534,0
2004-08-26,0.09705790099999945,0.10583300100000059,0.10650000000000048,0.10458300300000012,0.10541699800000082,612720000.0,0.2367843375387313,0
2004-08-27,0.09889204099999915,0.10783299799999924,0.10933300099999954,0.10583300100000059,0.10591699899999973,565128000.0,1.8897668790474942,0
2004-08-30,0.09560612599999985,0.10424999900000032,0.10800000300000079,0.10416699900000026,0.10741700200000004,628056000.0,-3.3227296527543526,0
2004-08-31,0.09522373999999978,0.1038329969999996,0.10516700099999987,0.10058300200000048,0.10466699999999918,587064000.0,-0.40000192230217335,0
2004-09-01,0.09705790099999945,0.10583300100000059,0.10733299700000032,0.10116700100000031,0.10249999900000084,591744000.0,1.9261738154394248,0
2004-09-02,0.10103251800000024,0.11016699700000032,0.11100000100000074,0.1053329999999999,0.10633300199999951,770088000.0,4.0951271900529385,0
2004-09-03,0.0979749709999993,0.1068330030000002,0.10899999699999974,0.10591699899999973,0.1068330030000002,715056000.0,-3.02630923124827,0
2004-09-07,0.09614082400000079,0.1048329989999992,0.10975000300000026,0.10341700200000048,0.1075000020000001,727332000.0,-1.8720844157118721,0
2004-09-08,0.09415435800000083,0.10266699599999995,0.10583300100000059,0.10241700000000087,0.10491699700000012,834984000.0,-2.066146175976513,0
2004-09-09,0.10355453899999922,0.11291699899999941,0.11474999800000063,0.10466699999999918,0.10516700099999987,1299324000.0,9.983737130089999,0
2004-09-10,0.10752824699999941,0.11725000300000055,0.11783300299999944,0.11066699799999924,0.11100000100000074,1039344000.0,3.8373354219235045,0
2004-09-13,0.10959168499999983,0.11949999600000005,0.12183299700000028,0.11691699900000074,0.11708299800000077,967752000.0,1.9189705265934887,0
2004-09-14,0.11005020900000062,0.11999999700000075,0.12083300199999947,0.11749999999999972,0.11841700199999927,683556000.0,0.41841089266647646,0
2004-09-15,0.10393603099999993,0.11333300199999918,0.1166670019999998,0.11183299900000065,0.11633299999999913,1163904000.0,-5.555829305562399,0
2004-09-16,0.10783365400000022,0.11758299899999969,0.11874999900000027,0.1148329970000006,0.11524999899999955,810024000.0,3.7500083162007813,0
2004-09-17,0.11226683900000012,0.12241700300000069,0.12308300299999964,0.11749999999999972,0.11850000199999933,1003800000.0,4.111141951737429,0
2004-09-20,0.1121136620000005,0.12224999799999914,0.12575000500000044,0.11850000199999933,0.11999999700000075,794628000.0,-0.13642304247556414,0
2004-09-21,0.1150941999999997,0.12549999400000011,0.12649999599999973,0.1234999969999997,0.125,503904000.0,2.658483479075402,0
2004-09-22,0.10974484699999998,0.11966700099999983,0.1251669970000009,0.119083002,0.12216699899999917,625920000.0,-4.647803409456741,0
2004-09-23,0.11073803899999923,0.1207500029999995,0.1214170009999993,0.11758299899999969,0.12108299900000041,578664000.0,0.905013070395233,0
2004-09-24,0.10737507800000046,0.11708299800000077,0.1214170009999993,0.11533299799999952,0.12125000400000019,476316000.0,-3.0368570674072837,0
2004-09-27,0.10546480900000077,0.11500000200000038,0.11749999999999972,0.11291699899999941,0.11616700100000088,406020000.0,-1.7790764121021096,0
2004-09-28,0.10699358599999975,0.1166670019999998,0.1176669970000006,0.11316700299999916,0.11474999800000063,474840000.0,1.4495651921814678,0
2004-09-29,0.10959168499999983,0.11949999600000005,0.12283299899999989,0.11508300200000043,0.11658299700000008,537228000.0,2.428273591876473,0
2004-09-30,0.11096731599999998,0.12099999900000036,0.12375000099999944,0.1185830009999993,0.12083300199999947,619680000.0,1.2552326779994294,0
2004-10-01,0.11555274600000054,0.1260000019999996,0.12666699300000062,0.12099999900000036,0.12158299999999933,590412000.0,4.132233918448214,0
2004-10-04,0.11883861599999967,0.1295830010000003,0.13124999399999915,0.1268330070000001,0.12708300399999928,673932000.0,2.8436499548627037,0
2004-10-05,0.11616442400000082,0.12666699300000062,0.12974999799999942,0.12549999400000011,0.12641699599999967,633180000.0,-2.25030133389178,0
2004-10-06,0.11662296999999988,0.1271670010000001,0.1277499940000002,0.1234999969999997,0.12641699599999967,498504000.0,0.39474214091432813,0
2004-10-07,0.11731080700000085,0.12791700700000064,0.13241699299999965,0.12725000100000017,0.12950000200000034,798072000.0,0.5897803629103304,0
2004-10-08,0.11089118599999992,0.12091700000000039,0.12708300399999928,0.11983299999999986,0.1265829949999997,693420000.0,-5.47230361635963,0
2004-10-11,0.11104343100000058,0.12108299900000041,0.1234999969999997,0.11891700299999997,0.12108299900000041,373848000.0,0.13728342582102204,0
2004-10-12,0.10943851600000087,0.11933299899999916,0.12025000200000058,0.11508300200000043,0.1169999990000008,827232000.0,-1.4452896066771581,0
2004-10-13,0.10875070099999995,0.1185830009999993,0.1244999989999993,0.11758299899999969,0.12291699600000072,672816000.0,-0.6284917049641958,0
2004-10-14,0.10546480900000077,0.11500000200000038,0.11966700099999983,0.11416699699999988,0.11966700099999983,513264000.0,-3.021511489661144,0
2004-10-15,0.10256037099999915,0.11183299900000065,0.11541700399999932,0.10899999699999974,0.11524999899999955,1280484000.0,-2.753915604279733,0
2004-10-18,0.10439457000000019,0.11383300299999988,0.11500000200000038,0.11025000399999918,0.11116699899999993,573972000.0,1.7883844821151573,0
2004-10-19,0.1037067399999998,0.11308299799999944,0.11758299899999969,0.11224999999999952,0.11641699800000005,618480000.0,-0.6588642838492031,0
2004-10-20,0.10493014000000045,0.11441700199999971,0.1149170030000004,0.1120830030000004,0.11275000100000021,540204000.0,1.1796680523096903,0
2004-10-21,0.10729899300000056,0.1169999990000008,0.11850000199999933,0.11466699800000058,0.11558300299999935,1013964000.0,2.257528999055558,0
2004-10-22,0.10149108599999934,0.11066699799999924,0.11833299699999955,0.11033300299999915,0.11808300000000038,686460000.0,-5.412821413784796,0
2004-10-25,0.10194961000000013,0.11116699899999993,0.11358299900000013,0.10949999800000043,0.10975000300000026,529164000.0,0.4518067798314984,0
2004-10-26,0.11073803899999923,0.1207500029999995,0.1265829949999997,0.11808300000000038,0.12208300100000002,2455776000.0,8.620367632664072,0
2004-10-27,0.11379467699999957,0.12408299700000036,0.12633299800000053,0.1185830009999993,0.1185830009999993,1074036000.0,2.760243409683394,0
2004-10-28,0.11257220799999956,0.12274999899999983,0.125,0.12158299999999933,0.12241700300000069,561552000.0,-1.0742793390137062,0
2004-10-29,0.11058485500000081,0.12058299799999972,0.12325000000000053,0.11949999600000005,0.12158299999999933,742860000.0,-1.7653776111232422,0
2004-11-01,0.1129546389999998,0.12316700100000055,0.12325000000000053,0.12066700299999944,0.12224999799999914,653892000.0,2.1429248259360767,0
2004-11-02,0.11455953099999938,0.12491700100000003,0.12749999799999934,0.12183299700000028,0.12283299899999989,1095756000.0,1.4208351147561027,0
2004-11-03,0.1156288760000006,0.12608300099999958,0.1304170039999999,0.12541699400000006,0.12999999500000037,910356000.0,0.9334197832687297,0
2004-11-04,0.11776933800000045,0.12841700000000067,0.12999999500000037,0.12433300200000019,0.12700000399999922,995544000.0,1.8511607286378018,0
2004-11-05,0.1348115209999996,0.14700000000000024,0.1564169970000009,0.14533300699999963,0.14833299800000077,3849012000.0,14.470825513755958,0
2004-11-08,0.1362632510000008,0.14858299499999994,0.15058299899999916,0.14474999900000007,0.14541700500000054,718620000.0,1.0768673469387702,0
2004-11-09,0.13542324299999997,0.1476670060000007,0.1498329940000005,0.1462499949999998,0.14633299399999977,615936000.0,-0.6164830638930141,0
2004-11-10,0.13542324299999997,0.1476670060000007,0.14908300299999944,0.14683300299999935,0.14749999300000027,645912000.0,0.0,0
2004-11-11,0.1380974350000006,0.15058299899999916,0.15058299899999916,0.14758299300000033,0.14858299499999994,507000000.0,1.9747085547329402,0
2004-11-12,0.13832671900000015,0.1508329960000001,0.15333299299999936,0.14933300000000038,0.15291699800000025,647076000.0,0.1660194056833708,0
2004-11-15,0.14039017300000012,0.15308299700000028,0.15416699600000072,0.1484169959999999,0.14933300000000038,536472000.0,1.4917167063365877,0
2004-11-16,0.1399315889999997,0.15258300300000016,0.1552499980000004,0.14974999400000044,0.15358300499999977,472728000.0,-0.32661628645799246,0
2004-11-17,0.14230140999999996,0.15516699900000042,0.1592500060000006,0.1535000059999998,0.15500000099999944,602772000.0,1.6935018640313437,0
2004-11-18,0.14413554999999967,0.15716700299999964,0.15850000100000017,0.1532499939999994,0.15649999699999917,532524000.0,1.2889364445335394,0
2004-11-19,0.1448994429999999,0.15800000700000005,0.17108300299999968,0.15674999400000011,0.1691669969999996,2126052000.0,0.5300120153083343,0
2004-11-22,0.1490263340000002,0.16249999399999915,0.16249999399999915,0.1570830050000005,0.15858300000000014,733788000.0,2.848092911793354,0
2004-11-23,0.14963798199999978,0.16316699999999962,0.16491700699999967,0.1598329990000007,0.1611669960000004,676896000.0,0.41046524592487366,0
2004-11-24,0.15024882600000034,0.16383300699999914,0.16650000199999937,0.1625829939999992,0.1630000030000005,428580000.0,0.4081750599079337,0
2004-11-26,0.15177753600000088,0.16549999999999976,0.16699999599999948,0.16316699999999962,0.1645829980000002,350760000.0,1.0174952108399138,0
2004-11-29,0.14879701999999995,0.16224999699999998,0.16791699800000082,0.1608330010000003,0.16674999900000032,704388000.0,-1.9637480362537763,0
2004-11-30,0.14619898800000009,0.15941700299999972,0.16308300200000048,0.15850000100000017,0.16291700300000045,576540000.0,-1.746067212562108,0
2004-12-01,0.14986729600000004,0.16341699700000056,0.16341699700000056,0.15966700000000067,0.1608330010000003,514572000.0,2.509138877739403,0
2004-12-02,0.15185366599999917,0.1655829999999998,0.1668329980000003,0.16058300399999936,0.16183300299999992,758652000.0,1.325445357437327,0
2004-12-03,0.15842649300000033,0.1727499960000003,0.17499999700000046,0.16900000000000048,0.16958299300000057,1347312000.0,4.328340469734204,0
2004-12-06,0.16599239399999988,0.18099999400000044,0.18241700499999958,0.17049999500000013,0.1735830010000008,970500000.0,4.775686362389275,0
2004-12-07,0.17432229199999938,0.1900829969999993,0.20800000400000052,0.18783299599999914,0.1915829930000008,2927052000.0,5.018233868007749,0
2004-12-08,0.17638574499999926,0.19233299799999948,0.1958329980000002,0.19083300199999975,0.19275000700000078,872724000.0,1.183693983949552,0
2004-12-09,0.1747808899999992,0.19058300600000067,0.19258299500000042,0.18524999899999983,0.18891699599999967,869964000.0,-0.9098761097666719,0
2004-12-10,0.17814377000000015,0.1942500030000005,0.1963330059999997,0.19308300299999992,0.1949999929999997,652848000.0,1.9240944284402817,0
2004-12-13,0.17325297000000006,0.18891699599999967,0.1938329939999992,0.18799999400000011,0.19133299599999987,738024000.0,-2.745434706634209,0
2004-12-14,0.17676818400000016,0.19275000700000078,0.1929170039999999,0.18874999900000056,0.1890829949999997,512988000.0,2.028939206719116,0
2004-12-15,0.17837314299999996,0.1944999989999996,0.19508300699999914,0.19166700499999934,0.19466699700000056,432768000.0,0.9079076194274727,0
2004-12-16,0.18074186099999956,0.19708299600000068,0.2071670000000001,0.19674999999999976,0.20016700000000043,1524036000.0,1.3280190299641115,0
2004-12-17,0.1762335299999993,0.19216699899999945,0.20158299799999924,0.18991699799999928,0.20074999300000052,1214244000.0,-2.4943790686031586,0
2004-12-20,0.17432229199999938,0.1900829969999993,0.19741700600000023,0.1890829949999997,0.19441699999999962,898728000.0,-1.084474447144801,0
2004-12-21,0.17562179299999947,0.19149999300000076,0.19283300600000075,0.18541699600000072,0.1900829969999993,899400000.0,0.74546173111949,0
2004-12-22,0.1758511219999992,0.1917500049999994,0.19625000699999973,0.19133299599999987,0.1953330040000001,421824000.0,0.13055457396282666,0
2004-12-23,0.17630959999999973,0.19224999799999942,0.19441699999999962,0.18975000100000017,0.19066700299999972,366972000.0,0.2607525355736051,0
2004-12-27,0.1747808899999992,0.19058300600000067,0.19574999800000015,0.18958300399999928,0.19491699299999965,308208000.0,-0.8670959778111498,0
2004-12-28,0.17386381300000053,0.18958300399999928,0.19249999500000037,0.18883299800000053,0.19100000000000072,291612000.0,-0.5247068041313141,0
2004-12-29,0.1753925229999993,0.1912499959999998,0.19358299700000003,0.1885000019999996,0.18899999599999973,294732000.0,0.8792940109757952,0
2004-12-30,0.17470477500000037,0.1905000060000006,0.1929170039999999,0.1896670010000001,0.19133299599999987,259812000.0,-0.3921516421887983,0
2004-12-31,0.1800541280000001,0.1963330059999997,0.19733299299999985,0.19249999500000037,0.1932500000000008,575964000.0,3.06194216077873,0
2005-01-03,0.18020722300000003,0.1965000030000006,0.20599999999999952,0.19566699900000017,0.20316700599999926,1066716000.0,0.08505803654836885,0
2005-01-04,0.17172419999999988,0.18725000300000083,0.19824999599999948,0.18424999700000022,0.19791699900000026,790224000.0,-4.707379062991668,0
2005-01-05,0.17332913000000083,0.18899999599999973,0.1912499959999998,0.18424999700000022,0.18524999899999983,724812000.0,0.934575685961403,0
2005-01-06,0.17164806999999982,0.18716700400000086,0.19458299899999965,0.18583300699999938,0.19233299799999948,563568000.0,-0.9698370575626947,0
2005-01-07,0.16836129100000008,0.18358300599999922,0.18899999599999973,0.18083299699999955,0.18758299899999997,763092000.0,-1.9148663618080874,0
2005-01-10,0.1687436550000001,0.18399999999999928,0.18583300699999938,0.1829169989999997,0.18416699800000025,579552000.0,0.22714193927078075,0
2005-01-11,0.1635465319999998,0.17833299900000021,0.1832499950000006,0.17558300500000001,0.18224999299999922,1093380000.0,-3.0798918478260884,0
2005-01-12,0.1621709169999992,0.17683300400000057,0.18058300000000038,0.17249999899999935,0.17991699300000086,1057800000.0,-0.8411202684927677,0
2005-01-13,0.16385286999999948,0.1786669940000003,0.18333299500000066,0.17333300399999985,0.17724999800000063,898764000.0,1.0371310550150614,0
2005-01-14,0.16438752400000034,0.17925000199999985,0.18241700499999958,0.1774999949999998,0.18199999600000005,573912000.0,0.3263098499323158,0
2005-01-18,0.166985661,0.1820829960000001,0.18250000499999963,0.17683300400000057,0.17724999800000063,464556000.0,1.5804708331328188,0
2005-01-19,0.16316495799999942,0.17791700399999932,0.18333299500000066,0.17716699800000058,0.1829169989999997,336492000.0,-2.287963231887946,0
2005-01-20,0.1635465319999998,0.17833299900000021,0.18266700200000052,0.17433300599999946,0.17433300599999946,640080000.0,0.23381407659044395,0
2005-01-21,0.16385286999999948,0.1786669940000003,0.18216699399999925,0.1780000029999993,0.17858299599999938,596352000.0,0.18728726700771858,0
2005-01-24,0.15728014699999981,0.17149999699999974,0.18025000399999946,0.17049999500000013,0.17766700700000015,463704000.0,-4.011371568718514,0
2005-01-25,0.1600313480000004,0.17450000300000035,0.1769170019999997,0.17125000100000065,0.17225000300000026,439704000.0,1.749274666168077,0
2005-01-26,0.16209480200000037,0.17675000400000052,0.1791670019999998,0.1721670030000002,0.17508299600000043,429120000.0,1.289398831700872,0
2005-01-27,0.17508710899999969,0.19091700000000067,0.1917500049999994,0.17599999900000007,0.17708300099999974,1002912000.0,8.015273368819841,0
2005-01-28,0.17485788499999977,0.19066700299999972,0.1924169960000004,0.1864999980000004,0.19166700499999934,671052000.0,-0.13094538464358818,0
2005-01-31,0.1751633290000001,0.19100000000000072,0.19458299899999965,0.1883330050000005,0.19224999799999942,562968000.0,0.17464846814632118,0
2005-02-01,0.17844918399999976,0.19458299899999965,0.19541700199999923,0.1896670010000001,0.19083300199999975,507180000.0,1.8759157068062748,0
2005-02-02,0.1883849049999995,0.20541700699999943,0.20700000199999913,0.1965000030000006,0.2022500039999997,2035404000.0,5.567808110512273,0
2005-02-03,0.1863975670000002,0.20325000599999932,0.20466700200000076,0.2004169969999996,0.20325000599999932,690120000.0,-1.0549277451014527,0
2005-02-04,0.19709722700000043,0.21491700400000013,0.21549999700000022,0.20325000599999932,0.2033330049999993,806448000.0,5.740220248751182,0
2005-02-07,0.19472749500000042,0.2123329940000005,0.21916699400000006,0.2104170019999998,0.2151670009999993,521628000.0,-1.202329248922529,0
2005-02-08,0.19663870299999964,0.21441699600000064,0.21783299700000036,0.21033300500000074,0.21099999499999988,455772000.0,0.981478177621331,0
2005-02-09,0.18976053599999965,0.20691700299999916,0.21566699399999933,0.2058330030000004,0.2150000040000002,783756000.0,-3.4978537802106024,0
2005-02-10,0.19419282700000018,0.2117500010000004,0.212833002,0.20724999900000007,0.20800000400000052,602376000.0,2.3357181526546755,0
2005-02-11,0.19984847299999942,0.2179169949999995,0.21950000500000044,0.20966699699999936,0.2104170019999998,556512000.0,2.9123938469308497,0
2005-02-14,0.19564452800000076,0.2133329960000001,0.21866700100000003,0.21250000600000085,0.21783299700000036,432900000.0,-2.103552777056239,0
2005-02-15,0.1974025820000005,0.21524999999999928,0.22208300199999975,0.21441699600000064,0.21475000699999924,748500000.0,0.8985970459065795,0
2005-02-16,0.1967147889999996,0.2144999950000006,0.21766699900000042,0.21066699900000074,0.21458299500000066,466464000.0,-0.348434378629503,0
2005-02-17,0.1949567650000006,0.21258300500000082,0.21750000099999944,0.2109169959999999,0.21741700199999947,1017408000.0,-0.8937016525338404,0
2005-02-18,0.21604971600000056,0.23558300700000068,0.23583300399999985,0.22258299599999987,0.2289170029999994,3132120000.0,10.819304205432623,0
2005-02-22,0.21880097700000078,0.23858299900000013,0.244083002,0.23191699400000054,0.23399999699999974,1420800000.0,1.2734331046211578,0
2005-02-23,0.21169349600000054,0.230832994,0.23766699399999958,0.22699999800000015,0.23475000300000026,1107840000.0,-3.248347548854469,0
2005-02-24,0.2172730860000005,0.23691700400000038,0.23724999999999952,0.22766700400000062,0.22766700400000062,695496000.0,2.635676076705029,0
2005-02-25,0.22040580200000015,0.24033300600000018,0.24158300500000074,0.2346670030000002,0.23724999999999952,525132000.0,1.4418559843007328,0
2005-02-28,0.22155222299999977,0.24158300500000074,0.2416670019999998,0.2370830030000004,0.23916700500000054,758064000.0,0.520111249305466,0
2005-03-01,0.2210175250000006,0.2409999969999994,0.24666699800000025,0.23858299900000013,0.2426670039999994,737148000.0,-0.24132823416117555,0
2005-03-02,0.2145218100000008,0.23391699799999977,0.23966699800000058,0.2325000020000001,0.23833300199999918,947460000.0,-2.9390037710249506,0
2005-03-03,0.21161742500000003,0.23074999500000004,0.23483300200000023,0.2273329939999993,0.2333330070000006,761292000.0,-1.353900326644908,0
2005-03-04,0.2107003479999996,0.2297500069999998,0.23341700399999965,0.22783300300000064,0.23141700000000043,593124000.0,-0.43336425641092857,0
2005-03-07,0.21283984199999928,0.23208299300000057,0.23691700400000038,0.22916699900000026,0.23074999500000004,511176000.0,1.0154454532834922,0
2005-03-08,0.20206417099999996,0.2203329949999997,0.23199999300000052,0.21883299899999997,0.23150000000000048,1332384000.0,-5.062843187307564,0
2005-03-09,0.19679088900000075,0.21458299500000066,0.2230000049999994,0.21391700200000052,0.21891699699999911,910140000.0,-2.609686306855674,0
2005-03-10,0.1967147889999996,0.2144999950000006,0.2171670050000003,0.21108299499999994,0.21524999999999928,689280000.0,-0.03867967263668781,0
2005-03-11,0.19228254299999925,0.20966699699999936,0.21674999600000078,0.2077499930000002,0.21641699999999986,732180000.0,-2.2531459732668124,0
2005-03-14,0.19770798100000064,0.21558299700000028,0.21649999899999983,0.21250000600000085,0.21400000200000058,572148000.0,2.821617176116664,0
2005-03-15,0.19373427300000046,0.2112500070000003,0.21875,0.21108299499999994,0.21666699600000072,378108000.0,-2.009894129081069,0
2005-03-16,0.190448344,0.20766699300000013,0.21375000499999963,0.20758299499999922,0.2104170019999998,535356000.0,-1.6961012455729785,0
2005-03-17,0.18853712099999953,0.20558300599999946,0.20908300600000018,0.20508299799999996,0.20833300099999974,442584000.0,-1.0035234631629586,0
2005-03-18,0.18471658200000007,0.2014169989999992,0.20641699399999958,0.1976670029999994,0.20575000300000035,639012000.0,-2.0264354924355965,0
2005-03-21,0.1910591420000003,0.20833300099999974,0.20883299399999977,0.2000830019999995,0.20133300100000007,654456000.0,3.4336734408400016,0
2005-03-22,0.18762002899999963,0.20458300399999985,0.2104170019999998,0.2038329989999994,0.20849999800000063,622992000.0,-1.8000014313622748,0
2005-03-23,0.19167082000000057,0.20900000600000013,0.2104170019999998,0.20391699700000032,0.20433300700000068,728784000.0,2.159026856404922,0
2005-03-24,0.19205321399999953,0.2094170000000002,0.21524999999999928,0.2092500029999993,0.20958299900000021,865356000.0,0.19951865455927198,0
2005-03-28,0.18991279599999977,0.20708300199999918,0.21250000600000085,0.20508299799999996,0.20950000000000024,511188000.0,-1.1145217436979826,0
2005-03-29,0.18570977399999933,0.20250000100000065,0.20916700399999932,0.20158299799999924,0.20683300500000001,587400000.0,-2.2131227361673944,0
2005-03-30,0.18570977399999933,0.20250000100000065,0.20541700699999943,0.19558300099999926,0.20258300000000062,858708000.0,0.0,0
2005-03-31,0.18158289800000027,0.19799999900000032,0.20274999699999974,0.19708299600000068,0.20133300100000007,518316000.0,-2.2222231989026064,0
2005-04-01,0.17982481399999983,0.1960829939999993,0.20158299799999924,0.19491699299999965,0.2004169969999996,510756000.0,-0.9681843483241637,0
2005-04-04,0.17875549200000052,0.19491699299999965,0.19558300099999926,0.19058300600000067,0.1949999929999997,421428000.0,-0.5946466729287114,0
2005-04-05,0.17562179299999947,0.19149999300000076,0.1990829999999999,0.19033299400000026,0.1949999929999997,430128000.0,-1.753053926909287,0
2005-04-06,0.1782968940000007,0.19441699999999962,0.19833299499999946,0.19374999399999915,0.19508300699999914,567468000.0,1.523241308943546,0
2005-04-07,0.18158289800000027,0.19799999900000032,0.20000000299999954,0.1920830010000003,0.19541700199999923,506352000.0,1.8429453185678124,0
2005-04-08,0.17921409000000033,0.19541700199999923,0.20325000599999932,0.1949999929999997,0.1988330040000008,621540000.0,-1.3045439459825503,0
2005-04-11,0.1756978930000006,0.1915829930000008,0.1975000050000002,0.19100000000000072,0.1968329999999998,328380000.0,-1.9619628593012584,0
2005-04-12,0.17783838499999938,0.1939170059999995,0.1942500030000005,0.18674999499999956,0.19100000000000072,512232000.0,1.218277762264619,0
2005-04-13,0.17042473000000058,0.18583300699999938,0.19466699700000056,0.18458299299999936,0.19416700300000045,498408000.0,-4.168793220745171,0
2005-04-14,0.16904909900000042,0.18433299700000028,0.18799999400000011,0.18366700400000013,0.18625000099999944,352080000.0,-0.8071816865127701,0
2005-04-15,0.16316495799999942,0.17791700399999932,0.18333299500000066,0.17624999599999924,0.18199999600000005,630156000.0,-3.480653547883239,0
2005-04-18,0.16201870099999915,0.17666700500000054,0.18066699799999952,0.17583300199999918,0.17683300400000057,473100000.0,-0.7025742182574124,0
2005-04-19,0.16767342400000018,0.18283300100000055,0.18416699800000025,0.17874999300000027,0.17958299800000077,365460000.0,3.490179731070886,0
2005-04-20,0.16255336999999948,0.17724999800000063,0.18708300599999994,0.17708300099999974,0.1859170050000003,564672000.0,-3.0536079205963462,0
2005-04-21,0.17157109100000056,0.18708300599999994,0.18774999699999917,0.17925000199999985,0.18083299699999955,538152000.0,5.547536310832579,0
2005-04-22,0.16996616099999962,0.1853329989999999,0.18716700400000086,0.18316699600000064,0.1859170050000003,336276000.0,-0.9354174050421271,0
2005-04-25,0.17264127700000031,0.18825000500000044,0.1896670010000001,0.18600000400000027,0.1869170069999999,318168000.0,1.5739269400156797,0
2005-04-26,0.1718773690000006,0.18741700100000003,0.19224999799999942,0.18358300599999922,0.1883330050000005,353148000.0,-0.4424987930279234,0
2005-04-27,0.16530461600000024,0.18025000399999946,0.18316699600000064,0.1764999930000002,0.18250000499999963,609348000.0,-3.824091177299338,0
2005-04-28,0.16583926999999932,0.18083299699999955,0.1832499950000006,0.17791700399999932,0.1796669959999999,372948000.0,0.3234357764563489,0
2005-04-29,0.16759730899999958,0.18275000200000058,0.18399999999999928,0.17433300599999946,0.1825830039999996,478356000.0,1.0600969025581053,0
2005-05-02,0.166985661,0.1820829960000001,0.18700000599999989,0.17933300099999983,0.1849170030000007,334908000.0,-0.3649827593435573,0
2005-05-03,0.16606855400000065,0.1810829940000005,0.18558299500000075,0.18033300299999944,0.18224999299999922,439512000.0,-0.5492012005338442,0
2005-05-04,0.17134179199999977,0.18683299399999953,0.18816700600000047,0.18133300500000082,0.18191699700000008,468816000.0,3.1753395904200676,0
2005-05-05,0.17470477500000037,0.1905000060000006,0.19283300600000075,0.1869170069999999,0.18791699400000006,619272000.0,1.9627218520086531,0
2005-05-06,0.17707361299999924,0.19308300299999992,0.19316700100000084,0.1883330050000005,0.19275000700000078,355728000.0,1.3559038943022461,0
2005-05-09,0.18036039200000076,0.19666700099999979,0.19799999900000032,0.19275000700000078,0.1939170059999995,745332000.0,1.8561954932925895,0
2005-05-10,0.17332913000000083,0.18899999599999973,0.1942500030000005,0.18683299399999953,0.19416700300000045,735120000.0,-3.8984704912442325,0
2005-05-11,0.17042473000000058,0.18583300699999938,0.19083300199999975,0.18549999600000078,0.18999999799999934,555420000.0,-1.6756555910191762,0
2005-05-12,0.17417009200000066,0.18991699799999928,0.1924169960000004,0.1856669929999999,0.18583300699999938,835584000.0,2.1976671776074763,0
2005-05-13,0.19358105999999964,0.21108299499999994,0.21224999400000044,0.19833299499999946,0.20708300199999918,2650320000.0,11.144867085567544,0
2005-05-16,0.19426885200000044,0.21183300000000038,0.21324999600000005,0.20849999800000063,0.2085829970000006,664104000.0,0.35531284744183544,0
2005-05-17,0.19640938899999938,0.2141669989999997,0.2151670009999993,0.2104170019999998,0.21058300099999983,639804000.0,1.101810860441943,0
2005-05-18,0.19786113500000013,0.2157499939999994,0.21625000200000066,0.2114170039999994,0.21366700499999958,550056000.0,0.7391404872792773,0
2005-05-19,0.19747866700000039,0.21533299999999933,0.2171670050000003,0.21291699999999913,0.21625000200000066,452880000.0,-0.19327648277941423,0
2005-05-20,0.20099476000000038,0.21916699400000006,0.21924999400000011,0.21258300500000082,0.21508300300000016,517008000.0,1.780495325844167,0
2005-05-23,0.20565634999999993,0.22425000399999995,0.22650000500000012,0.21999999900000056,0.22066700499999925,703668000.0,2.3192406425942114,0
2005-05-24,0.2085607799999991,0.22741700699999967,0.2282499970000007,0.22208300199999975,0.22316700200000028,522192000.0,1.4122644118213623,0
2005-05-25,0.20588563399999948,0.2245000000000008,0.2280829999999998,0.2223329990000007,0.22691699900000017,535272000.0,-1.2826688023380717,0
2005-05-26,0.21169349600000054,0.230832994,0.23258300100000007,0.2260829960000006,0.22650000500000012,788784000.0,2.820932739420945,0
2005-05-27,0.21031786500000038,0.2293329980000003,0.23150000000000048,0.22691699900000017,0.23150000000000048,322740000.0,-0.6498187169898251,0
2005-05-31,0.20710811000000007,0.22583299899999965,0.23025000099999993,0.22208300199999975,0.22833299600000068,763176000.0,-1.526164586223222,0
2005-06-01,0.20901933300000053,0.22791700099999979,0.23208299300000057,0.22166700700000064,0.22433300299999992,796632000.0,0.9228066798156354,0
2005-06-02,0.2168145629999998,0.23641699600000088,0.2364169959999991,0.2270829980000002,0.2270829980000002,684348000.0,3.7294256078773014,0
2005-06-03,0.2162789699999994,0.23583300399999985,0.23774999399999963,0.2333330070000006,0.23558300700000068,559620000.0,-0.24701777362908794,0
2005-06-06,0.21421553200000076,0.23358300299999968,0.23616699899999993,0.23141700000000043,0.23158299900000046,512892000.0,-0.9540653605887961,0
2005-06-07,0.20901933300000053,0.22791700099999979,0.23583300399999985,0.2270829980000002,0.23199999300000052,974136000.0,-2.4256910508167473,0
2005-06-08,0.2075666639999998,0.22633300699999914,0.2316669969999996,0.22391700700000072,0.22849999399999987,618720000.0,-0.6949872072070651,0
2005-06-09,0.2162789699999994,0.23583300399999985,0.23591700200000076,0.22433300299999992,0.22458300000000087,619908000.0,4.197353769085921,0
2005-06-10,0.21383400300000055,0.23316699299999932,0.23583300399999985,0.23158299900000046,0.23558300700000068,465096000.0,-1.1304656069258345,0
2005-06-13,0.218571678,0.23833300199999918,0.24491700499999958,0.2326669989999992,0.2333330070000006,1409916000.0,2.2155833180041995,0
2005-06-14,0.20565634999999993,0.22425000399999995,0.24233299499999994,0.21674999600000078,0.2384170000000001,2408412000.0,-5.9089584244820585,0
2005-06-15,0.20504465700000019,0.22358299799999948,0.22458300000000087,0.21475000699999924,0.2228329930000008,1669788000.0,-0.2974385677157021,0
2005-06-16,0.20611487300000064,0.22474999699999998,0.2262499929999997,0.22024999599999973,0.22349999799999942,489240000.0,0.5219533732166992,0
2005-06-17,0.20565634999999993,0.22425000399999995,0.22791700099999979,0.2236669960000004,0.22750000699999973,456348000.0,-0.2224662988538295,0
2005-06-20,0.2087900489999992,0.22766700400000062,0.22916699900000026,0.2205830070000001,0.22425000399999995,606060000.0,1.5237457922185893,0
2005-06-21,0.21077643299999949,0.22983300699999987,0.2309170070000004,0.22699999800000015,0.22916699900000026,428172000.0,0.9513908304428664,0
2005-06-22,0.2105471639999994,0.22958299499999946,0.23383300000000062,0.2267500009999992,0.23225000499999915,700668000.0,-0.10877984988465483,0
2005-06-23,0.21383400300000055,0.23316699299999932,0.23600000100000074,0.22833299600000068,0.22916699900000026,836976000.0,1.5610903586304348,0
2005-06-24,0.20703198,0.2257499989999996,0.23283299799999924,0.2245000000000008,0.23274999899999926,475632000.0,-3.1809793935970943,0
2005-06-27,0.20535093500000023,0.22391700700000072,0.22616699299999965,0.22191700299999972,0.22433300299999992,354588000.0,-0.8119565927440009,0
2005-06-28,0.20664958699999936,0.22533300499999953,0.22683300099999926,0.2223329990000007,0.22483299700000003,262308000.0,0.6323762625140894,0
2005-06-29,0.20473930200000012,0.22325000200000034,0.22583299899999965,0.22141699500000023,0.22541700300000045,283572000.0,-0.9244109623443797,0
2005-06-30,0.20420461900000042,0.22266699400000078,0.22683300099999926,0.2209170010000001,0.22474999699999998,593232000.0,-0.26114579833239615,0
2005-07-01,0.20512162099999998,0.2236669960000004,0.22400000700000078,0.21916699400000006,0.22191700299999972,315168000.0,0.44910203440389207,0
2005-07-05,0.20833146600000063,0.22716699499999926,0.2280829999999998,0.2223329990000007,0.2245000000000008,388440000.0,1.564825862819741,0
2005-07-06,0.21391011799999937,0.23325000700000054,0.23424999400000068,0.22533300499999953,0.22791700099999979,703632000.0,2.6777710379978448,0
2005-07-07,0.2123813479999992,0.23158299900000046,0.2333330070000006,0.22883300500000026,0.22958299499999946,465900000.0,-0.7146872239965241,0
2005-07-08,0.2150564940000006,0.23450000599999932,0.2352499960000003,0.23000000400000076,0.23299999500000013,408132000.0,1.2595946216241938,0
2005-07-11,0.21826627899999984,0.23800000499999996,0.24041700399999932,0.23558300700000068,0.23658299400000082,399492000.0,1.492536848805015,0
2005-07-12,0.21704380199999918,0.23666700699999943,0.23849999900000007,0.23183299599999962,0.2378329929999996,564252000.0,-0.5600831815108509,0
2005-07-13,0.21734923100000003,0.23700000300000035,0.23833300199999918,0.23299999500000013,0.23766699399999958,594780000.0,0.14070233287732936,0
2005-07-14,0.20771984799999998,0.22650000500000012,0.24416699999999913,0.22616699299999965,0.23950000099999968,1871496000.0,-4.43037884687284,0
2005-07-15,0.20550319600000044,0.22408300600000075,0.22650000500000012,0.22016699599999967,0.22583299899999965,1223352000.0,-1.067107702712855,0
2005-07-18,0.20038309699999957,0.21850000300000083,0.22349999799999942,0.21625000200000066,0.22341699899999945,1044900000.0,-2.491488801252517,0
2005-07-19,0.2031343579999998,0.2214999940000002,0.22200000299999978,0.2181670069999999,0.21983300099999958,517896000.0,1.3729935738261867,0
2005-07-20,0.20619104800000088,0.22483299700000003,0.2257499989999996,0.21591700599999974,0.21891699699999911,526500000.0,1.5047418014828562,0
2005-07-21,0.20267584900000024,0.22100000100000017,0.22291700499999934,0.21641699999999986,0.22191700299999972,594528000.0,-1.704819155170545,0
2005-07-22,0.1974025820000005,0.21524999999999928,0.22525000599999956,0.21366700499999958,0.22208300199999975,699264000.0,-2.601810395466919,0
2005-07-25,0.19854892799999924,0.21649999899999983,0.22316700200000028,0.21183300000000038,0.21275000300000002,974952000.0,0.5807196283391436,0
2005-07-26,0.20267584900000024,0.22100000100000017,0.2213329969999993,0.21475000699999924,0.21558299700000028,759492000.0,2.0785228733419148,0
2005-07-27,0.20680265100000028,0.2255000030000005,0.22650000500000012,0.2175830009999995,0.2213329969999993,807828000.0,2.036199990786436,0
2005-07-28,0.208407566,0.22724999499999932,0.22833299600000068,0.22200000299999978,0.2250829939999992,411240000.0,0.7760496570813791,0
2005-07-29,0.20680265100000028,0.2255000030000005,0.2287500050000002,0.2236669960000004,0.22633300699999914,351660000.0,-0.7700735042920459,0
2005-08-01,0.20993640999999919,0.2289170029999994,0.22991700500000078,0.22533300499999953,0.22683300099999926,389040000.0,1.5152993146523297,0
2005-08-02,0.21276377100000055,0.23199999300000052,0.23274999899999926,0.22883300500000026,0.22916699900000026,422652000.0,1.346771956471926,0
2005-08-03,0.21276377100000055,0.23199999300000052,0.2341669950000007,0.22991700500000078,0.23199999300000052,518256000.0,0.0,0
2005-08-04,0.2105471639999994,0.22958299499999946,0.23125000299999954,0.22908300199999942,0.23025000099999993,356424000.0,-1.0418095141925154,0
2005-08-05,0.21589745600000043,0.2354169929999994,0.23591700200000076,0.22766700400000062,0.22924999900000032,684096000.0,2.5411281005372377,0
2005-08-08,0.21666134900000067,0.2362499979999999,0.2414170060000007,0.2345830049999993,0.23700000300000035,725544000.0,0.35384234136404125,0
2005-08-09,0.21612668000000035,0.23566700499999982,0.23716700099999954,0.23308299500000018,0.23658299400000082,291900000.0,-0.24676952589857137,0
2005-08-10,0.2129168959999994,0.23216700599999918,0.2378329929999996,0.2297500069999998,0.23666700699999943,440556000.0,-1.485145958383105,0
2005-08-11,0.21589745600000043,0.2354169929999994,0.23583300399999985,0.22991700500000078,0.23216700599999918,701556000.0,1.39984877954622,0
2005-08-12,0.2288887949999996,0.24958300599999994,0.2517499920000006,0.24075000000000024,0.24924999499999956,2295420000.0,6.01741311002133,0
2005-08-15,0.23469765499999973,0.25591701299999947,0.25850001000000056,0.2472500059999998,0.25041699400000006,882804000.0,2.537835849288572,0
2005-08-16,0.23072309800000035,0.25158300999999916,0.2557500000000008,0.24975000300000083,0.2535000150000002,637488000.0,-1.6935189064589573,0
2005-08-17,0.23072309800000035,0.25158300999999916,0.2546670140000007,0.2503330110000004,0.2504999940000001,607572000.0,0.0,0
2005-08-18,0.22476199299999955,0.2450830039999996,0.2509169880000002,0.24400000300000002,0.24966700400000086,822732000.0,-2.583642671259878,0
2005-08-19,0.2231570929999993,0.24333299699999955,0.2462500040000002,0.24258300700000035,0.24549999799999966,422232000.0,-0.7140466582497118,0
2005-08-22,0.2213229089999995,0.24133299300000033,0.24683299700000028,0.23849999900000007,0.24291700100000035,547224000.0,-0.8219205881066727,0
2005-08-23,0.22277559299999972,0.24291700100000035,0.24416699999999913,0.24025000600000013,0.24108299599999938,254460000.0,0.6563578316869378,0
2005-08-24,0.22292782399999922,0.24308300000000038,0.24824999299999995,0.24016700700000015,0.24133299300000033,514620000.0,0.06833568639355025,0
2005-08-25,0.22445654899999923,0.24474999299999922,0.24608300599999922,0.24208299800000077,0.24416699999999913,296484000.0,0.6857711152157941,0
2005-08-26,0.2210175250000006,0.2409999969999994,0.24500000499999963,0.2386669959999992,0.24500000499999963,323436000.0,-1.5321740989794441,0
2005-08-29,0.22139993300000071,0.2414170060000007,0.2416670019999998,0.23683300599999946,0.23874999599999924,343392000.0,0.17303278223692597,0
2005-08-30,0.2293474530000008,0.250082999,0.25066700600000047,0.2406670000000002,0.2409999969999994,948852000.0,3.5896365146703912,0
2005-08-31,0.2344683560000007,0.25566700100000084,0.25883299100000023,0.24875000099999944,0.24950000599999989,906804000.0,2.2328594995775886,0
2005-09-01,0.23454457499999926,0.2557500000000008,0.2580829859999998,0.25358301400000016,0.2549169960000004,556884000.0,0.0324637124366145,0
2005-09-02,0.23072309800000035,0.25158300999999916,0.25624999399999915,0.25075000500000044,0.25624999399999915,469800000.0,-1.6293216031280422,0
2005-09-06,0.23263423100000047,0.25366699699999984,0.25499999500000037,0.24866700199999947,0.25249999799999934,423096000.0,0.8283496568389115,0
2005-09-07,0.24004711199999917,0.26175001300000034,0.2624169890000001,0.2526670099999997,0.25333300199999975,588012000.0,3.1864673353625195,0
2005-09-08,0.24287442900000045,0.2648330029999997,0.26808300599999946,0.2601670029999994,0.2601670029999994,646116000.0,1.1778375728294543,0
2005-09-09,0.24600805300000061,0.2682499889999992,0.2688330109999999,0.26333299300000057,0.2676669960000009,454236000.0,1.2902417603896543,0
2005-09-12,0.24516710600000025,0.2673330010000008,0.269333005,0.2641670109999996,0.2684999999999995,556584000.0,-0.3418408341481771,0
2005-09-13,0.2525807620000009,0.27541699999999913,0.27674999799999966,0.26608300200000023,0.26608300200000023,854724000.0,3.023943534752749,0
2005-09-14,0.24952334199999981,0.2720830139999997,0.2770000100000001,0.2708329860000003,0.27333301300000024,503448000.0,-1.2105229524684402,0
2005-09-15,0.2539564670000001,0.2769170110000001,0.28000000099999944,0.2745830120000008,0.27625000499999963,759756000.0,1.7766625446158812,0
2005-09-16,0.2541087270000002,0.27708300900000005,0.2807500059999999,0.2748329940000005,0.2792499960000008,519828000.0,0.059945035301578464,0
2005-09-19,0.2505173979999995,0.2731670140000002,0.27766698599999984,0.2716670039999993,0.27674999799999966,428316000.0,-1.4132930828681722,0
2005-09-20,0.2554081979999996,0.27849999100000034,0.2815830110000004,0.2749170060000008,0.27524998800000056,522192000.0,1.9522770783737542,0
2005-09-21,0.25319162000000084,0.2760829929999993,0.2829169930000006,0.2736670080000003,0.27741700400000013,625656000.0,-0.8678628646706099,0
2005-09-22,0.246390581,0.26866701199999987,0.27674999799999966,0.26374998700000063,0.27674999799999966,739152000.0,-2.686141916753282,0
2005-09-23,0.24998177600000027,0.2725830079999998,0.2749170060000008,0.2658329899999998,0.26808300599999946,314640000.0,1.4575648758843762,0
2005-09-26,0.2520452140000007,0.2748329940000005,0.27674999799999966,0.2697499990000001,0.27466699500000047,406776000.0,0.8254314957152342,0
2005-09-27,0.2528861760000005,0.2757500109999995,0.2784169910000003,0.2736670080000003,0.2759999929999992,404160000.0,0.3336633592108118,0
2005-09-28,0.2544150349999992,0.27741700400000013,0.2781670090000006,0.2734169959999999,0.2765829859999993,353556000.0,0.6045305289217318,0
2005-09-29,0.25968828799999955,0.28316700499999925,0.2833330039999993,0.27524998800000056,0.2775000040000002,513372000.0,2.072692342968274,0
2005-09-30,0.2619808910000003,0.2856670020000003,0.2882499989999996,0.2827500099999991,0.2833330039999993,458832000.0,0.8828701634923775,0
2005-10-03,0.2691645030000007,0.29350000600000037,0.29558300999999965,0.2866669890000004,0.2890000050000001,549888000.0,2.742005182663676,0
2005-10-04,0.2656492589999999,0.2896670100000005,0.29958298799999916,0.2890000050000001,0.29475000499999915,514476000.0,-1.305961131735034,0
2005-10-05,0.25686001799999936,0.2800830009999995,0.28999999200000026,0.2783330080000006,0.28999999200000026,599184000.0,-3.3086297952949484,0
2005-10-06,0.25594285100000036,0.27908301399999935,0.2840830089999997,0.27066698700000025,0.2797499900000009,685512000.0,-0.35703237841270274,0
2005-10-07,0.25265693699999936,0.2754999999999992,0.2824169990000005,0.27333301300000024,0.2795830069999994,551952000.0,-1.283852409591646,0
2005-10-10,0.24623730799999954,0.2684999999999995,0.27741700400000013,0.26841700099999954,0.2769170110000001,459216000.0,-2.5408348457350294,0
2005-10-11,0.24318069199999925,0.26516699799999977,0.27183300299999935,0.262082994,0.26949998699999966,540048000.0,-1.2413415270018713,0
2005-10-12,0.24608422800000085,0.26833298799999916,0.27241700899999977,0.26408299799999924,0.2644169929999993,657660000.0,1.1939607959811083,0
2005-10-13,0.24478575600000063,0.26691699000000035,0.2681669890000009,0.2566669879999992,0.26774999500000085,509304000.0,-0.5277017971416775,0
2005-10-14,0.24478575600000063,0.26691699000000035,0.27216699699999936,0.2624999880000001,0.2688330109999999,311256000.0,0.0,0
2005-10-17,0.24715453399999987,0.26949998699999966,0.27216699699999936,0.2670829890000004,0.2670829890000004,243912000.0,0.9677154683933598,0
2005-10-18,0.243103713,0.2650829849999994,0.27099999800000063,0.26333299300000057,0.2705000040000005,299832000.0,-1.6389618601354572,0
2005-10-19,0.24104036399999984,0.26283299900000046,0.2632499930000005,0.2542499899999999,0.2616670130000003,635952000.0,-0.8487855227675145,0
2005-10-20,0.24272219799999917,0.26466700399999965,0.27016699300000013,0.262082994,0.2632499930000005,359520000.0,0.6977833860199567,0
2005-10-21,0.24409781399999986,0.2661670150000006,0.2700000110000005,0.26433300999999965,0.269167006,298368000.0,0.5667540635326151,0
2005-10-24,0.25074678700000064,0.2734169959999999,0.2734169959999999,0.26608300200000023,0.2684999999999995,291012000.0,2.723846529217755,0
2005-10-25,0.2523515819999993,0.2751669880000005,0.2759999929999992,0.27041700500000054,0.2715829910000007,334680000.0,0.6400450687418013,0
2005-10-26,0.24547336999999914,0.2676669960000009,0.2758330109999996,0.26725000100000074,0.27524998800000056,415344000.0,-2.725614745617677,0
2005-10-27,0.24035242200000084,0.262082994,0.26899999399999963,0.2612499889999995,0.26816698899999913,227784000.0,-2.0861750172591287,0
2005-10-28,0.2477661970000007,0.27016699300000013,0.27066698700000025,0.25624999399999915,0.2627500000000005,464640000.0,3.0845187154722398,0
2005-10-31,0.2564014790000009,0.2795830069999994,0.2815000120000004,0.27125000999999926,0.27125000999999926,432420000.0,3.4852569869628702,0
2005-11-01,0.2532686290000008,0.2761670049999996,0.28166699400000006,0.273999989,0.2795830069999994,400488000.0,-1.221820323293099,0
2005-11-02,0.2679420110000006,0.29216700799999984,0.2924999889999995,0.27500000600000085,0.27625000499999963,523668000.0,5.793596885333918,0
2005-11-03,0.2648083569999997,0.2887499929999997,0.29583299199999935,0.2864170070000007,0.29416701200000084,465072000.0,-1.1695417026689192,0
2005-11-04,0.26029908699999993,0.2838329969999993,0.2895829980000002,0.28083300599999994,0.28891700500000006,570276000.0,-1.702855798857117,0
2005-11-07,0.25915265100000084,0.28258299800000053,0.2863329950000004,0.28141701200000035,0.2853330080000003,370824000.0,-0.44039946490083137,0
2005-11-08,0.2543379960000003,0.27733299099999975,0.2839170099999997,0.2760829929999993,0.2836669979999993,538968000.0,-1.8578637204493154,0
2005-11-09,0.26580154900000075,0.28983300900000053,0.2916670139999997,0.27474999400000044,0.27791699800000025,818880000.0,4.507223592450282,0
2005-11-10,0.25594285100000036,0.27908301399999935,0.3064169880000005,0.2736670080000003,0.29991701199999987,2503620000.0,-3.709030602514962,0
2005-11-11,0.2601468560000004,0.2836669979999993,0.2870000000000008,0.28025001299999985,0.2815000120000004,545928000.0,1.6425163016191346,0
2005-11-14,0.2656492589999999,0.2896670100000005,0.2916670139999997,0.27941700799999936,0.28374999799999934,493668000.0,2.1151603966281574,0
2005-11-15,0.26626014700000056,0.29033300300000064,0.29416701200000084,0.2894169990000002,0.2914170029999994,496200000.0,0.2299167585566586,0
2005-11-16,0.2653430100000005,0.2893329859999998,0.2922500069999998,0.2836669979999993,0.29066699700000065,455280000.0,-0.34443793494601804,0
2005-11-17,0.2771128419999993,0.3021669980000006,0.3024170099999992,0.28833299899999965,0.2917500139999998,703260000.0,4.435723758092358,0
2005-11-18,0.2765773239999998,0.30158299200000016,0.30566701300000076,0.2956669929999993,0.3031669860000008,465768000.0,-0.19327259557313514,0
2005-11-21,0.28146907700000057,0.30691701199999954,0.3074170049999996,0.29991701199999987,0.30191698700000025,454704000.0,1.768674010635185,0
2005-11-22,0.2889579530000006,0.3150829969999993,0.31808298800000046,0.3060829940000005,0.3084999919999998,731700000.0,2.660649192036302,0
2005-11-23,0.2881178559999995,0.3141669930000006,0.31874999399999915,0.3125,0.3154169919999994,411948000.0,-0.2907183214332476,0
2005-11-25,0.29094523200000033,0.31725001300000066,0.3177500070000008,0.31349998700000015,0.3156670029999997,116676000.0,0.9813316066592526,0
2005-11-28,0.28949353099999975,0.3156670029999997,0.3208329980000002,0.31000000200000066,0.31808298800000046,424524000.0,-0.498978702957531,0
2005-11-29,0.271151841,0.2956669929999993,0.30541700100000035,0.29433301100000087,0.29699999099999985,1043136000.0,-6.335793671789003,0
2005-11-30,0.27627185000000054,0.3012500110000005,0.30274999100000066,0.29350000600000037,0.2935830060000004,575448000.0,1.8882790883593792,0
2005-12-01,0.27955779400000047,0.30483299499999994,0.30625000600000085,0.30050000499999996,0.30375000799999974,562032000.0,1.1893722387283256,0
2005-12-02,0.27963501199999996,0.3049170080000003,0.3070000109999995,0.3008329869999997,0.30625000600000085,334476000.0,0.027560336767340488,0
2005-12-05,0.27443766600000075,0.2992500069999995,0.3055830000000004,0.2982499900000004,0.3055830000000004,387708000.0,-1.85853883231073,0
2005-12-06,0.27558410199999983,0.30050000499999996,0.30458301300000024,0.29933300599999946,0.2997499999999995,375252000.0,0.41771026591823635,0
2005-12-07,0.27604264,0.3009999990000001,0.3034999969999994,0.29583299199999935,0.30166700500000054,352668000.0,0.16638735164080654,0
2005-12-08,0.27382603300000063,0.2985830010000008,0.3033330139999997,0.2951669989999992,0.29941698899999913,386664000.0,-0.8029893714385006,0
2005-12-09,0.2777236100000007,0.3028329910000007,0.3032500149999997,0.29533299799999924,0.2994999889999992,262896000.0,1.4233864572886334,0
2005-12-12,0.2817744609999995,0.3072499929999992,0.3079169989999997,0.3031669860000008,0.30366700899999977,281136000.0,1.4585603719774465,0
2005-12-13,0.28544282900000084,0.31125000099999944,0.3139170110000009,0.3055830000000004,0.3078329859999993,443412000.0,1.3018740735984302,0
2005-12-14,0.2827676239999999,0.30833300900000005,0.3104169960000007,0.3046669959999999,0.30891698599999984,287472000.0,-0.9371861817279226,0
2005-12-15,0.27917626500000026,0.3044170140000002,0.3104169960000007,0.3012500110000005,0.3080829979999997,332724000.0,-1.270053768391699,0
2005-12-16,0.281621307,0.3070830109999996,0.3084169919999997,0.30258300899999924,0.3055000010000004,1065600000.0,0.8757713522543176,0
2005-12-19,0.2769596579999991,0.3019999860000002,0.31000000200000066,0.3012500110000005,0.30774998699999934,292296000.0,-1.6552608962141613,0
2005-12-20,0.2768065629999992,0.30183300400000057,0.30625000600000085,0.29783299600000035,0.30166700500000054,304356000.0,-0.055292055543332275,0
2005-12-21,0.27627185000000054,0.3012500110000005,0.30575001200000074,0.29850000100000074,0.3032500149999997,289380000.0,-0.19315084575709518,0
2005-12-22,0.2846787870000007,0.3104169960000007,0.3107500079999994,0.3009170000000001,0.3009999990000001,318336000.0,3.0429824615010537,0
2005-12-23,0.28689447,0.3128330110000004,0.31325000500000044,0.30916699800000025,0.31125000099999944,214536000.0,0.778312731304176,0
2005-12-27,0.2886525990000006,0.3147499860000007,0.31816700100000084,0.31150001299999985,0.3125,367968000.0,0.6127790011265732,0
2005-12-28,0.2913278039999998,0.3176670070000007,0.3186669949999992,0.3127500120000004,0.3147499860000007,264420000.0,0.9267739888001225,0
2005-12-29,0.28483104700000084,0.31058299500000075,0.31850001199999944,0.3092499970000002,0.31749999500000037,310464000.0,-2.2300118815927306,0
2005-12-30,0.27940565299999953,0.3046669959999999,0.30891698599999984,0.30341699699999936,0.30883300300000016,229608000.0,-1.904804543468308,0
2006-01-03,0.29209169700000004,0.31850001199999944,0.3208329980000002,0.30541700100000035,0.3064169880000005,472812000.0,4.5403723349147995,0
2006-01-04,0.30026930600000057,0.32741698599999935,0.3279170100000002,0.3175829950000004,0.3209170100000005,510072000.0,2.7996777595098,0
2006-01-05,0.3070703150000007,0.3348329959999994,0.3354170019999998,0.3269169929999993,0.3274999859999994,646092000.0,2.2650046628918563,0
2006-01-06,0.31211450700000043,0.34033301500000057,0.34158301399999935,0.32541701200000084,0.3386670049999996,623388000.0,1.6426155921622554,0
2006-01-09,0.3208266789999996,0.3498330119999995,0.35166698699999976,0.3394170110000001,0.34016698599999984,560484000.0,2.791382728472569,0
2006-01-10,0.3209038080000006,0.3499169949999992,0.3499169949999992,0.34375,0.3481670020000003,339660000.0,0.02400659661014881,0
2006-01-11,0.3325195609999998,0.3625830109999999,0.3645829860000003,0.34966701299999947,0.35025000599999956,626304000.0,3.6197201567760295,0
2006-01-12,0.3277818260000007,0.3574169870000006,0.3680830000000004,0.35483300699999987,0.3625000119999999,495504000.0,-1.424783799371121,0
2006-01-13,0.3248774109999992,0.3542500139999998,0.35949999099999985,0.3492499890000005,0.35658299900000046,421296000.0,-0.8860723231377987,0
2006-01-17,0.3246481120000002,0.35400000199999937,0.3541670139999997,0.34474998700000015,0.34941700100000084,329232000.0,-0.07057501485377982,0
2006-01-18,0.3263290520000002,0.355832994,0.3569999930000005,0.3400000040000002,0.3432500059999999,459948000.0,0.5177943473571034,0
2006-01-19,0.34444150300000054,0.3755829930000001,0.3804999890000005,0.3599170150000006,0.3605830070000007,914760000.0,5.550356300011905,0
2006-01-20,0.33481225399999914,0.36508300899999924,0.3804999890000005,0.36500000999999926,0.3761669990000005,461604000.0,-2.795649482456719,0
2006-01-23,0.3367234470000007,0.3671669959999999,0.37024998699999934,0.362917006,0.36791700100000035,334884000.0,0.5708255242303117,0
2006-01-24,0.3384045059999998,0.36899998800000056,0.3766669930000006,0.36700001400000026,0.3680000010000004,388896000.0,0.4992256983794796,0
2006-01-25,0.3354240060000002,0.3657500149999997,0.3732500079999994,0.3613330129999994,0.37083300900000005,400236000.0,-0.8807515191572302,0
2006-01-26,0.34688746900000034,0.3782500029999998,0.37858301400000016,0.36875000600000085,0.37108299099999975,448836000.0,3.4176315754901765,0
2006-01-27,0.3534601930000001,0.3854170139999997,0.38966700399999965,0.37999999500000037,0.3831669990000002,385044000.0,1.894781478693086,0
2006-01-30,0.3494854870000008,0.3810830119999995,0.3874999880000001,0.3793329889999999,0.387082994,315780000.0,-1.1244968028318536,0
2006-01-31,0.3436014949999997,0.3746669889999996,0.38124999399999915,0.3717499970000002,0.37916699099999995,384456000.0,-1.6836287102716563,0
2006-02-01,0.3438307639999998,0.374917001,0.3764170110000009,0.36649998999999944,0.36791700100000035,450852000.0,0.06672912408625109,0
2006-02-02,0.3333604339999994,0.3634999990000001,0.37858301400000016,0.362917006,0.37833300199999975,473736000.0,-3.0452078645534675,0
2006-02-03,0.33641701900000065,0.3668330009999998,0.37133300300000016,0.3600000140000006,0.3611670139999994,504252000.0,0.9169193972955014,0
2006-02-06,0.3458942470000004,0.37716698600000065,0.3775829969999993,0.3642500040000005,0.3658330139999997,363468000.0,2.8170816071152682,0
2006-02-07,0.3335897620000008,0.3637500110000005,0.3779169919999994,0.36358299900000013,0.3779169919999994,399408000.0,-3.5573036607185915,0
2006-02-08,0.3432190120000005,0.37424999499999956,0.37424999499999956,0.3648329970000006,0.3648329970000006,393072000.0,2.8865934522267267,0
2006-02-09,0.33741128399999987,0.36791700100000035,0.38124999399999915,0.36558300299999935,0.37541699400000006,437100000.0,-1.6921827881387075,0
2006-02-10,0.33550003200000056,0.3658330139999997,0.3709169919999997,0.35725000499999915,0.3692499999999992,414996000.0,-0.5664285679475856,0
2006-02-13,0.336646408,0.36708301300000024,0.36966699399999925,0.36216700099999954,0.3646669980000006,280740000.0,0.3416856741092156,0
2006-02-14,0.3372580109999994,0.367749989,0.36908298700000053,0.362917006,0.36708301300000024,342348000.0,0.18169623120096734,0
2006-02-15,0.34375378500000053,0.37483298799999965,0.3758330050000005,0.3660829959999994,0.36700001400000026,493296000.0,1.926036495408301,0
2006-02-16,0.36071983000000074,0.39333298799999916,0.394167006,0.3792499899999999,0.38183298699999924,1305888000.0,4.935531447941832,0
2006-02-17,0.3627832529999999,0.39558300400000057,0.4226669970000003,0.39333298799999916,0.42225000300000026,2356956000.0,0.5720384683320923,0
2006-02-21,0.35506522700000076,0.3871670070000004,0.39541700500000054,0.38374999200000026,0.3947499990000001,684060000.0,-2.1274920597953773,0
2006-02-22,0.3544534739999996,0.3865000009999999,0.38958299199999935,0.37250000200000066,0.3816669879999992,939756000.0,-0.17227862600389665,0
2006-02-23,0.34902706699999975,0.38058298800000046,0.38791701200000084,0.37950000200000034,0.3853330019999994,385128000.0,-1.5309218589109275,0
2006-02-24,0.3489508929999996,0.3804999890000005,0.3868330120000003,0.3785000150000002,0.382250011,416412000.0,-0.021808384141441817,0
2006-02-27,0.36308968099999994,0.3959169980000006,0.39833301300000024,0.3794170020000003,0.3834170100000005,666468000.0,4.0517764640461085,0
2006-02-28,0.3601851759999999,0.39274999500000085,0.39750000799999974,0.3889169989999992,0.394167006,563316000.0,-0.7999158955029229,0
2006-03-01,0.37386539599999935,0.40766701099999914,0.4099999959999998,0.39166700800000065,0.394167006,703932000.0,3.7980945104786112,0
2006-03-02,0.37439992999999916,0.4082500039999992,0.4140000050000001,0.4029999970000002,0.40724998700000015,545460000.0,0.14300715639705697,0
2006-03-03,0.3756995199999995,0.40966698499999943,0.4167500139999998,0.40375000200000066,0.4045000079999994,595800000.0,0.3470865856990857,0
2006-03-06,0.3749347630000006,0.4088329969999993,0.4204170109999996,0.4068329930000001,0.41766700099999987,529020000.0,-0.20357705905932333,0
2006-03-07,0.3685151340000008,0.4018329979999997,0.4120829999999991,0.3937500119999999,0.4089170099999997,606204000.0,-1.7121903200978617,0
2006-03-08,0.3666809200000003,0.3998329940000005,0.4040000139999993,0.3855000139999998,0.4019170110000001,670800000.0,-0.49772019967360137,0
2006-03-09,0.3685921729999997,0.4019170110000001,0.4114170070000007,0.4016669989999997,0.40466699000000084,536700000.0,0.521221867948185,0
2006-03-10,0.3621724549999996,0.39491701100000043,0.4065830110000004,0.39133301400000065,0.40149998699999934,521580000.0,-1.7416530797199847,0
2006-03-13,0.3665285709999999,0.39966699500000047,0.4015829859999993,0.3959169980000006,0.39891699,372132000.0,1.2027802975547397,0
2006-03-14,0.3766928020000009,0.41075000200000034,0.4124169949999992,0.3984999949999999,0.40000000600000085,627792000.0,2.7730603574107837,0
2006-03-15,0.3827298880000001,0.41733300699999987,0.4179170130000003,0.4099999959999998,0.41158300600000075,510600000.0,1.602679237479343,0
2006-03-16,0.36973839999999925,0.4031670090000006,0.4185830060000004,0.40174999799999966,0.4180830120000003,568416000.0,-3.3944111207096395,0
2006-03-17,0.3727189899999992,0.40641701200000035,0.40749999900000056,0.3952499930000002,0.40125000499999963,618588000.0,0.8061182902989072,0
2006-03-20,0.36989063000000044,0.4033330080000006,0.41008299599999987,0.40291699800000025,0.4099999959999998,293772000.0,-0.7588274872706413,0
2006-03-21,0.38815617600000074,0.4232499900000004,0.4308330120000008,0.41216701299999947,0.4232499900000004,1235472000.0,4.93809869387134,0
2006-03-22,0.37699812700000024,0.4110830130000007,0.41449999800000015,0.4018329979999997,0.41249999399999915,1158576000.0,-2.8746549999918547,0
2006-03-23,0.38402935899999946,0.4187499880000001,0.4204170109999996,0.40783300999999916,0.41249999399999915,661992000.0,1.8650673361684245,0
2006-03-24,0.3970217999999992,0.4329169989999997,0.43366700400000013,0.41916701200000084,0.4198330039999991,687936000.0,3.383166902920598,0
2006-03-27,0.40772053599999936,0.44458299899999965,0.44491699299999965,0.43183299899999916,0.4332500100000001,651444000.0,2.694742878414891,0
2006-03-28,0.4139879050000008,0.4514169989999992,0.45733299900000013,0.44166699099999995,0.4425829950000004,795204000.0,1.5371707904647147,0
2006-03-29,0.4362271730000007,0.4756669999999996,0.4765000050000001,0.449582994,0.4533329899999998,987096000.0,5.3719733757744415,0
2006-03-30,0.4392078519999991,0.4789170029999994,0.4815000000000005,0.4675830009999995,0.47616699299999965,1063308000.0,0.6832517286252671,0
2006-03-31,0.43760284799999916,0.4771670100000005,0.4852499960000003,0.4742499890000005,0.4785830079999993,835560000.0,-0.36540632072735724,0
2006-04-03,0.4424935580000007,0.48249998700000063,0.48916700500000054,0.4736669960000004,0.47966700799999984,968916000.0,1.117633216093461,0
2006-04-04,0.46320417499999955,0.5050830249999994,0.5058330299999998,0.4826669989999992,0.4831669929999993,1200612000.0,4.68042250952434,0
2006-04-05,0.46694949299999955,0.5091670159999993,0.5116670130000003,0.49341699500000047,0.5041670200000006,1112976000.0,0.8085781540569492,0
2006-04-06,0.46786657,0.5101670029999994,0.5139999989999993,0.5008329749999998,0.5078330040000001,789312000.0,0.1963966573985454,0
2006-04-07,0.4666432139999994,0.5088329910000002,0.5124999880000001,0.4988330009999995,0.5080000160000004,682674000.0,-0.2614853552180718,0
2006-04-10,0.45854264499999964,0.5,0.5106670260000001,0.49616700400000013,0.5076670050000001,634230000.0,-1.7359312694408269,0
2006-04-11,0.4473843869999996,0.4878329929999996,0.5016670229999995,0.48483300200000023,0.5016670229999995,702072000.0,-2.4334014000000015,0
2006-04-12,0.46542072299999937,0.5074999929999997,0.5101670029999994,0.4883329869999997,0.4909999969999994,598308000.0,4.031502641724782,0
2006-04-13,0.4524284010000006,0.4933330120000008,0.5023329850000007,0.4913330079999998,0.49666699800000025,738360000.0,-2.7915233882574664,0
2006-04-17,0.45365187500000026,0.49466699399999925,0.5070000290000003,0.4906669860000008,0.4925000070000003,443868000.0,0.27040193288341285,0
2006-04-18,0.4429521560000005,0.4830000099999996,0.48600000100000074,0.4698329870000002,0.4858329890000004,1165488000.0,-2.3585531562673956,0
2006-04-19,0.4457034170000007,0.48600000100000074,0.4913330079999998,0.4733330010000003,0.4799999889999995,517476000.0,0.621116136208788,0
2006-04-20,0.4450917840000006,0.48533299600000035,0.49399998800000056,0.4736669960000004,0.48166701200000084,552684000.0,-0.13724382687809733,0
2006-04-21,0.42904272700000057,0.4678330119999998,0.48883301000000046,0.46216699500000047,0.48683300599999946,770016000.0,-3.605768440273127,0
2006-04-24,0.4421881439999993,0.4821670059999992,0.48683300599999946,0.46250000600000085,0.4708330039999993,676848000.0,3.063912471401231,0
2006-04-25,0.44188192500000056,0.48183301100000087,0.4830000099999996,0.46833300599999994,0.47666698699999976,719766000.0,-0.06926956756556635,0
2006-04-26,0.4388253389999992,0.47850000899999934,0.4909999969999994,0.4733330010000003,0.48366698599999935,330528000.0,-0.6917338422045116,0
2006-04-27,0.44585663099999984,0.4861670139999994,0.4906669860000008,0.4663330020000007,0.47666698699999976,462966000.0,1.602299865369483,0
2006-04-28,0.4466204349999998,0.4869999889999992,0.49316701300000076,0.4823330039999991,0.48649999500000085,284736000.0,0.17133515356104745,0
2006-05-01,0.4722988610000005,0.5149999859999994,0.5245000120000007,0.4903329910000007,0.4903329910000007,902472000.0,5.7494861668261565,0
2006-05-02,0.4716870780000004,0.5143330099999996,0.5249999760000001,0.5055000189999994,0.5188329819999993,539700000.0,-0.1295099064332783,0
2006-05-03,0.4747448270000003,0.5176669960000009,0.5233330130000002,0.5080000160000004,0.5084999799999999,378114000.0,0.6482154431425746,0
2006-05-04,0.4716870780000004,0.5143330099999996,0.5199999809999998,0.504832983,0.5074999929999997,511128000.0,-0.6440406720462422,0
2006-05-05,0.47810670700000024,0.5213329790000003,0.5231670140000002,0.5098329780000004,0.5170000199999993,338184000.0,1.360979922326977,0
2006-05-08,0.4759670790000001,0.5189999939999996,0.5313330290000007,0.5141670109999996,0.5199999809999998,503622000.0,-0.44750382077785034,0
2006-05-09,0.4614471499999997,0.5031669740000009,0.5210000279999996,0.5024999979999993,0.5183330179999999,561648000.0,-3.050678262628259,0
2006-05-10,0.4512059690000001,0.49200001400000026,0.5030000210000001,0.4869999889999992,0.4971669910000003,753264000.0,-2.219334848475174,0
2006-05-11,0.43515706099999996,0.4745000000000008,0.5016670229999995,0.47066700499999925,0.49700000900000063,1201110000.0,-3.556913313421173,0
2006-05-12,0.40244728300000077,0.43883299800000053,0.4654999970000002,0.42899998999999944,0.46316701199999954,1568172000.0,-7.516754899894629,0
2006-05-15,0.4082560839999996,0.44516700500000006,0.4490000009999999,0.43416699800000025,0.4379999940000001,553380000.0,1.443375276897485,0
2006-05-16,0.39755648400000076,0.4334999919999998,0.4478330019999994,0.43066701300000076,0.4476670029999994,497532000.0,-2.6208171021120497,0
2006-05-17,0.3815073669999993,0.41600000899999934,0.43450000900000063,0.4083330039999993,0.4320000109999995,841074000.0,-4.036905034129735,0
2006-05-18,0.3642359079999995,0.39716699699999936,0.4233329890000004,0.3966670039999993,0.41933301100000087,686730000.0,-4.527166248210346,0
2006-05-19,0.3718780880000008,0.40549999499999956,0.41499999200000026,0.39683300299999935,0.4008330109999996,932808000.0,2.0981093753869917,0
2006-05-22,0.3668340739999998,0.40000000600000085,0.4041669960000007,0.38899999899999926,0.4033330080000006,734886000.0,-1.356347488980858,0
2006-05-23,0.3628602920000006,0.39566698700000025,0.4178329999999999,0.39399999399999963,0.4083330039999993,532314000.0,-1.0832547337511822,0
2006-05-24,0.3675979080000005,0.4008330109999996,0.4126670059999995,0.39016699799999977,0.39916700100000035,579522000.0,1.305649490539884,0
2006-05-25,0.3656116429999994,0.3986670080000003,0.4143329859999998,0.39649999100000066,0.4083330039999993,423666000.0,-0.540375403362181,0
2006-05-26,0.3663755060000007,0.39950001200000074,0.40283301500000057,0.39533299200000016,0.4001669880000005,294642000.0,0.20894731274077039,0
2006-05-30,0.3510905209999997,0.3828330040000001,0.40033298700000053,0.38266700500000006,0.4001669880000005,448788000.0,-4.171966833382735,0
2006-05-31,0.35124358500000064,0.38299998599999974,0.39166700800000065,0.38066700100000084,0.3880000110000008,598422000.0,0.04361745154031205,0
2006-06-01,0.36958539499999965,0.4029999970000002,0.4029999970000002,0.3813329939999992,0.3873330060000004,537126000.0,5.221935177825299,0
2006-06-02,0.3642359079999995,0.39716699699999936,0.4115000070000008,0.39316698899999913,0.4095000029999998,673710000.0,-1.4473945517175735,0
2006-06-05,0.3489508929999996,0.3804999890000005,0.40233299099999975,0.3793329889999999,0.3950000110000005,581052000.0,-4.1964735554298915,0
2006-06-06,0.33962684900000006,0.3703329859999993,0.38566699599999943,0.3600000140000006,0.3853330019999994,824130000.0,-2.672011378165906,0
2006-06-07,0.3335136470000002,0.36366701100000043,0.375,0.3608329890000004,0.37433299399999953,565380000.0,-1.7999949375290036,0
2006-06-08,0.3273994330000001,0.3569999930000005,0.36416700500000054,0.3426670129999998,0.35949999099999985,730572000.0,-1.8332754410875007,0
2006-06-09,0.3263290520000002,0.355832994,0.36783298900000005,0.35283300300000064,0.36166700699999943,433824000.0,-0.3268904826000951,0
2006-06-12,0.30829390899999964,0.3361670080000003,0.35433301299999975,0.3341670039999993,0.34966701299999947,463230000.0,-5.526746066723653,0
2006-06-13,0.3035550709999999,0.3309999999999995,0.3428330119999998,0.3278329969999998,0.3359999949999999,532548000.0,-1.5370360199059019,0
2006-06-14,0.31242075599999986,0.3406670090000006,0.3416669960000007,0.3294999900000004,0.3330000040000005,480492000.0,2.920546525679768,0
2006-06-15,0.33978000299999955,0.37049999799999966,0.37166699800000025,0.35033300499999953,0.35316699700000065,837336000.0,8.757228675465889,0
2006-06-16,0.33106765199999977,0.36100000100000074,0.36899998800000056,0.35749998700000063,0.3680000010000004,503448000.0,-2.564101768227267,0
2006-06-19,0.32113298800000045,0.3501670059999995,0.3668330009999998,0.34933298800000046,0.36500000999999926,388044000.0,-3.0008296315766514,0
2006-06-20,0.31608897399999947,0.3446669880000002,0.35249999200000026,0.3391669989999997,0.3404999970000002,535818000.0,-1.5706842465906146,0
2006-06-21,0.31960415800000064,0.34850001300000066,0.35400000199999937,0.3431670069999999,0.3431670069999999,441174000.0,1.1120951914315613,0
2006-06-22,0.31028017400000074,0.3383330109999996,0.3533329960000007,0.3359999949999999,0.35233300900000053,532338000.0,-2.9173605798402003,0
2006-06-23,0.31043335799999916,0.3384999929999992,0.3454999920000006,0.3345000149999997,0.3376669880000005,335202000.0,0.049354332734607986,0
2006-06-26,0.3075289130000005,0.3353329899999995,0.3416669960000007,0.3336670099999992,0.3379999999999992,281736000.0,-0.9355991330847635,0
2006-06-27,0.2977474030000007,0.3246670070000004,0.3376669880000005,0.32016700500000006,0.3373329940000005,608514000.0,-3.1807138927786305,0
2006-06-28,0.3142547009999994,0.3426670129999998,0.3479999899999999,0.3186669949999992,0.32716700399999965,833376000.0,5.544143880317343,0
2006-06-29,0.3284696339999993,0.3581669929999993,0.3581669929999993,0.3321670000000001,0.3333329860000003,687666000.0,4.523335895188718,0
2006-06-30,0.3254120650000001,0.35483300699999987,0.36733299499999994,0.3521670100000005,0.36166700699999943,468240000.0,-0.9308468019553096,0
2006-07-03,0.3301506639999996,0.3600000140000006,0.3633329869999997,0.35749998700000063,0.36300000499999996,174696000.0,1.4561799207140735,0
2006-07-05,0.3153241280000003,0.343832999,0.35749998700000063,0.343832999,0.35433301299999975,459708000.0,-4.490837325356334,0
2006-07-06,0.3055424690000006,0.33316698700000025,0.34716698499999943,0.32966700200000076,0.343832999,470634000.0,-3.102090849633643,0
2006-07-07,0.2960654199999997,0.3228330019999994,0.3361670080000003,0.3191669879999992,0.33550000199999985,541230000.0,-3.1017433909200753,0
2006-07-10,0.2832260729999998,0.30883300300000016,0.32600000499999915,0.30599999400000044,0.32366698999999954,449922000.0,-4.336607135351045,0
2006-07-11,0.2927033899999998,0.3191669879999992,0.3203330040000001,0.3033330139999997,0.3078329859999993,600582000.0,3.3461401144358804,0
2006-07-12,0.27864071700000004,0.3038330079999998,0.3216669860000003,0.3034999969999994,0.3179999890000005,461034000.0,-4.804375319668075,0
2006-07-13,0.2714571649999993,0.2960000039999997,0.3066670000000009,0.2944999930000005,0.29916700699999943,540582000.0,-2.578062222916888,0
2006-07-14,0.27008155000000045,0.2944999930000005,0.3031669860000008,0.2861669960000004,0.3014999930000002,572148000.0,-0.5067604661248448,0
2006-07-17,0.27222111799999915,0.2968330090000002,0.3001669939999996,0.2916670139999997,0.293166995,502806000.0,0.7921956045683132,0
2006-07-18,0.28704774400000055,0.3129999940000001,0.31616699699999984,0.2960000039999997,0.3070000109999995,979332000.0,5.446491633280592,0
2006-07-19,0.2995815870000005,0.3266670109999996,0.3306669890000009,0.3093329970000003,0.3116669949999995,1055550000.0,4.366459189133409,0
2006-07-20,0.29362040800000067,0.32016700500000006,0.3383330109999996,0.31966701099999995,0.3325000110000005,505602000.0,-1.9897956576949816,0
2006-07-21,0.2716104389999998,0.29616698599999935,0.31066700799999936,0.29383298800000013,0.3093329970000003,633918000.0,-7.496093796423519,0
2006-07-24,0.29896974599999915,0.32600000499999915,0.33349999800000063,0.3055000010000004,0.30716699399999925,983178000.0,10.07304001128606,0
2006-07-25,0.30951634000000006,0.33750000600000085,0.34099999100000034,0.32516700000000043,0.33000001299999937,574104000.0,3.5276076146072644,0
2006-07-26,0.30951634000000006,0.33750000600000085,0.3415000139999993,0.3274999859999994,0.33750000600000085,495318000.0,0.0,0
2006-07-27,0.313948452,0.34233298900000086,0.355832994,0.3361670080000003,0.34183299500000075,694338000.0,1.4319949375052543,0
2006-07-28,0.34650501600000005,0.3778330089999997,0.3785000150000002,0.3491669890000004,0.35116699299999965,815298000.0,10.370026009967749,0
2006-07-31,0.3384045059999998,0.36899998800000056,0.3776670099999997,0.3680000010000004,0.3738330009999995,594762000.0,-2.3378108290162625,0
2006-08-01,0.32480132599999934,0.3541670139999997,0.3651669920000007,0.3474999959999998,0.3644999860000002,600966000.0,-4.019776282485954,0
2006-08-02,0.34971478599999983,0.3813329939999992,0.3831669990000002,0.3611670139999994,0.3619999889999992,756774000.0,7.670386830547682,0
2006-08-03,0.3717249329999994,0.4053330119999998,0.41566699700000065,0.3746669889999996,0.37999999500000037,890568000.0,6.293716614513567,0
2006-08-04,0.3666809200000003,0.3998329940000005,0.4166670139999997,0.3894999919999993,0.41600000899999934,818232000.0,-1.3569134112372705,0
2006-08-07,0.36240181299999996,0.39516699300000013,0.4001669880000005,0.3874999880000001,0.3928329940000008,436146000.0,-1.1669874847797024,0
2006-08-08,0.37203124200000026,0.4056670069999999,0.41416698699999976,0.3973329959999994,0.39833301300000024,619806000.0,2.657108054568713,0
2006-08-09,0.3718780880000008,0.40549999499999956,0.4250000119999999,0.4025000040000002,0.41366699299999965,584706000.0,-0.04116972716985412,0
2006-08-10,0.36927983200000014,0.40266698599999984,0.40500000099999944,0.394167006,0.4009999929999992,1072140000.0,-0.6986458779117855,0
2006-08-11,0.3576632439999994,0.3899999859999994,0.4001669880000005,0.37200000900000063,0.3733330069999994,1603272000.0,-3.145775650949434,0
2006-08-14,0.35582897099999933,0.3880000110000008,0.39883300700000035,0.38583299499999946,0.39483299900000013,809412000.0,-0.5128141209728265,0
2006-08-15,0.3900666529999999,0.4253329929999996,0.42750000999999926,0.394167006,0.39800000199999985,902172000.0,9.621902304533702,0
2006-08-16,0.41803768299999966,0.45583298799999916,0.45766699300000013,0.4166670139999997,0.4276669920000007,1029246000.0,7.17085095724046,0
2006-08-17,0.4114659730000003,0.44866698999999954,0.46200001200000074,0.4441669879999992,0.45016700000000043,814224000.0,-1.57206656574842,0
2006-08-18,0.41819086699999986,0.4559999999999995,0.4583329860000003,0.4334999919999998,0.4491670130000003,665898000.0,1.6343992679292096,0
2006-08-21,0.4027535919999998,0.4391669930000006,0.4499999880000001,0.43816700600000047,0.4491670130000003,500220000.0,-3.691448903508776,0
2006-08-22,0.4021419290000008,0.43849998700000015,0.45066699400000054,0.4375,0.4378330110000004,473928000.0,-0.15187981124074046,0
2006-08-23,0.40183648500000047,0.43816700600000047,0.44633299100000023,0.4284999969999994,0.4418329889999999,485412000.0,-0.0759363762535159,0
2006-08-24,0.40596339100000023,0.4426670070000007,0.4449999929999997,0.4323329929999993,0.43933299200000064,260802000.0,1.0270058992073006,0
2006-08-25,0.4047399760000001,0.44133299599999987,0.4491670130000003,0.43500000200000066,0.43933299200000064,238314000.0,-0.3013576749351099,0
2006-08-28,0.4186493749999993,0.45649999399999963,0.46950000500000044,0.4478330019999994,0.44866698999999954,764562000.0,3.4366335935598347,0
2006-08-29,0.43760284799999916,0.4771670100000005,0.47933301299999975,0.4575000110000005,0.46083301300000024,727962000.0,4.527276291705706,0
2006-08-30,0.4466204349999998,0.4869999889999992,0.49200001400000026,0.47866699100000076,0.47983300699999987,681564000.0,2.060699669912225,0
2006-08-31,0.4449394350000002,0.4851669970000003,0.48800000499999996,0.47466701299999947,0.4858329890000004,511278000.0,-0.3763844027520169,0
2006-09-01,0.42629143599999963,0.46483299099999975,0.4818330109999991,0.4629999999999992,0.4779999850000003,605742000.0,-4.191135449388373,0
2006-09-05,0.43561545000000024,0.47499999399999915,0.4768329859999998,0.4595000149999997,0.4663330020000007,549354000.0,2.187237824520083,0
2006-09-06,0.4137585159999997,0.4511669870000006,0.4673329889999991,0.4499999880000001,0.4666669960000007,493572000.0,-5.01747522127336,0
2006-09-07,0.4220123289999993,0.46016699099999947,0.47033300999999916,0.4390000099999991,0.4438329939999992,742836000.0,1.994827693365786,0
2006-09-08,0.4233879149999993,0.46166700100000035,0.46950000500000044,0.45149999899999926,0.46750000099999944,447978000.0,0.32597079524114836,0
2006-09-11,0.4299598039999992,0.468832999,0.4741669890000004,0.4461669920000002,0.4513329860000006,598266000.0,1.5522006087673512,0
2006-09-12,0.4412711859999998,0.4811669890000001,0.4841670100000002,0.4654999970000002,0.4666669960000007,498432000.0,2.6307853812141735,0
2006-09-13,0.4447863099999996,0.4850000140000006,0.4913330079999998,0.480832994,0.4823330039999991,476286000.0,0.7966101348652499,0
2006-09-14,0.44310531,0.4831669929999993,0.4916670019999998,0.4768329859999998,0.4826669989999992,428814000.0,-0.3779424633171269,0
2006-09-15,0.4518176020000002,0.49266699,0.49500000499999963,0.48249998700000063,0.48483300200000023,649764000.0,1.9661932908566992,0
2006-09-18,0.46893587699999983,0.5113329889999996,0.5121669769999997,0.4925000070000003,0.49399998800000056,793896000.0,3.78876591670978,0
2006-09-19,0.4567083719999996,0.4979999960000008,0.5116670130000003,0.4938330050000008,0.5080000160000004,708054000.0,-2.6074971274736236,0
2006-09-20,0.47336906199999973,0.5161669849999999,0.5168330070000007,0.5034999849999995,0.5044999719999996,511884000.0,3.647989788337269,0
2006-09-21,0.46954768900000055,0.5120000240000007,0.5208330150000009,0.5071669819999993,0.5156670210000005,539106000.0,-0.807289330990435,0
2006-09-22,0.45563811100000073,0.4968329970000003,0.5136669870000006,0.49116700899999977,0.5105000139999998,653334000.0,-2.962309822079223,0
2006-09-25,0.4719935660000001,0.5146669750000008,0.5168330070000007,0.4906669860000008,0.5043330190000006,684486000.0,3.589531715422689,0
2006-09-26,0.4620577689999994,0.5038329959999999,0.5155000090000001,0.4973329900000003,0.5141670109999996,516120000.0,-2.105046472041472,0
2006-09-27,0.4606822430000008,0.5023329850000007,0.5183330179999999,0.49750000200000066,0.5023329850000007,578142000.0,-0.2977198817681215,0
2006-09-28,0.45196989199999926,0.49283298900000005,0.4948329929999993,0.48050001300000034,0.4826669989999992,647346000.0,-1.8911750340264821,0
2006-09-29,0.4522762,0.49316701300000076,0.5,0.4905000029999993,0.49616700400000013,373890000.0,0.06777630707670568,0
2006-10-02,0.4408125579999993,0.480666995,0.49399998800000056,0.47666698699999976,0.4908330139999997,647442000.0,-2.5346419510017038,0
2006-10-03,0.43255883500000003,0.4716669919999994,0.47533300499999953,0.4611670080000003,0.4716669919999994,907692000.0,-1.8723987903517259,0
2006-10-04,0.4750502109999992,0.5180000069999995,0.5181670189999998,0.4709999860000007,0.47233301400000016,1460382000.0,9.823247287993397,0
2006-10-05,0.46159929000000055,0.5033329730000009,0.5211669800000003,0.5019999740000003,0.5159999729999996,662682000.0,-2.831473706910592,0
2006-10-06,0.4727573990000007,0.5155000090000001,0.5208330150000009,0.5026670099999997,0.5041670200000006,593610000.0,2.4172936510559184,0
2006-10-09,0.5031744240000009,0.5486670139999994,0.5554999709999997,0.5128329990000005,0.5143330099999996,932304000.0,6.433948481269547,0
2006-10-10,0.49171104999999926,0.5361670259999993,0.547999978,0.5299999710000005,0.5458329919999994,624648000.0,-2.278246674402762,0
2006-10-11,0.49446192399999944,0.5391669869999998,0.5486670139999994,0.5251669880000005,0.5333330039999993,481944000.0,0.559519861260549,0
2006-10-12,0.4964484270000007,0.5413330199999997,0.5525000099999993,0.5335000159999996,0.5421670079999998,414720000.0,0.40173694833434137,0
2006-10-13,0.5161656739999998,0.5628330110000004,0.5659999849999995,0.5306670069999999,0.5394999980000001,584190000.0,3.971675513161932,0
2006-10-16,0.5152487749999999,0.5618330240000002,0.5738329889999996,0.5518329739999999,0.5646669860000006,478968000.0,-0.17767028238505622,0
2006-10-17,0.49553152900000086,0.5403329729999999,0.5565000179999995,0.5350000260000005,0.5526670219999996,526506000.0,-3.8267688230444685,0
2006-10-18,0.48238691699999947,0.5260000229999999,0.5541669729999992,0.5221670270000001,0.5483329890000004,822750000.0,-2.6526143537792257,0
2006-10-19,0.4915577770000006,0.5360000130000007,0.5400000210000009,0.5198330280000008,0.523999989,473040000.0,1.9011387001403257,0
2006-10-20,0.48590207099999994,0.5298330189999998,0.5404999850000003,0.5221670270000001,0.5401669739999999,359478000.0,-1.1505585541842112,0
2006-10-23,0.48269197299999966,0.5263329740000007,0.5414999720000004,0.5249999760000001,0.528666973,280248000.0,-0.6605939747971856,0
2006-10-24,0.4967547060000008,0.5416669850000009,0.5476670269999993,0.5258330109999996,0.5273330210000005,519288000.0,2.9133669668205187,0
2006-10-25,0.5013403299999997,0.5466669799999995,0.5550000070000003,0.5376669760000006,0.5468329789999995,389436000.0,0.9230754575156652,0
2006-10-26,0.5172360539999996,0.5640000099999991,0.5658329729999991,0.547999978,0.547999978,366690000.0,3.1706744021744226,0
2006-10-27,0.4949206109999995,0.5396670100000005,0.5764999989999993,0.5333330039999993,0.5640000099999991,566988000.0,-4.314361625631891,0
2006-10-30,0.5008817319999999,0.5461670160000001,0.5558329820000001,0.5375000239999999,0.543332994,479592000.0,1.2044475351569162,0
2006-10-31,0.5329794880000005,0.5811669829999992,0.5811669829999992,0.5553330180000007,0.5581669809999994,996174000.0,6.408290133727168,0
2006-11-01,0.49186295300000005,0.5363330249999994,0.5788329839999999,0.5283330080000006,0.5734999779999992,1176540000.0,-7.71447093717642,0
2006-11-02,0.48850092300000014,0.5326669810000002,0.5504999759999993,0.5253329870000005,0.5388330220000004,862944000.0,-0.6835387397596926,0
2006-11-03,0.4982824620000006,0.543332994,0.5440000299999994,0.5299999710000005,0.5386670230000004,548070000.0,2.002379231386975,0
2006-11-06,0.5134146810000004,0.5598329900000003,0.567332983,0.5379999879999993,0.5448330039999991,739602000.0,3.036810976364146,0
2006-11-07,0.5212097759999992,0.5683330299999998,0.5743330120000003,0.5608329770000005,0.5640000099999991,553254000.0,1.518317096675581,0
2006-11-08,0.5288529400000002,0.5766670109999996,0.5836669800000003,0.5630000230000007,0.5643330219999996,648324000.0,1.4663904014165619,0
2006-11-09,0.5393992660000002,0.5881670119999995,0.6033329960000007,0.5831670169999992,0.5885000229999999,1207758000.0,1.9942186358220537,0
2006-11-10,0.5264070029999992,0.5740000009999999,0.5860000250000006,0.5594999789999999,0.5831670169999992,1317192000.0,-2.4086714676204823,0
2006-11-13,0.5502512450000001,0.6000000239999999,0.6016669869999998,0.5749999880000001,0.5751670000000004,852282000.0,4.529620723815975,0
2006-11-14,0.5557537670000006,0.6060000060000004,0.6071670059999992,0.5849999790000009,0.5978329779999996,628530000.0,0.9999969600001268,0
2006-11-15,0.5465829969999998,0.5960000159999996,0.6125000119999999,0.5926669839999992,0.6041669850000009,491892000.0,-1.6501633499983903,0
2006-11-16,0.5536141400000005,0.6036670209999997,0.605832994,0.5933330059999999,0.5985000130000007,457182000.0,1.2864102003648403,0
2006-11-17,0.555141807,0.6053329709999993,0.6069999930000005,0.5958330039999993,0.5995000000000008,361608000.0,0.27597167677642087,0
2006-11-20,0.5603392120000006,0.6110000010000007,0.6143329739999999,0.5933330059999999,0.5978329779999996,608634000.0,0.9361839304140362,0
2006-11-21,0.5516266820000002,0.6014999749999994,0.6138330100000005,0.5973330140000002,0.6128330230000003,387384000.0,-1.5548324033472505,0
2006-11-22,0.5611028670000007,0.6118329760000005,0.6125000119999999,0.6004999879999993,0.6036670209999997,240258000.0,1.7178722243504696,0
2006-11-24,0.5652297140000009,0.6163330079999998,0.6176670190000006,0.6033329960000007,0.6088330150000001,144336000.0,0.7355000754323493,0
2006-11-27,0.5397045019999993,0.5885000229999999,0.6208329799999994,0.5843330029999994,0.6126670240000003,585294000.0,-4.515900436732734,0
2006-11-28,0.5497925880000007,0.5995000000000008,0.6048330069999999,0.5773329730000007,0.586499989,480966000.0,1.8691548972122884,0
2006-11-29,0.5578932759999997,0.6083329919999994,0.6156669860000008,0.6026669739999999,0.6050000190000002,579792000.0,1.4733931609674622,0
2006-11-30,0.5653831359999995,0.6165000200000001,0.6215000150000005,0.601000011,0.6083329919999994,583632000.0,1.3425259039707038,0
2006-12-01,0.5432199840000003,0.5923330189999998,0.610499978,0.5870000120000007,0.6096670030000002,785010000.0,-3.9200324762357686,0
2006-12-04,0.5652297140000009,0.6163330079999998,0.6240000129999999,0.5978329779999996,0.6000000239999999,621570000.0,4.051772943625154,0
2006-12-05,0.5594220159999992,0.6100000140000006,0.6134999990000001,0.6031669970000006,0.6098330020000002,663354000.0,-1.0275279626107525,0
2006-12-06,0.5586580629999993,0.6091669799999995,0.6119999889999992,0.6008329989999996,0.6119999889999992,478242000.0,-0.13656294768543686,0
2006-12-07,0.5452073810000009,0.5945000050000004,0.6125000119999999,0.5891669989999997,0.6091669799999995,486894000.0,-2.407710115870043,0
2006-12-08,0.5433728690000006,0.5924999710000005,0.6006669999999996,0.581667006,0.5901669859999998,564858000.0,-0.3364228735372454,0
2006-12-11,0.5526969430000008,0.6026669739999999,0.6098330020000002,0.591332972,0.5926669839999992,515484000.0,1.7159499574051607,0
2006-12-12,0.5470414760000004,0.5964999790000007,0.6001669760000006,0.5885000229999999,0.5981670020000003,568116000.0,-1.0232840467544912,0
2006-12-13,0.5534608359999993,0.6035000089999993,0.6083329919999994,0.6013330220000004,0.6013330220000004,491952000.0,1.1735172248849457,0
2006-12-14,0.5632435079999993,0.6141669749999998,0.6218330260000009,0.6078330279999999,0.6083329919999994,715380000.0,1.7675171235995712,0
2006-12-15,0.5731782320000001,0.625,0.625,0.6143329739999999,0.6181669830000001,746094000.0,1.7638566450109305,0
2006-12-18,0.5831130150000003,0.6358330250000002,0.6433330179999999,0.6253330110000013,0.6256669759999998,688356000.0,1.7332840000000127,0
2006-12-19,0.5915201900000007,0.6449999809999998,0.6483330130000002,0.6268330219999996,0.6276670099999997,545622000.0,1.441723792185834,0
2006-12-20,0.5847949979999996,0.6376670000000004,0.6493330000000004,0.6371669769999997,0.6416670080000006,306594000.0,-1.136896312559743,0
2006-12-21,0.5797508960000002,0.6321669819999993,0.6430000069999995,0.625,0.6411669849999999,367920000.0,-0.862521974635666,0
2006-12-22,0.5659947990000003,0.6171669959999999,0.6333330270000008,0.6141669749999998,0.6311669949999992,370170000.0,-2.372788587050878,0
2006-12-26,0.5658416749999997,0.6169999839999996,0.6259999870000001,0.6144999860000002,0.6205000280000004,228192000.0,-0.027061071165901396,0
2006-12-27,0.5733313560000006,0.6251670120000004,0.6273329850000007,0.6196669940000001,0.6196669939999992,264954000.0,1.32366745733985,0
2006-12-28,0.5692046879999992,0.6206669809999994,0.6265000100000009,0.6178330180000007,0.6258329749999998,213912000.0,-0.7198126122496151,0
2006-12-29,0.5656884909999995,0.6168329719999992,0.6336669920000002,0.6161670089999998,0.6206669809999994,386094000.0,-0.6177240158357966,0
2007-01-03,0.5514736770000006,0.6013330220000004,0.6253330110000004,0.5798329710000001,0.6178330180000007,1154820000.0,-2.5128277351554984,0
2007-01-04,0.5488753319999997,0.5985000130000007,0.6013330220000004,0.5838329790000003,0.5991669890000004,797298000.0,-0.4711214745163339,0
2007-01-05,0.5144846439999995,0.5609999900000009,0.5866670010000004,0.5569999810000006,0.5843330029999994,1243344000.0,-6.2656678672453054,0
2007-01-08,0.5183063150000002,0.5651670099999997,0.5759999750000002,0.5533329840000007,0.5630000230000007,657270000.0,0.7427843269658618,0
2007-01-09,0.5082183479999998,0.5541669729999992,0.5698329809999994,0.5534999969999994,0.5659999849999995,764166000.0,-1.946333881023965,0
2007-01-10,0.5332851410000004,0.5814999939999996,0.5866670010000004,0.5400000209999991,0.5483329890000004,1108746000.0,4.932271739694594,0
2007-01-11,0.5312976240000005,0.5793330070000007,0.5860000250000006,0.5698329809999994,0.5814999939999996,924504000.0,-0.3726546900015837,0
2007-01-12,0.5384821300000002,0.5871670249999994,0.5895000100000001,0.5680000189999994,0.5706670280000008,698190000.0,1.3522478273018335,0
2007-01-16,0.5393992660000002,0.5881670119999995,0.5920000079999994,0.5814999939999996,0.5916669960000007,711864000.0,0.1703070774452975,0
2007-01-17,0.5280877949999994,0.5758330229999995,0.5835000279999996,0.5736669899999995,0.5799999830000004,707934000.0,-2.097021551422873,0
2007-01-18,0.48437413599999957,0.5281670090000006,0.5708330270000008,0.5210000279999996,0.5708330270000008,1501638000.0,-8.277749294694415,0
2007-01-19,0.4872777159999995,0.5313330290000007,0.5423330069999999,0.5188329819999993,0.5224999790000009,942606000.0,0.599435395632586,0
2007-01-22,0.4872777159999995,0.5313330290000007,0.5450000169999996,0.5293329950000007,0.5363330249999994,730644000.0,0.0,0
2007-01-23,0.4874307509999998,0.5314999819999997,0.5400000210000009,0.5189999939999996,0.528832972,630354000.0,0.03142153619062338,0
2007-01-24,0.5025625819999995,0.547999978,0.5551670190000006,0.5358330010000003,0.5383329989999996,685722000.0,3.1044208012785957,0
2007-01-25,0.4849847260000004,0.528832972,0.5550000070000003,0.5261669750000006,0.5529999730000004,616284000.0,-3.4976289725325516,0
2007-01-26,0.4810110329999997,0.5245000120000007,0.538500011,0.5149999859999994,0.5333330039999993,829584000.0,-0.8193437681491722,0
2007-01-29,0.46129387599999916,0.5030000210000001,0.5224999789999991,0.4984999900000009,0.5221670270000001,1258284000.0,-4.099140230334253,0
2007-01-30,0.4701593820000003,0.5126670000000004,0.5159999729999996,0.5018330219999996,0.5063329939999992,636174000.0,1.921864532089157,0
2007-01-31,0.46847730900000073,0.5108330250000002,0.5156670210000005,0.5038329959999999,0.5101670029999994,467976000.0,-0.3577322121376847,0
2007-02-01,0.4744383689999996,0.5173329710000001,0.5199999809999998,0.5049999950000004,0.5059999820000005,650898000.0,1.2724208658983827,0
2007-02-02,0.4868190289999994,0.5308330059999999,0.5333330039999993,0.5158330200000005,0.5201669930000001,586590000.0,2.6095446756282836,0
2007-02-05,0.4947674870000007,0.5394999980000001,0.5440000299999994,0.5325000289999995,0.5333330039999993,579906000.0,1.6327153553070461,0
2007-02-06,0.5123453140000009,0.5586670040000001,0.5656669739999991,0.5435000060000004,0.5516669749999998,775386000.0,3.5527351382863115,0
2007-02-07,0.5323680040000003,0.5805000069999995,0.581833005,0.5598329900000003,0.5631669759999998,761058000.0,3.908053069839079,0
2007-02-08,0.5254896280000008,0.5730000139999998,0.5811669829999992,0.5666670200000006,0.5716670159999993,726276000.0,-1.2919884426461414,0
2007-02-09,0.4990476370000003,0.5441669820000001,0.5806670189999998,0.5419999959999995,0.5758330229999995,937956000.0,-5.031942634472597,0
2007-02-12,0.5100525620000003,0.5561670060000008,0.5680000189999994,0.5423330069999999,0.5481669900000004,789360000.0,2.205209870671654,0
2007-02-13,0.5196820500000001,0.5666670200000006,0.5711669920000002,0.5594999789999999,0.5651670099999997,849732000.0,1.887924649740902,0
2007-02-14,0.5128039120000008,0.5591670269999991,0.5749999880000001,0.557833016,0.5716670159999993,1081848000.0,-1.3235273512123613,0
2007-02-15,0.5158601400000009,0.5625,0.5653330089999997,0.5534999969999994,0.5588330030000002,488682000.0,0.596060361048445,0
2007-02-16,0.5001170039999998,0.5453330279999999,0.5608329770000005,0.5436670180000007,0.5601670149999993,915060000.0,-3.0519061333333264,0
2007-02-20,0.5045501590000008,0.5501670240000003,0.5531669860000008,0.5423330069999999,0.5461670160000001,625578000.0,0.8864300806662229,0
2007-02-21,0.4970603590000007,0.5419999959999995,0.5515000220000008,0.5364999770000001,0.5456669929999993,655332000.0,-1.4844633799789286,0
2007-02-22,0.5002699489999998,0.5454999800000007,0.5593330260000009,0.5441669820000001,0.5504999759999993,655452000.0,0.6457535103007617,0
2007-02-23,0.4990476370000003,0.5441669820000001,0.5509999990000001,0.5440000299999994,0.5506669879999997,403050000.0,-0.2443626120756215,0
2007-02-26,0.4914047119999996,0.5358330010000003,0.5498329999999996,0.5350000260000005,0.5456669929999993,494070000.0,-1.5315117005757717,0
2007-02-27,0.47657910000000037,0.5196670290000007,0.5425000190000002,0.5188329819999993,0.5299999710000005,714630000.0,-3.016979538369269,0
2007-02-28,0.47382754100000035,0.5166670080000006,0.5278329849999999,0.5118330120000003,0.5181670189999998,780048000.0,-0.5772967751625391,0
2007-03-01,0.4680188600000008,0.5103330019999994,0.5198330280000008,0.4988330009999995,0.5055000189999994,837228000.0,-1.2259358352527117,0
2007-03-02,0.45502746100000024,0.49616700400000013,0.5120000240000007,0.4951669869999993,0.5058330299999998,682728000.0,-2.775834199333238,0
2007-03-05,0.4395893219999998,0.47933301299999975,0.4971669910000003,0.4776670040000006,0.4875000119999999,663558000.0,-3.39280743465159,0
2007-03-06,0.46557387700000064,0.5076670050000001,0.5131670239999995,0.4878329929999996,0.4898329970000006,805974000.0,5.911128846032554,0
2007-03-07,0.4524284010000006,0.4933330120000008,0.5074999929999997,0.49116700899999977,0.5051670070000007,811656000.0,-2.8235029771138898,0
2007-03-08,0.4710763989999993,0.5136669870000006,0.519333005,0.5033329730000009,0.5036669969999998,770622000.0,4.121754373899478,0
2007-03-09,0.4663379489999997,0.5084999799999999,0.5266669989999997,0.5026670099999997,0.5208330149999991,555306000.0,-1.0059059917744029,0
2007-03-12,0.46358647899999994,0.5055000189999994,0.5128329990000005,0.5019999740000003,0.5026670099999997,428010000.0,-0.5899628550624536,0
2007-03-13,0.44402232800000085,0.4841670100000002,0.5033329729999991,0.4838329849999994,0.5003330110000004,617070000.0,-4.220179663336465,0
2007-03-14,0.44188192500000056,0.48183301100000087,0.4883329869999997,0.46733298900000086,0.4855000080000007,971610000.0,-0.4820648560917129,0
2007-03-15,0.4374496039999993,0.47699999800000015,0.4850000140000006,0.4696669880000002,0.480666995,655752000.0,-1.0030472984757788,0
2007-03-16,0.43332269799999956,0.4724999959999998,0.47816699700000065,0.46916699400000006,0.47733300900000053,525648000.0,-0.9433966496578461,0
2007-03-19,0.43546241499999994,0.4748330119999995,0.48249998700000063,0.4733330010000003,0.47499999399999915,461508000.0,0.49376000417997723,0
2007-03-20,0.43332269799999956,0.4724999959999998,0.4841670100000002,0.47066700499999925,0.4733330010000003,656490000.0,-0.4913339934334737,0
2007-03-21,0.4580840469999998,0.4995000059999999,0.5073329809999994,0.4823330039999991,0.4916670019999998,1268376000.0,5.714287879062763,0
2007-03-22,0.46817195400000067,0.5105000139999998,0.5134999750000002,0.4976670149999993,0.5,810954000.0,2.2022037773508973,0
2007-03-23,0.46297487600000053,0.504832983,0.5156670210000005,0.5011669990000005,0.5066670179999999,524640000.0,-1.110094190908284,0
2007-03-26,0.4638919529999992,0.5058330299999998,0.5099999900000007,0.49666699800000025,0.5051670070000007,447336000.0,0.19809462409867695,0
2007-03-27,0.45517969099999966,0.49633300300000016,0.5056669710000001,0.49583300900000005,0.504666984,469020000.0,-1.8780954260737004,0
2007-03-28,0.4464672210000007,0.48683300599999946,0.49633300300000016,0.48600000100000074,0.4921669959999999,459504000.0,-1.9140369353999986,0
2007-03-29,0.4386720359999998,0.4783329960000007,0.4948329929999993,0.4704999920000006,0.49416699999999913,719016000.0,-1.7459806330386685,0
2007-03-30,0.43989559999999983,0.47966700799999984,0.4883329869999997,0.4771670100000005,0.48483300200000023,581244000.0,0.27888772281141616,0
2007-04-02,0.43943688300000083,0.4791670139999997,0.48249998700000063,0.4713329969999993,0.47850000899999934,400830000.0,-0.10423772985446167,0
2007-04-03,0.4377550180000007,0.47733300900000053,0.48449999099999985,0.4728330080000003,0.4791670139999997,473724000.0,-0.3827485921224172,0
2007-04-04,0.4368379709999992,0.4763329919999997,0.48050001300000034,0.47499999399999915,0.47666698699999976,361692000.0,-0.2095009105058443,0
2007-04-05,0.4722988610000005,0.5149999859999994,0.5155000090000001,0.4783329960000007,0.4783329960000007,1332900000.0,8.117639266943733,0
2007-04-09,0.4637397829999994,0.5056669710000001,0.5208330150000009,0.504666984,0.5149999859999994,640950000.0,-1.8122359715947556,0
2007-04-10,0.45900112400000026,0.5005000230000007,0.5108330250000002,0.4995000059999999,0.5049999950000004,794220000.0,-1.0218084819306972,0
2007-04-11,0.45074731100000065,0.49149998999999944,0.5065000059999996,0.4898329970000006,0.5015000099999991,810150000.0,-1.7982083089734369,0
2007-04-12,0.46358647899999994,0.5055000189999994,0.5070000290000003,0.48566699000000035,0.48883301000000046,743640000.0,2.8484291525621375,0
2007-04-13,0.46740809099999936,0.5096669790000004,0.5106670260000001,0.4976670149999993,0.5038329959999999,638694000.0,0.8243244002726913,0
2007-04-16,0.46496230400000016,0.5070000290000003,0.5121669769999997,0.5005000230000007,0.5083330270000008,671838000.0,-0.523273060623386,0
2007-04-17,0.4693943859999994,0.5118330120000003,0.5316669940000001,0.5093330139999992,0.5198330280000008,1059108000.0,0.9532510302874275,0
2007-04-18,0.47520327600000023,0.5181670189999998,0.5226669909999995,0.5083330270000008,0.5109999779999992,683802000.0,1.2375143555609425,0
2007-04-19,0.48177489599999923,0.5253329870000005,0.5283330080000006,0.5124999880000001,0.5139999989999993,568056000.0,1.3829456019469388,0
2007-04-20,0.4874307509999998,0.5314999819999997,0.5333330039999993,0.5245000120000007,0.5329999920000006,590052000.0,1.173921141944212,0
2007-04-23,0.4794824420000001,0.5228329899999995,0.5299999710000005,0.5213329790000003,0.5289999840000004,595272000.0,-1.6306664710291519,0
2007-04-24,0.4975188080000006,0.5425000190000002,0.5473330020000002,0.5281670090000006,0.5316669940000001,1028088000.0,3.7616273984547144,0
2007-04-25,0.5060777660000007,0.5518329739999999,0.5548329949999999,0.5391669869999998,0.5416669850000009,509640000.0,1.7203603084113395,0
2007-04-26,0.5123453140000009,0.5586670040000001,0.5628330110000004,0.5468329789999995,0.5518329739999999,500070000.0,1.2384236393963688,0
2007-04-27,0.5054671170000002,0.5511670110000004,0.5630000230000007,0.5423330069999999,0.5568330289999999,554058000.0,-1.3424800366409362,0
2007-04-30,0.5027157659999997,0.5481669900000004,0.5656669739999991,0.547999978,0.5586670040000001,563388000.0,-0.5443034398152635,0
2007-05-01,0.5080651639999996,0.5540000200000001,0.5618330240000002,0.5494999889999992,0.5581669809999994,544554000.0,1.064097274445519,0
2007-05-02,0.5021041040000007,0.5475000140000006,0.5591670270000009,0.5446670059999992,0.5568330289999999,659658000.0,-1.1732862392315413,0
2007-05-03,0.5115804080000004,0.557833016,0.5615000129999999,0.5516669749999998,0.5526670219999996,500250000.0,1.8873062531099771,0
2007-05-04,0.5152487749999999,0.5618330240000002,0.5646669860000006,0.5554999709999997,0.5608329770000005,405246000.0,0.7170618958129316,0
2007-05-07,0.505008578,0.5506669879999997,0.5763329860000006,0.5500000119999999,0.5699999929999997,557100000.0,-1.9874296317619056,0
2007-05-08,0.5088291169999994,0.5548329949999999,0.5561670060000008,0.5366669890000004,0.5473330020000002,737100000.0,0.7565383599861031,0
2007-05-09,0.5111217500000009,0.5573329929999993,0.5605000259999997,0.5444999930000005,0.5508329869999997,417870000.0,0.4505856757851978,0
2007-05-10,0.5016456839999996,0.5469999909999999,0.5669999719999996,0.5421670079999998,0.5596669910000003,802584000.0,-1.8540086680280399,0
2007-05-11,0.5371067519999997,0.5856670140000002,0.591332972,0.5676670070000007,0.5764999989999993,1530630000.0,7.068925710457652,0
2007-05-14,0.5317562220000003,0.5798329710000001,0.5888329740000007,0.5743330120000003,0.5833330149999991,731568000.0,-0.9961365179429471,0
2007-05-15,0.5270185470000008,0.5746669769999997,0.5849999789999991,0.5733330250000002,0.5814999939999996,621360000.0,-0.8909451960088632,0
2007-05-16,0.5337436800000006,0.5820000170000004,0.5820000170000004,0.5641670229999995,0.5751670000000004,523104000.0,1.2760503549867241,0
2007-05-17,0.5248780849999992,0.5723329780000004,0.5833330150000009,0.5690000059999996,0.5803329940000008,443664000.0,-1.661003216087531,0
2007-05-18,0.535272419,0.5836669800000003,0.5853329899999995,0.5718330139999992,0.5766670109999996,604266000.0,1.9803160809650056,0
2007-05-21,0.5369532699999997,0.5855000019999999,0.6000000239999999,0.5791670080000006,0.5820000170000004,645768000.0,0.31405271547142455,0
2007-05-22,0.5398577450000008,0.5886669750000006,0.5939999819999997,0.5764999989999993,0.5860000250000006,401736000.0,0.5409005959320146,0
2007-05-23,0.5254896280000008,0.5730000139999998,0.5924999710000005,0.5713329910000002,0.5889999869999993,448248000.0,-2.661430259443376,0
2007-05-24,0.5065363050000009,0.5523329970000006,0.5773329730000007,0.5500000119999999,0.5756670239999995,607800000.0,-3.606809161439206,0
2007-05-25,0.5144846439999995,0.5609999900000009,0.5638329980000005,0.5546669959999999,0.5563330050000008,308976000.0,1.5691608227418552,0
2007-05-29,0.5199872259999996,0.5669999719999996,0.5688329939999992,0.5569999810000006,0.5586670040000001,316242000.0,1.0695155270858292,0
2007-05-30,0.5212097759999992,0.5683330299999998,0.5683330299999998,0.5533329840000007,0.5603330139999994,331650000.0,0.23510724265081162,0
2007-05-31,0.5294633510000004,0.5773329730000007,0.5808330179999999,0.5698329809999994,0.5724999900000007,481572000.0,1.5835685284735224,0
2007-06-01,0.5331320169999998,0.5813329819999993,0.5924999710000005,0.5803329940000008,0.5838329790000003,429084000.0,0.6928426379693597,0
2007-06-04,0.5360362530000007,0.5845000149999997,0.5878329870000005,0.5736669899999995,0.5759999750000002,322002000.0,0.5447881159441836,0
2007-06-05,0.551932335,0.6018329859999998,0.6028329729999999,0.5851669909999995,0.5861669779999996,698586000.0,2.965435509869052,0
2007-06-06,0.5560591820000003,0.6063330170000008,0.6159999969999994,0.5951669810000002,0.5976669789999995,950736000.0,0.7477208967738402,0
2007-06-07,0.5500977640000002,0.5998330119999995,0.6125000119999999,0.5996670129999995,0.6035000089999993,791862000.0,-1.0720189760010879,0
2007-06-08,0.5586580629999993,0.6091669799999995,0.6100000140000006,0.5874999760000001,0.5948330160000008,533268000.0,1.5560944151569833,0
2007-06-11,0.5606445670000006,0.6113330129999994,0.6150000099999993,0.605832994,0.6091669799999995,434634000.0,0.3555729498010418,0
2007-06-12,0.5548365119999996,0.6050000190000002,0.6166669729999992,0.6046670079999998,0.6081669929999993,526770000.0,-1.035931949580482,0
2007-06-13,0.5681341890000002,0.6194999810000006,0.6196669939999992,0.6038330199999997,0.6116669770000005,587232000.0,2.3966878586164198,0
2007-06-14,0.5782220359999997,0.6305000189999994,0.6328330040000001,0.6158329840000007,0.6166669729999992,508548000.0,1.7756316928765115,0
2007-06-15,0.6045122739999993,0.6591669919999994,0.6641669869999998,0.6374999879999992,0.6376670000000004,1081998000.0,4.54670454181223,0
2007-06-18,0.6048178669999995,0.6595000029999998,0.668166995,0.6541669959999998,0.6658329960000007,685662000.0,0.050519975065754785,0
2007-06-19,0.6086390609999999,0.6636670230000004,0.6651669739999999,0.6508330109999996,0.6553329829999992,491952000.0,0.6318453345026009,0
2007-06-20,0.6092500090000001,0.6643329859999998,0.6700000169999996,0.6598330140000002,0.6666669850000009,822792000.0,0.10034595315429051,0
2007-06-21,0.6569383739999992,0.716332972,0.7221670150000001,0.6719999909999999,0.6771669980000006,1297326000.0,7.827397870621455,0
2007-06-22,0.6667208670000004,0.7269999980000001,0.7311670180000007,0.7058330180000008,0.7166669960000007,882618000.0,1.48911559525422,0
2007-06-25,0.6491432790000005,0.7078329920000002,0.7239999770000001,0.7001670000000004,0.706667006,819702000.0,-2.6364520017508997,0
2007-06-26,0.6190326810000002,0.6750000119999999,0.7080000040000005,0.6733329890000004,0.7059999700000006,868482000.0,-4.638520720435702,0
2007-06-27,0.6356933710000003,0.6931669710000001,0.6940000059999996,0.6716669800000004,0.6750000119999999,613140000.0,2.6914012854861946,0
2007-06-28,0.6418066620000005,0.6998329759999997,0.7073330280000008,0.6883329749999989,0.6951670050000001,597534000.0,0.9616737783081808,0
2007-06-29,0.6314131619999994,0.6884999870000001,0.7046669720000001,0.6881669759999998,0.7045000199999993,516570000.0,-1.6193848230438346,0
2007-07-02,0.6577032210000002,0.7171670199999998,0.7174999710000005,0.6961669920000002,0.6983330250000002,563850000.0,4.163694051021083,0
2007-07-03,0.6587725280000001,0.7183330059999999,0.7239999770000001,0.7108330129999993,0.7166669960000007,238770000.0,0.16258221132365858,0
2007-07-05,0.6658040879999998,0.726000011,0.7283329960000007,0.7149999740000004,0.7185000180000003,373290000.0,1.0673329689656397,0
2007-07-06,0.6690135000000001,0.7294999959999995,0.7323330040000009,0.7236670260000011,0.7250000239999999,282720000.0,0.4820915904917289,0
2007-07-09,0.6884257789999992,0.7506669759999998,0.7541670200000006,0.7319999929999996,0.7321670059999992,536784000.0,2.901573696513071,0
2007-07-10,0.6951505539999996,0.7580000160000004,0.7624999880000001,0.7388330099999996,0.7468330259999991,552654000.0,0.9768699349310461,0
2007-07-11,0.6920937299999999,0.754666984,0.7630000110000008,0.7441669700000002,0.7578330040000001,582612000.0,-0.43971397488730135,0
2007-07-12,0.7053916450000006,0.769167006,0.7699999809999998,0.754666984,0.7599999900000007,438732000.0,1.9213801991369461,0
2007-07-13,0.7011116739999999,0.764500022,0.7761669750000006,0.7636669869999988,0.7670000199999993,372630000.0,-0.6067582155233509,0
2007-07-16,0.7137976879999997,0.7783330080000006,0.7814999819999997,0.7649999860000003,0.7651669979999998,541710000.0,1.809416036877498,0
2007-07-17,0.7107411030000002,0.7749999760000001,0.7971670030000002,0.7743330000000004,0.7814999819999997,643812000.0,-0.42822698841522566,0
2007-07-18,0.6977487799999995,0.7608330250000002,0.7661669849999999,0.7458329800000003,0.7638329860000006,550656000.0,-1.8279937340281882,0
2007-07-19,0.6969845889999995,0.7599999900000007,0.7754999999999992,0.754666984,0.7716670039999993,407376000.0,-0.10948985817224033,0
2007-07-20,0.6893427370000005,0.7516670229999995,0.7676669959999991,0.7480000259999997,0.7649999859999994,505650000.0,-1.0964430407426673,0
2007-07-23,0.6962208749999999,0.7591670159999993,0.7746670249999994,0.7473329900000012,0.7490000129999999,360474000.0,0.9977813008300584,0
2007-07-24,0.6778791549999994,0.7391669749999998,0.7624999880000001,0.734499990999999,0.7561669949999992,457560000.0,-2.6344718063989303,0
2007-07-25,0.6746695040000006,0.7356669900000004,0.7498329879999996,0.7186669710000002,0.7393329739999999,437196000.0,-0.47350397384838816,0
2007-07-26,0.6780314450000002,0.7393329739999999,0.7496669889999996,0.7179999949999987,0.7278329729999999,710268000.0,0.49832112216967595,0
2007-07-27,0.6763504149999999,0.7375000119999999,0.7714999910000007,0.7371670009999995,0.7375000119999999,615480000.0,-0.2479210402429488,0
2007-07-30,0.6953037379999998,0.7581670280000008,0.7593330139999992,0.7400000100000002,0.7401670219999996,538158000.0,2.802307208640431,0
2007-07-31,0.6994305250000004,0.7626670000000004,0.7988330129999994,0.7616670129999994,0.7881669999999996,711492000.0,0.5935330651176685,0
2007-08-01,0.6942335370000006,0.7570000290000003,0.7701669930000001,0.7216669920000003,0.7516670229999995,705828000.0,-0.7430465720950297,0
2007-08-02,0.6911770700000002,0.7536669969999998,0.7663329839999999,0.7434999940000013,0.7656670210000005,468606000.0,-0.4402948312172361,0
2007-08-03,0.6502134799999997,0.7089999910000007,0.7566670179999999,0.7086669799999994,0.7511669990000005,623412000.0,-5.926623585456003,0
2007-08-06,0.6557159420000005,0.7149999739999995,0.7203329800000002,0.6949999929999997,0.7149999739999995,524724000.0,0.8462599543248794,0
2007-08-07,0.6661092639999993,0.7263330220000004,0.7381669879999997,0.7055000070000013,0.7149999739999995,565764000.0,1.5850417359595692,0
2007-08-08,0.6968316439999995,0.7598329780000004,0.7825000289999995,0.7338330150000001,0.7394999860000002,660744000.0,4.612203353739308,0
2007-08-09,0.7050855760000001,0.7688329819999993,0.7900000210000009,0.7475000019999998,0.7649999859999994,1251834000.0,1.1844713589148848,0
2007-08-10,0.6723765129999997,0.7331669929999993,0.7381669879999997,0.6898329849999998,0.7058330179999999,1141014000.0,-4.638977493814133,0
2007-08-13,0.6650400160000007,0.7251669760000006,0.7440000179999995,0.7099999789999991,0.7390000220000008,700410000.0,-1.0911589141875067,0
2007-08-14,0.690870404,0.7533329730000009,0.7649999859999994,0.7279999850000003,0.7301669719999992,1092174000.0,3.8840705564617384,0
2007-08-15,0.6616768240000006,0.7214999790000007,0.7599999900000007,0.7204999920000006,0.7493330240000002,695142000.0,-4.225620693759291,0
2007-08-16,0.6506718399999993,0.7095000149999997,0.7195000050000004,0.6750000119999999,0.7143329979999997,780030000.0,-1.663196722005711,0
2007-08-17,0.6890363100000005,0.7513329980000005,0.7519999740000003,0.7064999939999996,0.7291669850000009,728712000.0,5.896121510300456,0
2007-08-20,0.6862853169999994,0.7483329770000005,0.7599999900000007,0.739166974999999,0.7518330219999996,519684000.0,-0.3992931240855646,0
2007-08-21,0.7234272359999991,0.7888330220000004,0.7948330040000009,0.7416669730000001,0.7528330089999997,715338000.0,5.412035316465813,0
2007-08-22,0.7399344439999993,0.8068330290000008,0.8115000129999999,0.7925000190000002,0.8088330029999993,566154000.0,2.2818526225439895,0
2007-08-23,0.7336681489999997,0.800000011999999,0.8201670050000001,0.7965000270000013,0.8106669780000013,667986000.0,-0.8468935646411047,0
2007-08-24,0.7374896409999998,0.8041669730000001,0.8056669830000001,0.7918329829999999,0.7976670270000001,361644000.0,0.5208701171869334,0
2007-08-27,0.7541493769999992,0.8223329780000004,0.8308330179999999,0.8004999760000002,0.8041669730000001,635946000.0,2.258984217199389,0
2007-08-28,0.7081431150000004,0.7721670270000001,0.8283330200000005,0.7703329920000002,0.8249999880000001,560022000.0,-6.100442563061126,0
2007-08-29,0.7483415010000005,0.8159999850000004,0.8169999719999996,0.7866669889999995,0.7883329989999996,538560000.0,5.676616129323553,0
2007-08-30,0.7440615299999997,0.8113330010000004,0.8314999939999996,0.8078330159999991,0.8081669810000003,465660000.0,-0.5719343242389874,0
2007-08-31,0.7819681759999995,0.8526669739999999,0.855832994,0.8238329889999996,0.8283330199999996,720834000.0,5.09457558721933,0
2007-09-04,0.8061180109999997,0.8790000079999993,0.8826670050000001,0.8431670069999999,0.8565000300000003,683268000.0,3.0883140549548216,0
2007-09-05,0.8000036479999988,0.8723329899999994,0.8999999760000001,0.871667027,0.8751670120000004,656274000.0,-0.7584775812652822,0
2007-09-06,0.8035198450000012,0.8761669989999987,0.8911669849999999,0.8725000019999998,0.883167027999999,425496000.0,0.43951209503150235,0
2007-09-07,0.7741731410000003,0.8441669939999992,0.8606669900000004,0.8278329969999998,0.8518329859999998,602304000.0,-3.6522723449436856,0
2007-09-10,0.7763123509999996,0.8464999789999998,0.8774999979999993,0.8395000100000001,0.862500011999999,872112000.0,0.2763653419977308,0
2007-09-11,0.7928199769999997,0.8644999859999993,0.8709999919999998,0.8477500080000011,0.8567500110000008,405424000.0,2.126403714890124,0
2007-09-12,0.7616391179999997,0.8305000070000004,0.8780000210000001,0.8220000269999996,0.8737499709999996,554452000.0,-3.932906830608085,0
2007-09-13,0.7618686560000008,0.8307499890000001,0.8472499849999995,0.8247500060000004,0.8462499979999993,452864000.0,0.030100180360381756,0
2007-09-14,0.7393999099999995,0.8062499759999993,0.8234999779999992,0.803749979,0.822499989999999,487308000.0,-2.949143945158683,0
2007-09-17,0.7377950549999994,0.8044999839999996,0.8159999849999995,0.795750022,0.8075000049999996,374828000.0,-0.21705327777895578,0
2007-09-18,0.802449524,0.8750000000000009,0.8874999880000001,0.8117499949999996,0.8130000230000007,844740000.0,8.763209123942017,0
2007-09-19,0.7877764109999994,0.8590000270000004,0.8999999760000001,0.8504999880000002,0.8830000159999996,521360000.0,-1.8285683428571398,0
2007-09-20,0.7831906080000008,0.8539999720000004,0.8687499760000001,0.8445000050000004,0.8594999909999999,324172000.0,-0.5820785614480517,0
2007-09-21,0.7907566429999999,0.8622499699999988,0.875,0.8539999719999996,0.862500011999999,457532000.0,0.9660419520482133,0
2007-09-24,0.8109324569999998,0.8842499849999994,0.8974999789999991,0.8612499829999996,0.8675000069999994,456360000.0,2.5514660209266182,0
2007-09-25,0.8212498429999995,0.8955000039999987,0.8992499709999997,0.8765000100000009,0.8790000080000002,360748000.0,1.2722668013389837,0
2007-09-26,0.8407379390000003,0.9167500139999998,0.9187499880000001,0.897750020000001,0.8999999760000001,518032000.0,2.372977097161466,0
2007-09-27,0.8432596920000011,0.9194999930000005,0.9300000070000003,0.9097499850000004,0.9254999760000002,378280000.0,0.2999704344700316,0
2007-09-28,0.8308793899999998,0.9060000180000003,0.9282500149999997,0.9039999839999995,0.9250000119999999,404292000.0,-1.4681865255870674,0
2007-10-01,0.8659577369999996,0.9442499880000002,0.9487500190000002,0.9127500059999996,0.9137499929999997,398200000.0,4.221850909499669,0
2007-10-02,0.8577036260000002,0.9352499839999995,0.9437500239999999,0.9215000270000013,0.9419999719999996,284960000.0,-0.9531378463729423,0
2007-10-03,0.8212498429999995,0.8955000039999987,0.9187499880000001,0.8807499999999999,0.9187499880000001,467196000.0,-4.2501984154003525,0
2007-10-04,0.8249181510000003,0.8995000119999998,0.9047499899999991,0.8687499760000001,0.8945000170000004,378976000.0,0.4466787249729487,0
2007-10-05,0.8466989989999991,0.9232500200000002,0.9282500149999997,0.9039999839999995,0.9137499929999997,344840000.0,2.640356607354888,0
2007-10-08,0.8604553340000001,0.9382500050000004,0.9397500159999996,0.9187499880000001,0.9297500249999997,252484000.0,1.6246937097277314,0
2007-10-09,0.8453232650000002,0.921750009000001,0.9424999950000004,0.9079999919999997,0.9382500050000004,403008000.0,-1.7585926898023296,0
2007-10-10,0.8462405200000003,0.9227499959999994,0.9279999730000004,0.9005000000000001,0.9279999730000004,389136000.0,0.10848787526291925,0
2007-10-11,0.8086397650000006,0.8817499880000002,0.9257500170000004,0.8717499970000002,0.9142500160000013,529104000.0,-4.443241200512549,0
2007-10-12,0.8283570999999998,0.9032499789999999,0.9032499789999999,0.8777499789999998,0.8914999960000003,409952000.0,2.438331873274713,0
2007-10-15,0.8343181609999988,0.9097499850000004,0.9215000270000004,0.902000010000001,0.9062499999999991,355900000.0,0.7196242625099547,0
2007-10-16,0.8418843149999997,0.9179999829999996,0.9342499970000002,0.9054999949999996,0.9087499980000002,276360000.0,0.9068423342705412,0
2007-10-17,0.9065386649999994,0.9884999990000001,0.991249979,0.9527500270000004,0.9537500140000006,717944000.0,7.6797404472283,0
2007-10-18,0.9058509469999994,0.9877499939999996,0.9917500019999999,0.9605000019999999,0.9852499960000003,340620000.0,-0.07587304003628947,0
2007-10-19,0.8572453859999998,0.9347500210000002,0.9860000010000007,0.934499978999999,0.985499978,505768000.0,-5.365727493995809,0
2007-10-22,0.8978261950000004,0.9789999720000013,0.9810000060000004,0.9212499860000003,0.9287499789999991,537656000.0,4.733880717398775,0
2007-10-23,0.9021824599999988,0.9837499860000003,0.9917500019999999,0.9570000169999995,0.991750001999999,294292000.0,0.48519041224242,0
2007-10-24,0.8716897959999992,0.9505000109999999,0.9624999760000001,0.9037500019999998,0.9624999759999993,565500000.0,-3.3799212679226365,0
2007-10-25,0.7955712679999998,0.8675000070000003,0.9300000070000003,0.8397499919999998,0.9212499860000012,806192000.0,-8.732246505991892,0
2007-10-26,0.7886930110000003,0.8600000139999997,0.9010000229999999,0.8475000259999996,0.8949999809999998,616580000.0,-0.8645525002283883,0
2007-10-29,0.7701222899999998,0.8397499919999998,0.84375,0.81400001,0.8305000070000004,813896000.0,-2.354653682598662,0
2007-10-30,0.7983227370000003,0.8705000280000004,0.8882499930000005,0.8324999809999998,0.8464999789999998,525212000.0,3.6618084302405096,0
2007-10-31,0.8111618760000008,0.8845000269999996,0.8849999900000007,0.8485000130000007,0.8757500050000004,455188000.0,1.6082709419510621,0
2007-11-01,0.8111618760000008,0.8845000269999996,0.9022499919999998,0.8587499859999994,0.8707500100000001,587236000.0,0.0,0
2007-11-02,0.8423425560000011,0.9185000060000004,0.9250000119999999,0.8842499850000003,0.8967499730000013,491844000.0,3.843977157956613,0
2007-11-05,0.8423425560000011,0.9185000060000004,0.9405000210000001,0.9049999709999996,0.9107499719999996,436636000.0,0.0,0
2007-11-06,0.8689381479999998,0.947499989999999,0.9549999830000004,0.922999978,0.9272500279999996,554620000.0,3.157319957600513,0
2007-11-07,0.8276693220000002,0.9024999740000004,0.9507499930000005,0.8949999809999998,0.9470000269999987,546768000.0,-4.749342108172472,0
2007-11-08,0.7758540510000005,0.8460000159999996,0.9100000260000005,0.8202499750000012,0.8937500120000008,996824000.0,-6.260383338249276,0
2007-11-09,0.7648490070000005,0.8339999909999998,0.8700000049999996,0.8162500259999987,0.8637499810000007,871056000.0,-1.4184426445684517,0
2007-11-12,0.6885017159999993,0.7507500050000004,0.8397499919999998,0.7507500050000013,0.8337500099999993,715732000.0,-9.9820128175517,0
2007-11-13,0.7492586970000001,0.8169999719999996,0.8177499770000001,0.7507500050000013,0.7630000110000008,726696000.0,8.824504370133157,0
2007-11-14,0.7375657560000004,0.8042500020000007,0.8457499740000003,0.8000000119999999,0.8377500180000013,666720000.0,-1.5605838968131613,0
2007-11-15,0.7277073260000009,0.7935000060000004,0.8065000179999995,0.7749999760000001,0.7990000249999998,496436000.0,-1.3366485512299575,0
2007-11-16,0.7439851159999993,0.8112499709999996,0.8134999870000001,0.7935000060000013,0.8000000119999999,423592000.0,2.2369205880006016,0
2007-11-19,0.6937749390000008,0.7565000059999996,0.8037499789999991,0.7522500159999996,0.7997499699999997,568412000.0,-6.748840302886117,0
2007-11-20,0.6885017159999993,0.7507500050000004,0.7720000149999997,0.7277500030000006,0.7707499860000002,622628000.0,-0.7600794387832455,0
2007-11-21,0.6811652180000003,0.742749989,0.7605000139999998,0.7327499990000002,0.7350000140000006,648452000.0,-1.0656031897062768,0
2007-11-23,0.6928579809999995,0.7555000189999994,0.7587500210000009,0.7384999990000001,0.7480000259999997,141976000.0,1.716597803948261,0
2007-11-26,0.6768090129999997,0.7379999759999993,0.7705000040000005,0.7365000249999998,0.7549999950000004,385896000.0,-2.3163524235463973,0
2007-11-27,0.7059264180000007,0.7697499990000001,0.7720000149999997,0.742749989,0.7484999900000009,458856000.0,4.302171278119382,0
2007-11-28,0.7531562449999996,0.821250021,0.8322499990000001,0.7902500029999997,0.7940000299999994,574548000.0,6.690486790114303,0
2007-11-29,0.7593466640000006,0.8280000090000001,0.8525000210000009,0.8165000080000002,0.8199999930000006,489084000.0,0.8219163260149376,0
2007-11-30,0.7231217619999999,0.788500011,0.8550000190000002,0.7860000129999998,0.8550000190000011,652656000.0,-4.7705311075667005,0
2007-12-03,0.7336681489999997,0.800000011999999,0.8147500159999996,0.7877500059999996,0.8000000119999999,490688000.0,1.4584655471869157,0
2007-12-04,0.7329802510000007,0.7992500070000013,0.8062499760000001,0.7837499979999993,0.8034999970000003,371712000.0,-0.09375062359373576,0
2007-12-05,0.7710391879999987,0.8407499789999999,0.8562499880000001,0.8195000290000003,0.8297500009999998,666704000.0,5.192364296094398,0
2007-12-06,0.7866298560000011,0.8577499990000002,0.860499978,0.8312500119999999,0.8387500049999996,371152000.0,2.022006592283243,0
2007-12-07,0.7767713069999997,0.8470000029999998,0.8622499700000006,0.8382499809999988,0.8612499830000004,320292000.0,-1.2532784625511884,0
2007-12-10,0.7852541799999999,0.856249988000001,0.8662499789999991,0.8472499850000004,0.8497499819999987,336360000.0,1.0920879536289618,0
2007-12-11,0.7861711979999999,0.8572499749999993,0.8905000090000001,0.855250000999999,0.8744999769999993,582436000.0,0.11678680455642354,0
2007-12-12,0.8132253289999998,0.8867499829999996,0.9022499919999998,0.8694999809999997,0.8934999700000006,617504000.0,3.4412375456762234,0
2007-12-13,0.79098618,0.8625000120000008,0.8817499879999993,0.837000011999999,0.8759999870000001,500364000.0,-2.734702166890246,0
2007-12-14,0.8040544389999988,0.8767499919999988,0.8862500190000002,0.8527500030000006,0.8585000039999997,354016000.0,1.6521715712161544,0
2007-12-17,0.7630147340000004,0.8320000170000004,0.8757500050000004,0.8299999830000004,0.8675000069999994,507408000.0,-5.104074754300081,0
2007-12-18,0.7825028300000003,0.8532500269999996,0.8625000119999999,0.8362500069999994,0.8447499870000001,396896000.0,2.554087688197715,0
2007-12-19,0.789839624999999,0.8612499830000004,0.8692499999999992,0.8467500210000001,0.8502500059999996,253536000.0,0.9375863752536517,0
2007-12-20,0.8063471910000004,0.8792499899999999,0.8812500239999999,0.8567500109999999,0.875,279940000.0,2.0899863402377594,0
2007-12-21,0.8061180109999997,0.8790000079999993,0.8974999789999991,0.8709999920000007,0.8897500039999988,433408000.0,-0.02843127697960135,0
2007-12-24,0.8203328250000004,0.8945000170000004,0.8987500070000003,0.8790000080000002,0.8855000139999998,104007999.99999994,1.7633684708680875,0
2007-12-26,0.8313375709999997,0.9064999819999997,0.9064999819999997,0.8874999879999992,0.8962500100000002,215340000.0,1.341527643593099,0
2007-12-27,0.8056593540000003,0.8784999850000004,0.9100000260000005,0.8762500290000013,0.9049999709999987,241368000.0,-3.088802819192993,0
2007-12-28,0.7976346610000009,0.8697500230000008,0.8874999880000001,0.8622499699999997,0.8769999740000003,262064000.0,-0.9960116277065167,0
2007-12-31,0.7799808980000007,0.8504999880000002,0.8784999849999995,0.8502500060000004,0.8627499940000005,276236000.0,-2.2132836436843606,0
2008-01-02,0.7568246129999991,0.8252500300000012,0.8562499880000001,0.81400001,0.8529999850000012,483964000.0,-2.9688369613474985,0
2008-01-03,0.7508634920000006,0.8187500240000007,0.8464999790000007,0.8157500029999998,0.8299999830000004,475308000.0,-0.7876408074774632,0
2008-01-04,0.687813878,0.75,0.7982500199999993,0.7450000049999996,0.7942500110000008,736092000.0,-8.396949250043617,0
2008-01-07,0.6167398689999999,0.6725000140000006,0.7612500190000002,0.6587499979999993,0.7549999950000004,1006800000.0,-10.333331466666662,0
2008-01-08,0.6298083069999993,0.6867499949999996,0.7322499750000002,0.6604999899999999,0.6762499809999998,1106956000.0,2.118956238415781,0
2008-01-09,0.6623647209999994,0.7222499849999995,0.7225000260000005,0.6857500080000003,0.6959999799999999,741036000.0,5.169274154854575,0
2008-01-10,0.6486083869999995,0.7072499990000001,0.7185000180000003,0.6932499999999999,0.7024999859999994,554432000.0,-2.076841303084287,0
2008-01-11,0.6201788189999995,0.6762499809999998,0.7049999830000004,0.6712499860000003,0.6905000210000001,572612000.0,-4.383176817791689,0
2008-01-14,0.6614475249999998,0.7212499979999993,0.7222499849999995,0.6752499940000005,0.6862499710000005,539188000.0,6.654346508587916,0
2008-01-15,0.6128422019999995,0.6682500240000007,0.702000022,0.6564999819999997,0.6937500239999999,725692000.0,-7.348349968383639,0
2008-01-16,0.5436024069999998,0.5927500129999999,0.6340000030000006,0.5789999960000003,0.6262500289999995,1464472000.0,-11.298168094042605,0
2008-01-17,0.5342022780000004,0.5824999809999998,0.6179999709999997,0.5809999700000006,0.6019999980000001,1133900000.0,-1.7292335344073595,0
2008-01-18,0.5695098039999991,0.6209999919999998,0.6242499949999996,0.5630000230000007,0.5842499730000004,920428000.0,6.609444164084866,0
2008-01-22,0.5410802359999991,0.5899999739999995,0.6044999959999995,0.5582500100000001,0.5617499949999996,709092000.0,-4.991951433068609,0
2008-01-23,0.5509390229999998,0.6007500290000003,0.6184999940000004,0.5605000259999997,0.5659999849999995,929880000.0,1.8220433006324033,0
2008-01-24,0.5931249259999998,0.6467499730000004,0.6470000149999997,0.6067500110000008,0.6125000119999999,597092000.0,7.657085606233083,0
2008-01-25,0.5720319749999998,0.6237499710000005,0.6865000129999999,0.6207500100000001,0.6715000270000004,688012000.0,-3.556243209924348,0
2008-01-28,0.5651537779999991,0.6162499790000009,0.6277499790000007,0.6029999850000003,0.6215000150000005,577608000.0,-1.2024035829574342,0
2008-01-29,0.5825782420000003,0.6352499720000004,0.6377500299999994,0.6110000010000007,0.6272500159999996,414484000.0,3.0831632693653965,0
2008-01-30,0.5775340199999999,0.6297500130000007,0.6392499800000007,0.6117500069999995,0.625,530476000.0,-0.8657944498106973,0
2008-01-31,0.5637782809999994,0.6147500279999996,0.6262500289999995,0.5957499740000003,0.6159999969999994,588708000.0,-2.381895147336821,0
2008-02-01,0.6158227919999995,0.6715000270000004,0.6750000119999999,0.608250022,0.6134999990000001,593104000.0,9.231394292836036,0
2008-02-04,0.5965639350000007,0.6504999999999992,0.6897500159999996,0.6470000149999997,0.6859999900000009,565128000.0,-3.1273307752227475,0
2008-02-05,0.5591927170000002,0.6097499729999996,0.6377500299999994,0.6094999909999999,0.6374999880000001,494928000.0,-6.264416141429663,0
2008-02-06,0.5573585029999997,0.6077499989999993,0.6332499980000001,0.5964999790000007,0.6162499790000009,557380000.0,-0.3279990305140923,0
2008-02-07,0.5628612040000007,0.6137499809999998,0.6309999820000005,0.5774999859999994,0.5902500150000005,664128000.0,0.9872450859518489,0
2008-02-08,0.5729490520000002,0.6247500180000003,0.6294999719999996,0.6000000239999999,0.6079999800000007,393932000.0,1.7922667764612044,0
2008-02-11,0.5747830870000001,0.6267499920000006,0.6402500270000004,0.6225000019999998,0.6299999950000004,503732000.0,0.320123880332579,0
2008-02-12,0.5961053370000009,0.6499999760000001,0.6589999790000007,0.6327499750000003,0.6362500190000002,609688000.0,3.7096105778649857,0
2008-02-13,0.6194910409999999,0.6754999759999993,0.6775000099999993,0.6480000019999999,0.6549999710000005,742312000.0,3.923077067929004,0
2008-02-14,0.5183822510000002,0.5652499790000007,0.65625,0.5637500289999995,0.6557499769999993,2184296000.0,-16.32124365908194,0
2008-02-15,0.5105871559999997,0.5567499999999992,0.5782499909999999,0.5477499960000003,0.5630000230000007,817364000.0,-1.5037557391930467,0
2008-02-19,0.5030213589999999,0.5485000010000007,0.5680000189999994,0.5437499880000001,0.5669999719999996,558608000.0,-1.4818139200718505,0
2008-02-20,0.49935275300000015,0.5444999930000005,0.5525000099999993,0.5302500129999999,0.5325000289999995,759016000.0,-0.7292630798008015,0
2008-02-21,0.4881185890000008,0.5322499870000001,0.5527499910000007,0.5289999840000004,0.5500000119999999,644272000.0,-2.249771562439662,0
2008-02-22,0.511733413,0.5580000280000004,0.5590000150000005,0.5325000289999995,0.5364999770000001,723052000.0,4.837959911495493,0
2008-02-25,0.5115041730000005,0.5577499869999993,0.5640000100000009,0.5429999829999996,0.5575000049999996,671784000.0,-0.044810212805224126,0
2008-02-26,0.5158601400000009,0.5625,0.5709999799999999,0.5460000039999997,0.5544999839999996,565420000.0,0.8516383882945844,0
2008-02-27,0.5238848919999999,0.5712500209999991,0.5757499930000005,0.5562499760000001,0.5597500209999993,537816000.0,1.5555592888888858,0
2008-02-28,0.5041674379999996,0.5497499700000006,0.5672500130000007,0.5497499700000006,0.5662500260000005,503608000.0,-3.7636849382277737,0
2008-02-29,0.4904113409999997,0.5347499849999995,0.547999978,0.5325000289999995,0.5407500269999996,540576000.0,-2.728510380819116,0
2008-03-03,0.48467969900000085,0.5285000209999993,0.5377500059999996,0.5214999910000007,0.5339999790000007,449028000.0,-1.1687637541495155,0
2008-03-04,0.47986462699999954,0.5232499839999996,0.5260000229999999,0.5027499790000007,0.5249999760000001,778888000.0,-0.9933844449175555,0
2008-03-05,0.4853673579999995,0.5292500259999997,0.5417500139999998,0.5227500200000001,0.5282499789999999,644656000.0,1.1466874693683682,0
2008-03-06,0.4548741879999998,0.4959999919999998,0.5262500049999996,0.49524998699999934,0.5227500200000001,1075284000.0,-6.28248131630702,0
2008-03-07,0.4482252899999999,0.4887500110000005,0.5080000160000004,0.47499999399999915,0.4869999889999992,767500000.0,-1.4616897413175844,0
2008-03-10,0.4225470419999997,0.46075001400000026,0.4887500110000005,0.46000000799999974,0.48274999899999926,776100000.0,-5.728899513006869,0
2008-03-11,0.4365325569999996,0.476000011,0.48074999500000004,0.4559999999999995,0.47499999399999915,857940000.0,3.309820192430868,0
2008-03-12,0.4246105250000003,0.4629999999999992,0.48475000300000026,0.45899999100000066,0.48050001300000034,743320000.0,-2.7310946847856177,0
2008-03-13,0.4516642990000008,0.4925000070000003,0.4995000059999999,0.45300000900000015,0.4557499889999992,1220528000.0,6.371491792656592,0
2008-03-14,0.42002505099999965,0.4580000040000005,0.49549999799999966,0.4544999900000004,0.49500000499999963,1154972000.0,-7.005076651704489,0
2008-03-17,0.40947860500000033,0.4465000030000006,0.46200001200000074,0.43274998699999934,0.4379999940000001,800952000.0,-2.5109172269788926,0
2008-03-18,0.43492758300000034,0.4742499890000005,0.47499999399999915,0.44400000599999956,0.45699998699999966,1075256000.0,6.215002421847693,0
2008-03-19,0.40489310000000067,0.4415000080000002,0.46974998700000015,0.4415000080000002,0.4632500109999995,880476000.0,-6.90563663882341,0
2008-03-20,0.4246105250000003,0.4629999999999992,0.46399998699999934,0.43874999900000056,0.4467499850000003,633460000.0,4.869760274160639,0
2008-03-24,0.4592304830000007,0.5007500050000004,0.5034999849999995,0.47150000899999966,0.47325000200000034,887440000.0,8.153348812095018,0
2008-03-25,0.46587929100000025,0.5080000160000004,0.5174999830000004,0.4982500079999994,0.5030000210000001,735388000.0,1.4478304398618969,0
2008-03-26,0.4509766400000004,0.49175000199999985,0.5047500130000007,0.48625001299999937,0.5012500289999995,721652000.0,-3.1988215527930186,0
2008-03-27,0.44455701100000056,0.48475000300000026,0.4979999960000008,0.47674998599999974,0.48425000900000015,601308000.0,-1.4234873353391575,0
2008-03-28,0.4512059690000001,0.49200001400000026,0.5047500130000007,0.4884999990000001,0.49349999400000044,561788000.0,1.4956185570152547,0
2008-03-31,0.4537279010000006,0.4947499929999992,0.5065000059999996,0.4884999990000001,0.49724999100000034,569992000.0,0.5589388052334554,0
2008-04-01,0.4814698400000008,0.5249999760000001,0.5262500049999996,0.5022500159999996,0.5095000269999996,676872000.0,6.11419574087797,0
2008-04-02,0.4667962790000004,0.5090000030000006,0.5264999869999993,0.5049999950000004,0.5264999869999993,616536000.0,-3.0476140440814037,0
2008-04-03,0.4580840469999998,0.4995000059999999,0.5055000189999994,0.48475000300000026,0.5047500130000007,841984000.0,-1.8664041147363308,0
2008-04-04,0.4305715560000003,0.46950000500000044,0.49200001400000026,0.4682500059999999,0.4894999860000002,1535528000.0,-6.006006134061992,0
2008-04-07,0.4408886429999992,0.48074999500000004,0.48800000499999996,0.47699999800000015,0.48100000600000037,729496000.0,2.3961639787416056,0
2008-04-08,0.4383667409999994,0.4779999850000003,0.49349999400000044,0.47499999399999915,0.47499999399999915,639476000.0,-0.5720249669477262,0
2008-04-09,0.447078973,0.4875000119999999,0.4925000070000003,0.47900000199999937,0.4835000039999997,675232000.0,1.9874534096481211,0
2008-04-10,0.4557913239999998,0.49700000900000063,0.5127500299999994,0.48225000499999915,0.492749989,1092184000.0,1.9487172853649204,0
2008-04-11,0.42483979500000046,0.4632500109999995,0.4905000029999993,0.46024998999999944,0.4875000119999999,1106280000.0,-6.7907439414151005,0
2008-04-14,0.41062492100000014,0.44775000199999937,0.46250000600000085,0.4449999929999997,0.461499989,780004000.0,-3.3459273895192765,0
2008-04-15,0.4154396949999999,0.45300000900000015,0.45475000100000074,0.44025000899999966,0.4499999880000001,439916000.0,1.1725308713678162,0
2008-04-16,0.4319471119999996,0.4709999860000007,0.47699999800000015,0.46200001200000074,0.4702500099999991,646836000.0,3.9735047775683485,0
2008-04-17,0.425986022,0.4645000100000001,0.46625000200000066,0.4490000009999999,0.44925001300000034,596968000.0,-1.3800374083238198,0
2008-04-18,0.4360739890000005,0.47549998799999926,0.4830000099999996,0.4690000120000004,0.47874999000000074,573540000.0,2.3681329953039176,0
2008-04-21,0.4555621149999993,0.4967499970000002,0.5,0.47174999099999937,0.47174999099999937,679892000.0,4.468982026556856,0
2008-04-22,0.447078973,0.4875000119999999,0.4930000010000004,0.47699999800000015,0.48774999399999963,587668000.0,-1.8621006654983452,0
2008-04-23,0.46863052199999977,0.5109999779999992,0.5164999960000003,0.48774999399999963,0.4942499999999992,1020496000.0,4.820505727495239,0
2008-04-24,0.4573962389999995,0.49875000099999944,0.5164999960000003,0.49125000799999974,0.5139999989999993,655764000.0,-2.3972558762027862,0
2008-04-25,0.4619817140000002,0.5037500260000005,0.5049999950000004,0.48774999399999963,0.5034999849999995,552208000.0,1.002511276185425,0
2008-04-28,0.4537279010000006,0.4947499929999992,0.5090000030000006,0.492749989,0.5015000099999991,535700000.0,-1.7866069549344221,0
2008-04-29,0.46312803,0.5049999950000004,0.5112500190000002,0.4892500040000005,0.4892500040000005,573408000.0,2.071753844370461,0
2008-04-30,0.4711526329999991,0.5137500169999996,0.5192499759999993,0.5074999929999997,0.5109999779999992,1068320000.0,1.7326776409176015,0
2008-05-01,0.49293330299999916,0.5375000239999999,0.5387499929999997,0.5174999830000004,0.5199999809999998,1014624000.0,4.6228722557881685,0
2008-05-02,0.5163189769999992,0.5630000230000007,0.5630000230000007,0.5440000299999994,0.5522500279999996,1131016000.0,4.744185648631705,0
2008-05-05,0.5034797189999995,0.5490000249999998,0.5617499949999996,0.5477499960000003,0.5592499970000002,943392000.0,-2.4866780511659026,0
2008-05-06,0.5165480969999994,0.5632500050000004,0.5644999740000003,0.5389999749999994,0.5475000140000006,729036000.0,2.595624654115447,0
2008-05-07,0.5046264530000002,0.5502499939999996,0.5722500089999993,0.5454999800000007,0.5647500159999996,715632000.0,-2.3080356652637857,0
2008-05-08,0.5032504800000002,0.5487499830000004,0.5562499760000001,0.5252500179999995,0.5544999839999996,1360000000.0,-0.2726053641719739,0
2008-05-09,0.5165480969999994,0.5632500050000004,0.5857499839999996,0.5492500069999995,0.5502499939999996,2030352000.0,2.6423731114721516,0
2008-05-12,0.5018748639999995,0.5472499729999996,0.5705000160000004,0.5417500139999998,0.5705000160000004,1006652000.0,-2.8406625580056577,0
2008-05-13,0.4915577770000006,0.5360000130000007,0.5500000119999999,0.5320000050000004,0.5500000119999999,854108000.0,-2.05572600366305,0
2008-05-14,0.5060015920000005,0.5517500040000005,0.5659999849999995,0.5360000130000007,0.5427500009999999,751148000.0,2.9384310854484896,0
2008-05-15,0.5452073810000009,0.5945000050000004,0.5970000029999998,0.547999978,0.5504999759999993,1165464000.0,7.74807443408736,0
2008-05-16,0.5596510769999998,0.6102499960000003,0.6115000249999998,0.5907499789999999,0.6044999959999995,1091556000.0,2.6492835773819667,0
2008-05-19,0.5479583140000006,0.5975000260000005,0.6327499749999994,0.5932499769999993,0.610499978,1158532000.0,-2.0893027584714674,0
2008-05-20,0.5337436800000006,0.5820000170000004,0.5879999999999992,0.5752500299999994,0.5812500119999999,771404000.0,-2.594143652807124,0
2008-05-21,0.5293872359999998,0.5772500039999997,0.6060000060000004,0.5759999750000002,0.5835000279999996,1066660000.0,-0.8161534125865844,0
2008-05-22,0.5422265530000008,0.5912500020000007,0.5960000159999996,0.5762500169999996,0.5855000019999999,693108000.0,2.425291971067689,0
2008-05-23,0.5298458929999992,0.5777500270000004,0.5950000289999995,0.5692499879999993,0.5902500150000005,802672000.0,-2.2832938611981546,0
2008-05-27,0.5355777140000004,0.5839999910000007,0.5847499969999994,0.5677499770000001,0.5787500140000006,832856000.0,1.081776496394693,0
2008-05-28,0.5406214590000005,0.5895000100000001,0.6014999749999994,0.5827500220000008,0.6000000239999999,751736000.0,0.9417840898562568,0
2008-05-29,0.539246082,0.5879999999999992,0.5907499789999999,0.5772500039999997,0.5897499919999998,693460000.0,-0.254454618245048,0
2008-05-30,0.5662998560000005,0.6175000070000003,0.6194999810000006,0.6029999850000003,0.6047499779999992,830244000.0,5.017007993197287,0
2008-06-02,0.568592787,0.6200000049999996,0.6247500180000003,0.6107500199999993,0.6175000070000003,734660000.0,0.40485797111902144,0
2008-06-03,0.5493339299999995,0.5989999770000001,0.6230000259999997,0.5917500259999997,0.6219999789999999,840696000.0,-3.387101263007253,0
2008-06-04,0.5557537670000006,0.6060000060000004,0.6072499750000002,0.5824999809999998,0.5857499839999996,831724000.0,1.1686192435363063,0
2008-06-05,0.5697390440000003,0.6212499739999995,0.6337500210000009,0.6142500040000005,0.6269999740000003,827860000.0,2.516496344721153,0
2008-06-06,0.5516266820000002,0.6014999749999994,0.6144999860000002,0.5979999899999999,0.6137499809999998,784876000.0,-3.1790744187620845,0
2008-06-09,0.543143809,0.5922499900000009,0.6062499880000001,0.5802500249999998,0.5979999899999999,637916000.0,-1.5378196815386325,0
2008-06-10,0.5110458730000005,0.5572500229999999,0.577000022,0.5534999969999994,0.5762500169999996,1225208000.0,-5.909661053772242,0
2008-06-11,0.4872013929999994,0.53125,0.5707499980000001,0.5304999949999996,0.5572500229999999,999428000.0,-4.665773338155621,0
2008-06-12,0.4901821910000006,0.5345000029999998,0.5537499789999991,0.5299999710000005,0.5432500240000007,825992000.0,0.6117652705882382,0
2008-06-13,0.4885771269999992,0.5327500099999991,0.5414999720000004,0.5170000199999993,0.5352500080000002,705748000.0,-0.32740748179191925,0
2008-06-16,0.4819282289999993,0.5254999999999992,0.5320000050000004,0.5212500099999993,0.5270000100000001,630496000.0,-1.3608652959011702,0
2008-06-17,0.4702354369999995,0.5127500299999994,0.5332499740000003,0.5115000009999999,0.5329999920000006,687912000.0,-2.426254995242627,0
2008-06-18,0.4564791019999994,0.4977500139999993,0.5249999760000001,0.4894999860000002,0.5074999929999997,1065272000.0,-2.9254051920777013,0
2008-06-19,0.4553328160000003,0.4964999849999998,0.5074999929999997,0.48449999099999985,0.5005000230000007,784928000.0,-0.2511359045386241,0
2008-06-20,0.45304006299999955,0.49399998800000056,0.4995000059999999,0.4852499960000003,0.4855000080000007,741008000.0,-0.5035240836915533,0
2008-06-23,0.44363981499999916,0.4837499859999994,0.4982500079999994,0.4794999959999995,0.4977500139999993,776616000.0,-2.0748992406858124,0
2008-06-24,0.4583132859999992,0.4997499879999996,0.5112500190000002,0.48100000600000037,0.48100000600000037,1078928000.0,3.3074940492091143,0
2008-06-25,0.46083527799999935,0.5024999979999993,0.5112500190000002,0.4945000109999995,0.5074999929999997,900976000.0,0.5502771517825522,0
2008-06-26,0.43722024600000076,0.47674998599999974,0.49125000799999974,0.47674998599999974,0.4875000119999999,845532000.0,-5.124380517907978,0
2008-06-27,0.44203504899999935,0.4819999930000005,0.48475000300000026,0.46775001299999985,0.47874999000000074,584140000.0,1.1012075834649249,0
2008-06-30,0.4291959700000003,0.46799999499999956,0.48074999500000004,0.4647499919999998,0.4765000050000001,653940000.0,-2.9045639425974046,0
2008-07-01,0.42988374799999995,0.46875,0.4692499940000001,0.4539999960000003,0.46250000600000085,881464000.0,0.16025748034462772,0
2008-07-02,0.41337618200000037,0.4507499930000005,0.46950000500000044,0.4499999880000001,0.4665000139999993,763196000.0,-3.8400014933333337,0
2008-07-03,0.28635987600000057,0.3122499879999996,0.32824999099999985,0.31000000200000066,0.32449999500000004,2987520000.0,-30.72656841949192,0
2008-07-07,0.2774182560000007,0.30250000999999926,0.31900000599999956,0.2940000000000005,0.31700000200000034,2202692000.0,-3.122491072761868,0
2008-07-08,0.2758133409999992,0.30074998699999966,0.3120000059999999,0.29499998700000063,0.30450001400000026,1805288000.0,-0.5785199808753694,0
2008-07-09,0.27099856699999947,0.2955000099999996,0.30599999400000044,0.2955000099999996,0.3014999930000002,1413168000.0,-1.7456283381318993,0
2008-07-10,0.2703107300000003,0.29475000499999915,0.30050000499999996,0.28924998599999974,0.29699999099999985,1056992000.0,-0.25380879005723056,0
2008-07-11,0.26755964800000065,0.2917500139999998,0.29899999500000085,0.2829999920000006,0.2887499929999997,807760000.0,-1.0178086341338544,0
2008-07-14,0.2554081979999996,0.27849999100000034,0.2962499859999994,0.27649998699999934,0.2940000000000005,882316000.0,-4.541567219941934,0
2008-07-15,0.25815948800000044,0.2815000120000004,0.28725001199999944,0.26750001299999937,0.2759999929999992,1122484000.0,1.0772068570731097,0
2008-07-16,0.25953513400000006,0.2829999920000006,0.2904999850000003,0.27474999400000044,0.28249999900000056,1034392000.0,0.5328525527735772,0
2008-07-17,0.26045212100000015,0.28400000899999966,0.28749999399999915,0.27300000199999985,0.28749999399999915,862080000.0,0.3533629075155753,0
2008-07-18,0.2650376560000005,0.2890000050000001,0.2907499970000007,0.273999989,0.28200000500000044,899720000.0,1.7605619160385277,0
2008-07-21,0.26664257000000013,0.2907499970000007,0.2977499960000003,0.2882499989999996,0.29350000600000037,571636000.0,0.605533553537474,0
2008-07-22,0.2609106600000004,0.2845000029999998,0.28924998599999974,0.2790000139999993,0.28799998799999926,555924000.0,-2.1496110281989056,0
2008-07-23,0.2687060240000001,0.29300001300000034,0.2960000039999997,0.2852500080000002,0.2865000070000008,594876000.0,2.9877011987237134,0
2008-07-24,0.2528861760000005,0.2757500109999995,0.2927500009999999,0.27500000600000085,0.28999999200000026,705628000.0,-5.887372435031257,0
2008-07-25,0.2650376560000005,0.2890000050000001,0.28999999200000026,0.27274998999999944,0.27849999100000034,1039600000.0,4.805074694992473,0
2008-07-28,0.2643497589999999,0.2882499989999996,0.2977499960000003,0.28400000899999966,0.2852500080000002,734808000.0,-0.2595176425689072,0
2008-07-29,0.2671011389999993,0.29124999000000074,0.29850000100000074,0.2854999899999999,0.2887499929999997,764636000.0,1.0407601076869444,0
2008-07-30,0.26320350199999965,0.2870000000000008,0.2975000140000006,0.28049999499999956,0.29699999099999985,588492000.0,-1.4592240844368942,0
2008-07-31,0.26228633500000065,0.28600001300000066,0.2922500069999998,0.2829999920000006,0.28624999500000037,487236000.0,-0.3484275261323999,0
2008-08-01,0.2485301789999994,0.27099999800000063,0.2795000079999994,0.26750001299999937,0.27849999100000034,881060000.0,-5.24476025111229,0
2008-08-04,0.24256901400000075,0.2644999919999993,0.27250000799999974,0.26374998700000063,0.27099999800000063,522052000.0,-2.3985262169632926,0
2008-08-05,0.25655448400000047,0.2797499900000009,0.2797499899999991,0.2664999960000003,0.26949998699999966,685844000.0,5.765594881379044,0
2008-08-06,0.2634327410000008,0.28725001199999944,0.28975001000000056,0.27149999100000066,0.28049999499999956,814864000.0,2.6809731074521226,0
2008-08-07,0.2593057749999996,0.2827500099999991,0.2975000140000006,0.2795000079999994,0.2847500150000002,819232000.0,-1.5665802652777616,0
2008-08-08,0.25219848799999944,0.27500000600000085,0.28749999399999915,0.273999989,0.2849999959999998,853764000.0,-2.7409385414345233,0
2008-08-11,0.2574716810000002,0.2807500059999999,0.28749999399999915,0.2759999929999992,0.2770000100000001,1196436000.0,2.0909090452892576,0
2008-08-12,0.2538033429999995,0.27674999799999966,0.28374999799999934,0.27274998999999944,0.2829999920000006,1410868000.0,-1.4247579392749898,0
2008-08-13,0.28108671300000054,0.30649998800000056,0.3109999899999991,0.29150000199999937,0.29875001299999937,2095260000.0,10.749770628724642,0
2008-08-14,0.2980526690000005,0.3249999880000001,0.33724999400000044,0.30425000199999985,0.30425000199999985,1635304000.0,6.035889306462239,0
2008-08-15,0.2971356509999996,0.3240000009999999,0.3345000149999997,0.3217499850000003,0.3307499889999992,777652000.0,-0.3076883190531232,0
2008-08-18,0.3030967120000003,0.3305000069999995,0.33349999800000063,0.32275000199999937,0.32624998700000063,893968000.0,2.006174685166129,0
2008-08-19,0.3076820369999993,0.33550000199999985,0.33750000600000085,0.3237499889999995,0.3237499889999995,1014140000.0,1.5128577591830616,0
2008-08-20,0.32281395799999935,0.35199999800000015,0.3529999850000003,0.3379999999999992,0.3404999970000002,1143692000.0,4.918031565317227,0
2008-08-21,0.312267512,0.3404999970000002,0.34850001300000066,0.33349999800000063,0.3457500039999992,1021560000.0,-3.2670457571991163,0
2008-08-22,0.31203824299999994,0.3402499849999998,0.3470000029999998,0.3330000040000005,0.34299999499999956,459264000.0,-0.07342496393620834,0
2008-08-25,0.3074528280000006,0.33524998999999944,0.34624999799999934,0.3342500029999993,0.3382500109999995,471600000.0,-1.4695063101913042,0
2008-08-26,0.30011606200000074,0.3272500039999997,0.33724999400000044,0.3237499889999995,0.33700001200000074,613112000.0,-2.386274791536913,0
2008-08-27,0.3024089340000007,0.32975000100000074,0.33375000999999926,0.3167499899999999,0.319750011,454620000.0,0.7639410143444936,0
2008-08-28,0.30126255799999946,0.32850000300000026,0.33375000999999926,0.3252500000000005,0.33024999500000085,365192000.0,-0.3790744491915965,0
2008-08-29,0.2897988859999998,0.3160000150000002,0.3249999880000001,0.31499999799999934,0.3240000009999999,516004000.0,-3.8051713503332807,0
2008-09-02,0.28246217999999956,0.30799999799999966,0.3240000009999999,0.30375000799999974,0.32124999200000026,693928000.0,-2.531650829193799,0
2008-09-03,0.2673303479999998,0.29150000199999937,0.3050000070000003,0.2887499929999997,0.30375000799999974,714856000.0,-5.3571415932281985,0
2008-09-04,0.2636618909999999,0.28749999399999915,0.29124999000000074,0.28575000200000034,0.2882499989999996,716128000.0,-1.3722154279779408,0
2008-09-05,0.26755964800000065,0.2917500139999998,0.2924999889999995,0.2847500150000002,0.2849999959999998,791100000.0,1.478267856937765,0
2008-09-08,0.25655448400000047,0.2797499900000009,0.2944999930000005,0.27500000600000085,0.2944999930000005,1314840000.0,-4.113118568693541,0
2008-09-09,0.24784222199999917,0.2702499930000002,0.2957499919999993,0.26925000499999996,0.27875000200000066,1098296000.0,-3.395888235777944,0
2008-09-10,0.24807153599999943,0.2705000040000005,0.2790000139999993,0.2687500119999999,0.2734999949999999,644284000.0,0.09251101072182966,0
2008-09-11,0.23614942999999933,0.2574999929999997,0.2630000110000008,0.2489999980000004,0.25499999500000037,1066976000.0,-4.805918967749823,0
2008-09-12,0.23362743899999927,0.25475001300000066,0.2569999989999996,0.24025000600000013,0.2552500070000008,1209200000.0,-1.0679534270899849,0
2008-09-15,0.2132223100000008,0.2325000020000001,0.24950000599999989,0.22949999599999948,0.2457499950000006,863984000.0,-8.734056865386686,0
2008-09-16,0.21987119299999947,0.23974999800000063,0.24150000500000068,0.21999999900000056,0.22425000399999995,1240840000.0,3.118277822638471,0
2008-09-17,0.22927132200000067,0.25,0.2554999890000005,0.23199999300000052,0.23424999400000068,1392580000.0,4.275287626905433,0
2008-09-18,0.24967637700000012,0.2722499969999994,0.2854999899999999,0.25249999799999934,0.25299999099999937,1611060000.0,8.89999880000001,0
2008-09-19,0.26159855699999923,0.2852500080000002,0.28749999399999915,0.27250000799999974,0.2852500080000002,1107344000.0,4.775027049862546,0
2008-09-22,0.25609600499999985,0.2792499960000008,0.29124999000000074,0.2777499849999998,0.2829999920000006,700072000.0,-2.1034222021827254,0
2008-09-23,0.2487594039999994,0.27125000999999926,0.28725001199999944,0.2702499930000002,0.2770000100000001,821468000.0,-2.8648115003016894,0
2008-09-24,0.25793007000000046,0.28125,0.2867499890000005,0.2662500140000006,0.26774999500000085,866036000.0,3.6866321221518117,0
2008-09-25,0.2629741429999992,0.2867499890000005,0.29350000600000037,0.27649998699999934,0.28125,588328000.0,1.955551644444431,0
2008-09-26,0.2680181259999994,0.2922500069999998,0.2942500110000008,0.27450001200000074,0.2797499900000009,646852000.0,1.9180534301607155,0
2008-09-29,0.231564015,0.25249999799999934,0.28799998799999926,0.25,0.2845000029999998,975240000.0,-13.601371444962862,0
2008-09-30,0.24554966400000033,0.26774999500000085,0.2702499930000002,0.2537499959999998,0.25650000599999956,659044000.0,6.039602820115664,0
2008-10-01,0.2386714370000007,0.26025000199999937,0.2684999999999995,0.2554999890000005,0.26374998700000063,557208000.0,-2.8011178861086616,0
2008-10-02,0.21391011799999937,0.23325000700000054,0.26199999500000004,0.23199999300000052,0.26199999500000004,787728000.0,-10.37463776849461,0
2008-10-03,0.20703198,0.2257499989999996,0.24375000600000085,0.22425000399999995,0.23700000300000035,915828000.0,-3.2154374169000577,0
2008-10-06,0.17997796799999932,0.19625000699999973,0.21549999700000022,0.18275000200000058,0.2150000040000002,1677440000.0,-13.067549116578292,0
2008-10-07,0.16599239399999988,0.18099999400000044,0.20374999899999935,0.1794999990000008,0.20325000599999932,1059984000.0,-7.770706983974785,0
2008-10-08,0.1694314779999999,0.1847500059999998,0.1955000009999992,0.1727499960000003,0.17450000300000035,1219456000.0,2.0718299029335974,0
2008-10-09,0.15865570300000087,0.17299999299999946,0.1942500030000005,0.1710000039999997,0.19149999300000076,909636000.0,-6.3599527027890845,0
2008-10-10,0.15613375599999912,0.17024999899999926,0.1832499950000006,0.15700000500000044,0.15800000700000005,1200252000.0,-1.589591971833193,0
2008-10-13,0.18456339799999988,0.2012500020000001,0.20149999899999926,0.18250000499999963,0.1847500059999998,916536000.0,18.20851875599716,0
2008-10-14,0.18043655199999975,0.19674999999999976,0.20999999300000027,0.1912499959999998,0.2087499949999998,1209012000.0,-2.2360258162879454,0
2008-10-15,0.16094849999999994,0.17550000499999996,0.1965000030000006,0.17550000499999996,0.1955000009999992,854064000.0,-10.800505717916142,0
2008-10-16,0.176538914,0.19249999500000037,0.19349999699999998,0.17249999899999935,0.1807499969999995,1019820000.0,9.68660371263239,0
2008-10-17,0.1753925229999993,0.1912499959999998,0.2022500039999997,0.18350000699999924,0.18700000599999989,839416000.0,-0.6493501467363716,0
2008-10-20,0.17883162200000058,0.1949999929999997,0.19924999800000087,0.1902499940000002,0.19775000199999937,595764000.0,1.960782786107873,0
2008-10-21,0.16507533200000069,0.1800000070000003,0.1932500000000008,0.17900000500000068,0.1912499959999998,659116000.0,-7.692300788954398,0
2008-10-22,0.1588850019999999,0.17325000499999987,0.18500000200000066,0.16850000600000037,0.1774999949999998,600996000.0,-3.7500009652777333,0
2008-10-23,0.1499434260000001,0.16349999600000054,0.17700000099999968,0.15649999699999917,0.1727499960000003,832192000.0,-5.627710660094931,0
2008-10-24,0.15154835599999927,0.1652500030000006,0.1737499979999999,0.1492500010000004,0.15000000600000085,798336000.0,1.070340698968586,0
2008-10-27,0.15980207900000032,0.17425000699999948,0.1844999939999994,0.1589999940000002,0.1642500009999992,698936000.0,5.4462958164061215,0
2008-10-28,0.18387554599999945,0.20049999699999965,0.20074999300000052,0.18025000399999946,0.18350000699999924,849920000.0,15.064556066273216,0
2008-10-29,0.1898366659999997,0.20700000199999913,0.21999999900000056,0.19824999599999948,0.19924999800000087,977284000.0,3.2418978041181656,0
2008-10-30,0.19786113500000013,0.2157499939999994,0.21999999900000056,0.20250000100000065,0.21875,657176000.0,4.227049234521263,0
2008-10-31,0.20084166500000045,0.21899999699999917,0.22325000200000034,0.20849999800000063,0.20900000600000013,608672000.0,1.5063745494240832,0
2008-11-03,0.19350500400000037,0.21099999499999988,0.2277500030000006,0.20749999599999924,0.22374999500000037,723924000.0,-3.652968999812367,0
2008-11-04,0.20588563399999948,0.2245000000000008,0.2245000000000008,0.21250000600000085,0.21825000599999989,619560000.0,6.398106786684998,0
2008-11-05,0.19510985900000044,0.21275000300000002,0.2224999959999998,0.21275000300000002,0.21625000200000066,787620000.0,-5.23385167037862,0
2008-11-06,0.17470477500000037,0.1905000060000006,0.2077499930000002,0.18999999799999934,0.20025000000000048,797936000.0,-10.458282813749243,0
2008-11-07,0.19992460299999948,0.21799999499999956,0.2267500009999992,0.20250000100000065,0.21699999299999995,1132068000.0,14.435689309112142,0
2008-11-10,0.18708537500000055,0.2039999960000003,0.22750000699999973,0.19924999800000087,0.2262499929999997,576396000.0,-6.4220180372022595,0
2008-11-11,0.17883162200000058,0.1949999929999997,0.20250000100000065,0.19300000399999995,0.20100000499999915,576484000.0,-4.411766262975803,0
2008-11-12,0.16828517599999948,0.18350000699999924,0.19349999699999998,0.18125000600000085,0.18899999599999973,646092000.0,-5.897428929651305,0
2008-11-13,0.1820414509999999,0.1985000069999998,0.19875000400000076,0.17149999699999974,0.17499999700000046,797228000.0,8.174386609151462,0
2008-11-14,0.16438752400000034,0.17925000199999985,0.19149999300000076,0.1784999969999994,0.1905000060000006,741024000.0,-9.697735174387178,0
2008-11-17,0.16094849999999994,0.17550000499999996,0.18224999299999922,0.1737499979999999,0.1774999949999998,388224000.0,-2.0920485122226107,0
2008-11-18,0.15567521800000073,0.16975000499999915,0.1800000070000003,0.16400000500000012,0.17900000500000068,564488000.0,-3.2763531830098724,0
2008-11-19,0.1428360340000001,0.15575000599999989,0.17249999899999935,0.15500000099999944,0.16824999500000004,500220000.0,-8.247421848382274,0
2008-11-20,0.13527005899999978,0.14749999300000027,0.16224999699999998,0.14575000099999968,0.15449999299999995,847036000.0,-5.296958383423755,0
2008-11-21,0.14627508799999944,0.15950000299999978,0.15950000299999978,0.14374999700000046,0.15225000699999924,599064000.0,8.135600386096286,0
2008-11-24,0.15590447199999957,0.1700000020000001,0.17200000599999932,0.1599999959999998,0.16924999699999965,600308000.0,6.583071349534708,0
2008-11-25,0.1602605730000004,0.17474999999999952,0.1780000029999993,0.16975000499999915,0.1774999949999998,528256000.0,2.794116437716254,0
2008-11-26,0.17447544600000064,0.1902499940000002,0.19075000299999978,0.17075000700000054,0.17174999400000068,600792000.0,8.86981058655223,0
2008-11-28,0.17126564700000024,0.18674999499999956,0.18999999799999934,0.18424999700000022,0.18725000300000083,175248000.0,-1.8396841578875445,0
2008-12-01,0.156592324,0.17075000700000054,0.18099999400000044,0.17049999500000013,0.17925000199999985,547112000.0,-8.567597552010643,0
2008-12-02,0.16530461600000024,0.18025000399999946,0.18250000499999963,0.17174999400000068,0.17399999500000085,479988000.0,5.563687619643831,0
2008-12-03,0.17378763900000038,0.18950000399999922,0.18975000100000017,0.17174999400000068,0.17325000499999987,584632000.0,5.1317613285600805,0
2008-12-04,0.16232405599999922,0.17700000099999968,0.1949999929999997,0.1727499960000003,0.18574999299999995,466292000.0,-6.5963075124790045,0
2008-12-05,0.1687436550000001,0.18399999999999928,0.1847500059999998,0.16850000600000037,0.17149999699999974,438484000.0,3.9548016725717394,0
2008-12-08,0.16324119299999929,0.1780000029999993,0.1912499959999998,0.1737499979999999,0.1875,707992000.0,-3.2608679347826075,0
2008-12-09,0.1790609209999996,0.19525000500000012,0.2022500039999997,0.1737499979999999,0.17575000199999913,829760000.0,9.691012196218907,0
2008-12-10,0.1960269659999998,0.21375000499999963,0.21875,0.19574999800000015,0.19900000099999993,961124000.0,9.475031767604825,0
2008-12-11,0.18777316799999966,0.20475000100000074,0.21999999900000056,0.2022500039999997,0.21250000600000085,582700000.0,-4.210528088642618,0
2008-12-12,0.19717325300000077,0.2150000040000002,0.21625000200000066,0.19474999600000054,0.19875000400000076,679268000.0,5.006106446856617,0
2008-12-15,0.1907536830000005,0.20800000400000052,0.21750000099999944,0.2012500020000001,0.21625000200000066,476996000.0,-3.2558138929150937,0
2008-12-16,0.20359288200000059,0.22200000299999978,0.2224999959999998,0.20800000400000052,0.20999999300000027,521940000.0,6.730768620562144,0
2008-12-17,0.21368077400000018,0.23299999500000013,0.2362499979999999,0.2150000040000002,0.21799999499999956,674180000.0,4.954951284392539,0
2008-12-18,0.19396351299999992,0.21150000399999946,0.23225000499999915,0.2087499949999998,0.23150000000000048,550808000.0,-9.22746414651211,0
2008-12-19,0.195339143,0.2129999999999992,0.2224999959999998,0.21224999400000044,0.21424999799999966,593120000.0,0.7092179534899712,0
2008-12-22,0.18387554599999945,0.20049999699999965,0.21674999600000078,0.19275000700000078,0.21625000200000066,522464000.0,-5.8685460093896635,0
2008-12-23,0.18135356900000055,0.19775000199999937,0.20599999999999952,0.19474999600000054,0.20174999500000013,377452000.0,-1.3715685990758453,0
2008-12-24,0.17699740800000008,0.19300000399999995,0.1985000069999998,0.18899999599999973,0.19374999399999915,146616000.0,-2.402021720333536,0
2008-12-26,0.1721827539999996,0.18774999699999917,0.1955000009999992,0.18250000499999963,0.19300000399999995,226156000.0,-2.7202108244515855,0
2008-12-29,0.17768527600000006,0.19374999399999915,0.19374999399999915,0.1780000029999993,0.1902499940000002,460168000.0,3.195737467841342,0
2008-12-30,0.18387554599999945,0.20049999699999965,0.20350000300000026,0.1917500049999994,0.19625000699999973,409860000.0,3.483872624016704,0
2008-12-31,0.1850219820000003,0.20174999500000013,0.20675000499999996,0.1944999989999996,0.19799999900000032,441580000.0,0.6234404083307554,0
2009-01-02,0.19969530400000046,0.2177499980000004,0.21924999400000011,0.20100000499999915,0.20174999500000013,497124000.0,7.930608870647071,0
2009-01-05,0.20336364199999934,0.2217500060000006,0.2267500009999992,0.21375000499999963,0.21524999999999928,705736000.0,1.8369726919584162,0
2009-01-06,0.2102417800000005,0.22924999900000032,0.23575000499999987,0.22325000200000034,0.2282499970000007,657904000.0,3.382183899467406,0
2009-01-07,0.19763186600000004,0.21549999700000022,0.22400000700000078,0.2077499930000002,0.22400000700000078,870096000.0,-5.997819873491039,0
2009-01-08,0.19258788199999977,0.20999999300000027,0.21275000300000002,0.1969999970000007,0.21275000300000002,1014496000.0,-2.5522060680121528,0
2009-01-09,0.1818121080000008,0.19824999599999948,0.20999999300000027,0.19775000199999937,0.20999999300000027,761352000.0,-5.595236853174557,0
2009-01-12,0.17447544600000064,0.1902499940000002,0.19924999800000087,0.1875,0.19824999599999948,645532000.0,-4.035310043587592,0
2009-01-13,0.1753925229999993,0.1912499959999998,0.1985000069999998,0.18025000399999946,0.1837500040000002,1824424000.0,0.5256252465374534,0
2009-01-14,0.16759730899999958,0.18275000200000058,0.18674999499999956,0.1800000070000003,0.1844999939999994,974908000.0,-4.444441400145182,0
2009-01-15,0.17355838399999968,0.18925000700000005,0.19224999799999942,0.1800000070000003,0.1837500040000002,998204000.0,3.5567742428807225,0
2009-01-16,0.18318775300000034,0.19975000600000037,0.20149999899999926,0.18825000500000044,0.1944999989999996,831324000.0,5.548215911030319,0
2009-01-20,0.16530461600000024,0.18025000399999946,0.20000000299999954,0.17874999300000027,0.19924999800000087,705788000.0,-9.762203461460729,0
2009-01-21,0.17332913000000083,0.18899999599999973,0.1902499940000002,0.17700000099999968,0.1837500040000002,648472000.0,4.854364386033527,0
2009-01-22,0.17011933000000035,0.18549999600000078,0.1905000060000006,0.17874999300000027,0.18299999799999966,547656000.0,-1.851851891044487,0
2009-01-23,0.17676818400000016,0.19275000700000078,0.1985000069999998,0.1800000070000003,0.18025000399999946,633616000.0,3.908361809344729,0
2009-01-26,0.18272921400000008,0.19924999800000087,0.2049999979999999,0.1905000060000006,0.19374999399999915,581748000.0,3.3722390474413944,0
2009-01-27,0.19350500400000037,0.21099999499999988,0.21250000600000085,0.20174999500000013,0.20250000100000065,725300000.0,5.8971127317150485,0
2009-01-28,0.20152950299999972,0.2197500019999996,0.22325000200000034,0.21150000399999946,0.21850000300000083,723752000.0,4.14692284708349,0
2009-01-29,0.1898366659999997,0.20700000199999913,0.2150000040000002,0.20599999999999952,0.21250000600000085,413128000.0,-5.80204772876407,0
2009-01-30,0.18227072100000008,0.19875000400000076,0.21099999499999988,0.19625000699999973,0.20550000699999948,506760000.0,-3.985506241685921,0
2009-02-02,0.1921293439999996,0.20950000000000024,0.2117500010000004,0.19474999600000054,0.19574999800000015,577992000.0,5.408802910011512,0
2009-02-03,0.19442203600000063,0.2119999969999995,0.21375000499999963,0.20424999299999946,0.20999999300000027,396948000.0,1.1933159904534696,0
2009-02-04,0.19992460299999948,0.21799999499999956,0.2287500050000002,0.21250000600000085,0.21250000600000085,779232000.0,2.830187775898896,0
2009-02-05,0.21459798499999927,0.23399999699999974,0.23649999500000085,0.20999999300000027,0.21224999400000044,919192000.0,7.3394506270516136,0
2009-02-06,0.22629074800000026,0.24674999700000022,0.24824999299999995,0.23074999500000004,0.23475000300000026,1157880000.0,5.4487180185733175,0
2009-02-09,0.22331021699999987,0.24349999400000044,0.24924999499999956,0.23675000699999948,0.2457499950000006,716128000.0,-1.3171238255374695,0
2009-02-10,0.21368077400000018,0.23299999500000013,0.24649999999999928,0.22849999399999987,0.2432499969999995,1129664000.0,-4.312114685308788,0
2009-02-11,0.18685610600000047,0.20374999899999935,0.22225000000000072,0.1965000030000006,0.2144999950000006,1983400000.0,-12.553646621322889,0
2009-02-12,0.1907536830000005,0.20800000400000052,0.2092500029999993,0.1965000030000006,0.19924999800000087,1024020000.0,2.0858920347773813,0
2009-02-13,0.19052444399999935,0.2077499930000002,0.21025000500000068,0.20174999500000013,0.20325000599999932,764304000.0,-0.12019759384235273,0
2009-02-17,0.17951938500000075,0.19574999800000015,0.20475000100000074,0.1949999929999997,0.20000000299999954,779576000.0,-5.7761710730839795,0
2009-02-18,0.18433411400000033,0.20100000499999915,0.20749999599999924,0.1955000009999992,0.19574999800000015,646252000.0,2.6819959405567806,0
2009-02-19,0.17011933000000035,0.18549999600000078,0.20675000499999996,0.18549999600000078,0.2049999979999999,743988000.0,-7.711447071854549,0
2009-02-20,0.17447544600000064,0.1902499940000002,0.1932500000000008,0.18125000600000085,0.18299999799999966,770056000.0,2.5606458773185015,0
2009-02-23,0.1664510220000004,0.18150000300000002,0.1944999989999996,0.18025000399999946,0.19349999699999998,679548000.0,-4.599206978161597,0
2009-02-24,0.18135356900000055,0.19775000199999937,0.19799999900000032,0.18224999299999922,0.18250000499999963,659524000.0,8.953167345126722,0
2009-02-25,0.1834170369999999,0.20000000299999954,0.20599999999999952,0.1905000060000006,0.19724999399999987,702360000.0,1.1378007470260298,0
2009-02-26,0.18937812699999945,0.20649999399999963,0.21349999299999922,0.2039999960000003,0.20700000199999913,1117556000.0,3.249995451250065,0
2009-02-27,0.1898366659999997,0.20700000199999913,0.2117500010000004,0.19975000600000037,0.2012500020000001,755444000.0,0.24213463173272665,0
2009-03-02,0.17378763900000038,0.18950000399999922,0.20624999700000046,0.18874999900000056,0.20200000700000054,700064000.0,-8.45410523232748,0
2009-03-03,0.18066577599999967,0.1969999970000007,0.20450000499999987,0.18674999499999956,0.19300000399999995,1041372000.0,3.957779863688038,0
2009-03-04,0.19396351299999992,0.21150000399999946,0.21750000099999944,0.20049999699999965,0.2022500039999997,1108668000.0,7.360409756757491,0
2009-03-05,0.18937812699999945,0.20649999399999963,0.21699999299999995,0.20550000699999948,0.20849999800000063,955252000.0,-2.3640708772752594,0
2009-03-06,0.1923585980000002,0.2097499969999994,0.21725000400000027,0.20374999899999935,0.20649999399999963,974756000.0,1.5738513774484764,0
2009-03-09,0.19029520499999997,0.20749999599999924,0.22400000700000078,0.20700000199999913,0.20825000099999968,682768000.0,-1.0727060940077138,0
2009-03-10,0.2074905040000008,0.2262499929999997,0.23025000099999993,0.2129999999999992,0.2150000040000002,1254800000.0,9.036143306720845,0
2009-03-11,0.2132223100000008,0.2325000020000001,0.2962499859999994,0.2224999959999998,0.2262499929999997,864916000.0,2.7624350025946764,0
2009-03-12,0.22583214900000037,0.2462500040000002,0.24875000099999944,0.2287500050000002,0.23174999699999965,1604604000.0,5.913979303965755,0
2009-03-13,0.2246858920000001,0.24500000499999963,0.24850000400000027,0.23874999599999924,0.24275000399999946,1195156000.0,-0.5076137988610951,0
2009-03-16,0.2159735559999998,0.23549999299999946,0.24774999899999983,0.2335000039999997,0.24750000200000066,699344000.0,-3.8775558392335596,0
2009-03-17,0.2267493009999999,0.2472500059999998,0.24774999899999983,0.23325000700000054,0.2362499979999999,1005384000.0,4.989389957221779,0
2009-03-18,0.2338566929999999,0.25499999500000037,0.26225000600000037,0.2432499969999995,0.24349999400000044,1359560000.0,3.1344747469894907,0
2009-03-19,0.2311054919999993,0.2520000039999992,0.25674998799999926,0.2502500120000004,0.25674998799999926,822648000.0,-1.176467081891508,0
2009-03-20,0.21849557800000063,0.23825000199999913,0.25600001199999944,0.23174999699999965,0.2557500000000008,1093672000.0,-5.4563499133912785,0
2009-03-23,0.23431526100000077,0.2554999890000005,0.25600001199999944,0.24025000600000013,0.2457499950000006,816048000.0,7.240288291791908,0
2009-03-24,0.22422732399999923,0.24449999600000005,0.2515000100000009,0.2432499969999995,0.24924999499999956,1114868000.0,-4.305281202967093,0
2009-03-25,0.2278956619999999,0.24850000400000027,0.25999999000000074,0.2389999930000002,0.2520000039999992,1243852000.0,1.6359951187892907,0
2009-03-26,0.24211044599999987,0.26399999899999926,0.2644999919999993,0.24975000300000083,0.25249999799999934,1333664000.0,6.2374224348100915,0
2009-03-27,0.2398177980000007,0.2615000009999999,0.26774999500000085,0.2574999929999997,0.2612499889999995,731892000.0,-0.9469689429809414,0
2009-03-30,0.22445654899999923,0.24474999299999922,0.25475001300000066,0.24124999300000027,0.2515000099999991,780052000.0,-6.405356763268233,0
2009-03-31,0.22606152300000026,0.24649999999999928,0.25249999799999934,0.24474999299999922,0.24850000400000027,805272000.0,0.7150182022681362,0
2009-04-01,0.23179324,0.25275000899999966,0.25499999500000037,0.23424999400000068,0.24349999400000044,887920000.0,2.535500608519281,0
2009-04-02,0.24256901400000075,0.2644999919999993,0.26925000499999996,0.25850001000000056,0.26225000600000037,1002860000.0,4.6488556208122755,0
2009-04-03,0.25953513400000006,0.2829999920000006,0.28374999799999934,0.26025000199999937,0.2647500039999997,1003208000.0,6.994329134043964,0
2009-04-06,0.2602229119999997,0.28374999799999934,0.28624999500000037,0.27450001200000074,0.27825000900000063,887288000.0,0.2650197954775946,0
2009-04-07,0.25128129099999974,0.273999989,0.28125,0.2722499969999994,0.27825000900000063,607804000.0,-3.436126544043183,0
2009-04-08,0.26159855699999923,0.2852500080000002,0.28600001300000066,0.27474999400000044,0.2770000100000001,731652000.0,4.105846515198208,0
2009-04-09,0.27604264,0.3009999990000001,0.3019999860000002,0.2902500030000006,0.2924999889999995,904412000.0,5.521469082658181,0
2009-04-13,0.2671011389999993,0.29124999000000074,0.2975000140000006,0.2847500150000002,0.29725000300000026,767628000.0,-3.239205658602018,0
2009-04-14,0.2687060240000001,0.29300001300000034,0.3000000119999999,0.28600001300000066,0.28725001199999944,711960000.0,0.6008662867250214,0
2009-04-15,0.26114004899999976,0.2847500150000002,0.28600001300000066,0.27274998999999944,0.2827500099999991,1045368000.0,-2.8156988511805925,0
2009-04-16,0.2677888569999993,0.2919999959999995,0.2955000099999996,0.2790000139999993,0.28999999200000026,1038772000.0,2.5460862574493426,0
2009-04-17,0.2696230409999991,0.2940000000000005,0.29675000900000015,0.2849999959999998,0.2919999959999995,695764000.0,0.6849328860949688,0
2009-04-20,0.2533447150000008,0.27625000499999963,0.2852500080000002,0.27474999400000044,0.2827500099999991,590660000.0,-6.037413265306113,0
2009-04-21,0.25265693699999936,0.2754999999999992,0.2870000000000008,0.2684999999999995,0.27250000799999974,932184000.0,-0.2714950177104991,0
2009-04-22,0.2602229119999997,0.28374999799999934,0.29524999899999926,0.2684999999999995,0.27300000199999985,916404000.0,2.9945546279491753,0
2009-04-23,0.25609600499999985,0.2792499960000008,0.2890000050000001,0.2705000040000005,0.2865000070000008,753952000.0,-1.5859037997244307,0
2009-04-24,0.2620570959999995,0.28575000200000034,0.28775000599999956,0.27524998800000056,0.28200000500000044,759508000.0,2.3276655660184886,0
2009-04-27,0.25265693699999936,0.2754999999999992,0.28999999200000026,0.2737500070000003,0.28200000500000044,787024000.0,-3.587052293353954,0
2009-04-28,0.2533447150000008,0.27625000499999963,0.28200000500000044,0.26949998699999966,0.2720000149999997,634392000.0,0.2722341197822109,0
2009-04-29,0.24944713700000065,0.2720000149999997,0.27875000200000066,0.2687500119999999,0.2775000040000002,859668000.0,-1.538457890706657,0
2009-04-30,0.26320350199999965,0.2870000000000008,0.29499998700000063,0.27500000600000085,0.2772499919999998,1110276000.0,5.514700063527567,0
2009-05-01,0.26755964800000065,0.2917500139999998,0.29850000100000074,0.28600001300000066,0.28624999500000037,840548000.0,1.6550571428571415,0
2009-05-04,0.28200373099999965,0.30750000499999963,0.30974999100000034,0.2927500009999999,0.29675000900000015,927704000.0,5.398454239662875,0
2009-05-05,0.27054011799999955,0.29499998700000063,0.30274999100000066,0.2887499929999997,0.30074998699999966,837076000.0,-4.065046437966724,0
2009-05-06,0.2650376560000005,0.2890000050000001,0.3009999990000001,0.2832500039999992,0.2982499900000004,935088000.0,-2.0338922930189907,0
2009-05-07,0.24600805300000061,0.2682499889999992,0.2955000099999996,0.2644999919999993,0.2955000099999996,1289196000.0,-7.179936207959569,0
2009-05-08,0.21207599299999913,0.23125000299999954,0.2624999880000001,0.2277500030000006,0.2624999880000001,2930564000.0,-13.793098794870783,0
2009-05-11,0.21620287000000005,0.23575000499999987,0.24150000500000068,0.2255000030000005,0.22750000699999973,1038596000.0,1.9459467855660995,0
2009-05-12,0.20588563399999948,0.2245000000000008,0.2409999969999994,0.21999999900000056,0.2409999969999994,1201384000.0,-4.77200626146328,0
2009-05-13,0.19258788199999977,0.20999999300000027,0.22425000399999995,0.20825000099999968,0.2230000049999994,1305608000.0,-6.458800445434298,0
2009-05-14,0.195339143,0.2129999999999992,0.21750000099999944,0.20825000099999968,0.2097499969999994,1017864000.0,1.4285748095239192,0
2009-05-15,0.20038309699999957,0.21850000300000083,0.22599999600000054,0.2119999969999995,0.2144999950000006,780308000.0,2.582161032863861,0
2009-05-18,0.21253450200000046,0.23174999699999965,0.23325000700000054,0.22349999799999942,0.22400000700000078,938320000.0,6.064070397289667,0
2009-05-19,0.21666134900000067,0.2362499979999999,0.2389999930000002,0.22949999599999948,0.23325000700000054,859768000.0,1.9417480294508849,0
2009-05-20,0.22308097800000048,0.2432499969999995,0.25624999399999915,0.23950000099999968,0.2405000029999993,1309436000.0,2.9629625647658253,0
2009-05-21,0.2217053920000005,0.24175000199999985,0.24500000499999963,0.23499999899999935,0.24025000600000013,965600000.0,-0.6166474896194929,0
2009-05-22,0.22514441599999913,0.24549999799999966,0.2489999980000004,0.23724999999999952,0.24175000199999985,718260000.0,1.551187577653046,0
2009-05-26,0.23729574699999922,0.25874999200000026,0.2607499959999995,0.24075000000000024,0.2432499969999995,865540000.0,5.397146276147824,0
2009-05-27,0.23775425600000055,0.2592499850000003,0.2669999900000004,0.25499999500000037,0.2574999929999997,814152000.0,0.19323401563622333,0
2009-05-28,0.2409641150000006,0.2627500000000005,0.2649999859999994,0.2515000099999991,0.2632499930000005,995288000.0,1.350054080041696,0
2009-05-29,0.23913004999999998,0.2607499959999995,0.26350000499999915,0.2517499920000006,0.2630000110000008,834232000.0,-0.7611813510941978,0
2009-06-01,0.2508228419999998,0.2734999949999999,0.27500000600000085,0.2627500000000005,0.26374998700000063,1022764000.0,4.889740822853161,0
2009-06-02,0.2487594039999994,0.27125000999999926,0.2795000079999994,0.2662500140000006,0.2734999949999999,907984000.0,-0.8226636347836158,0
2009-06-03,0.2409641150000006,0.2627500000000005,0.2687500119999999,0.25624999399999915,0.26774999500000085,735688000.0,-3.1336441241052837,0
2009-06-04,0.24967637700000012,0.2722499969999994,0.27274998999999944,0.2632499930000005,0.26350000499999915,673180000.0,3.615603044719329,0
2009-06-05,0.24830074599999996,0.2707499860000002,0.2772499919999998,0.26750001299999937,0.2772499919999998,559992000.0,-0.5509682338031507,0
2009-06-08,0.24692520500000015,0.26925000499999996,0.27300000199999985,0.2624999880000001,0.2687500119999999,473948000.0,-0.5540096316016041,0
2009-06-09,0.26045212100000015,0.28400000899999966,0.2870000000000008,0.27099999800000063,0.27300000199999985,725032000.0,5.478181513868496,0
2009-06-10,0.2687060240000001,0.29300001300000034,0.29475000499999915,0.2792499960000008,0.2854999899999999,833320000.0,3.169015392531205,0
2009-06-11,0.2652668949999999,0.28924998599999974,0.3050000070000003,0.28749999399999915,0.2937499880000001,835156000.0,-1.2798726394595672,0
2009-06-12,0.2638911900000007,0.28775000599999956,0.2887499929999997,0.27849999100000034,0.2849999959999998,595000000.0,-0.5185756517201767,0
2009-06-15,0.25953513400000006,0.2829999920000006,0.28624999500000037,0.2779999970000002,0.28249999900000056,445164000.0,-1.6507433191851995,0
2009-06-16,0.2524276669999992,0.27524998800000056,0.2865000070000008,0.27125000999999926,0.2829999920000006,594912000.0,-2.7385173919015404,0
2009-06-17,0.2586180270000007,0.28200000500000044,0.2847500150000002,0.2687500119999999,0.2795000079999994,799016000.0,2.4523223594109744,0
2009-06-18,0.2535740139999998,0.27649998699999934,0.28624999500000037,0.2734999949999999,0.2809999879999996,566376000.0,-1.9503609583269355,0
2009-06-19,0.2563253050000007,0.2795000079999994,0.2865000070000008,0.2757500109999995,0.2792499960000008,747564000.0,1.0849986043579785,0
2009-06-22,0.24188132599999967,0.26374998700000063,0.28049999499999956,0.2627500000000005,0.28049999499999956,574864000.0,-5.635069963933592,0
2009-06-23,0.24073491999999952,0.2624999880000001,0.2667500080000007,0.2522499860000007,0.2662500140000006,589764000.0,-0.4739332935019269,0
2009-06-24,0.2487594039999994,0.27125000999999926,0.2775000040000002,0.26574999099999985,0.26574999099999985,515096000.0,3.33334186666705,0
2009-06-25,0.26182788600000073,0.2854999899999999,0.28600001300000066,0.26600000300000026,0.2687500119999999,870444000.0,5.2534486542507475,0
2009-06-26,0.2652668949999999,0.28924998599999974,0.2902500030000006,0.2817499940000001,0.28424999099999937,513956000.0,1.3134837587910342,0
2009-06-29,0.2652668949999999,0.28924998599999974,0.2944999930000005,0.28624999500000037,0.28999999200000026,510056000.0,0.0,0
2009-06-30,0.2588472960000008,0.28224998700000015,0.2922500069999998,0.2770000100000001,0.2882499989999996,589844000.0,-2.4200516296654317,0
2009-07-01,0.2599936130000007,0.2834999860000007,0.28725001199999944,0.27875000200000066,0.28400000899999966,696420000.0,0.44286946238194513,0
2009-07-02,0.24990566099999967,0.27250000799999974,0.2777499849999998,0.2687500119999999,0.2742500010000004,552312000.0,-3.8800629782041574,0
2009-07-06,0.24188132599999967,0.26374998700000063,0.27250000799999974,0.2592499850000003,0.2722499969999994,752456000.0,-3.211016786465559,0
2009-07-07,0.23133470099999975,0.2522499860000007,0.2662500140000006,0.2515000099999991,0.2647500039999997,1072996000.0,-4.360190167516498,0
2009-07-08,0.23179324,0.25275000899999966,0.25450000200000034,0.24275000399999946,0.2537499959999998,1205860000.0,0.19822518444065906,0
2009-07-09,0.23683728299999984,0.25824999800000015,0.2624999880000001,0.25624999399999915,0.2569999989999996,714564000.0,2.1760588740473485,0
2009-07-10,0.23775425600000055,0.2592499850000003,0.2610000069999998,0.25275000899999966,0.25824999800000015,520008000.0,0.38721665353120827,0
2009-07-13,0.24050551700000078,0.26225000600000037,0.2644999919999993,0.24875000099999944,0.2644999919999993,556012000.0,1.1571923523929772,0
2009-07-14,0.24554966400000033,0.26774999500000085,0.2687500119999999,0.2612499889999995,0.2642500099999996,452568000.0,2.0972312198917598,0
2009-07-15,0.25563761599999957,0.27875000200000066,0.28424999099999937,0.27500000600000085,0.2775000040000002,1022808000.0,4.108312681761195,0
2009-07-16,0.2689352629999995,0.29324999500000004,0.2942500110000008,0.28025001299999985,0.2817499940000001,952076000.0,5.201791173440062,0
2009-07-17,0.27673041799999964,0.3017500040000005,0.30274999100000066,0.2902500030000006,0.29324999500000004,850356000.0,2.8985538431126168,0
2009-07-20,0.2801696059999994,0.3055000010000004,0.3087500040000002,0.30024999399999963,0.30425000199999985,782756000.0,1.2427496107009217,0
2009-07-21,0.27443766600000075,0.2992500069999995,0.30599999400000044,0.2922500069999998,0.3047499949999999,941296000.0,-2.0458245432215305,0
2009-07-22,0.281315953,0.3067499999999992,0.30950000900000063,0.29124999000000074,0.29324999500000004,600908000.0,2.5062632663530815,0
2009-07-23,0.2980526690000005,0.3249999880000001,0.32600000499999915,0.30399998999999944,0.3072499929999992,1046120000.0,5.949466340668286,0
2009-07-24,0.2971356509999996,0.3240000009999999,0.3249999880000001,0.3129999940000001,0.31499999799999934,650592000.0,-0.3076883190531232,0
2009-07-27,0.29851117699999996,0.3255000110000008,0.33024999500000085,0.3179999890000005,0.32100001000000056,677484000.0,0.4629660479538167,0
2009-07-28,0.29896974599999915,0.32600000499999915,0.3294999900000004,0.32049998599999974,0.3232499959999995,563180000.0,0.15360798252015417,0
2009-07-29,0.2930086850000002,0.3194999989999996,0.32425001300000034,0.3162499959999998,0.32225000899999934,373972000.0,-1.993866840584868,0
2009-07-30,0.29530137799999956,0.3219999970000007,0.3292500080000007,0.31924998799999926,0.3249999880000001,468444000.0,0.7824719899294896,0
2009-07-31,0.296447873,0.3232499959999995,0.32774999699999974,0.3145000039999992,0.3219999970000007,541560000.0,0.38819845082171955,0
2009-08-03,0.3044722970000002,0.33199998699999966,0.33575001400000026,0.32475000600000037,0.3309999999999995,471900000.0,2.706880466597128,0
2009-08-04,0.3065357209999995,0.3342500029999993,0.3400000040000002,0.3257499930000005,0.32624998700000063,695380000.0,0.6777156891876635,0
2009-08-05,0.3072236180000001,0.33500000799999974,0.33750000600000085,0.32824999099999985,0.3322499990000001,610768000.0,0.22438444076842146,0
2009-08-06,0.3008040489999999,0.32800000900000015,0.3422499899999991,0.32600000499999915,0.3362500070000003,957588000.0,-2.0895518903987664,0
2009-08-07,0.3143309950000006,0.34275001299999985,0.35574999500000004,0.3379999999999992,0.3457500039999992,1401872000.0,4.496952315632408,0
2009-08-10,0.30401375900000005,0.33149999399999963,0.35025000599999956,0.3294999900000004,0.3452500099999991,693312000.0,-3.2822811300666555,0
2009-08-11,0.2969062919999992,0.3237499889999995,0.3342500029999993,0.3219999970000007,0.3292500080000007,481884000.0,-2.3378597708209936,0
2009-08-12,0.3079113959999997,0.33575001400000026,0.33924999799999966,0.3237499889999995,0.3240000009999999,634940000.0,3.706571554508975,0
2009-08-13,0.31708225600000084,0.3457500039999992,0.3470000029999998,0.3322499990000001,0.3382500109999995,564028000.0,2.9784034498953282,0
2009-08-14,0.3076820369999993,0.33550000199999985,0.3457500039999992,0.3309999999999995,0.3452500099999991,427148000.0,-2.9645703200049667,0
2009-08-17,0.2948428389999993,0.3215000030000006,0.32624998700000063,0.3179999890000005,0.3252500000000005,465032000.0,-4.172875981085699,0
2009-08-18,0.3056185540000005,0.3332499860000002,0.33700001200000074,0.32124999200000026,0.3215000030000006,636200000.0,3.654738068540553,0
2009-08-19,0.3021796049999992,0.3294999900000004,0.33149999399999963,0.3249999880000001,0.32824999099999985,552996000.0,-1.1252801673035884,0
2009-08-20,0.3141016959999998,0.34250000099999944,0.3440000120000004,0.3272500039999997,0.32800000900000015,819840000.0,3.9453752335470327,0
2009-08-21,0.3193748299999992,0.34825000200000034,0.34874999500000037,0.3382500109999995,0.3452500099999991,607324000.0,1.678832403857422,0
2009-08-24,0.31043335799999916,0.3384999929999992,0.34999999399999915,0.336499989,0.34624999799999934,461456000.0,-2.79971541823566,0
2009-08-25,0.3131846490000001,0.3415000139999993,0.34499999900000056,0.3345000149999997,0.3402499849999998,444088000.0,0.8862691468356942,0
2009-08-26,0.31685298700000075,0.3454999920000006,0.34624999799999934,0.3395000100000001,0.34075000900000063,434308000.0,1.171296584485626,0
2009-08-27,0.32120904299999964,0.35025000599999956,0.35174998599999974,0.3432500059999999,0.3470000029999998,551072000.0,1.3748231866818728,0
2009-08-28,0.33771654999999967,0.36825001200000074,0.37575000500000044,0.35925000900000015,0.35975000300000026,883992000.0,5.139187920527832,0
2009-08-31,0.3329020440000008,0.36300000499999996,0.3657500149999997,0.3582499919999993,0.3639999930000002,431796000.0,-1.4256637688853657,0
2009-09-01,0.32166764099999945,0.3507499989999996,0.3729999960000008,0.34874999500000037,0.36274999399999963,736856000.0,-3.3746572537926123,0
2009-09-02,0.3262530570000006,0.35574999500000004,0.35925000900000015,0.3492499890000005,0.3512499929999997,404656000.0,1.4255156134725944,0
2009-09-03,0.3340481820000001,0.3642500040000005,0.36474999800000063,0.3547500069999998,0.35574999500000004,534020000.0,2.389320904979919,0
2009-09-04,0.3464289899999997,0.37775000899999966,0.3802500070000008,0.36274999399999963,0.36274999399999963,513048000.0,3.7062470423473215,0
2009-09-08,0.3560583289999997,0.3882499930000005,0.3882499930000005,0.37749999799999934,0.3804999890000005,549712000.0,2.779611846415597,0
2009-09-09,0.36591705700000077,0.398999989,0.39974999400000044,0.3819999989999996,0.3874999880000001,571684000.0,2.7688335335011693,0
2009-09-10,0.3776097889999992,0.4117499890000005,0.41225001199999944,0.3957499860000002,0.40024998800000056,607952000.0,3.1954888099006817,0
2009-09-11,0.37417074999999933,0.4079999920000006,0.41225001199999944,0.40500000099999944,0.41075000200000034,712732000.0,-0.910746108119509,0
2009-09-14,0.3679804210000004,0.40125000499999963,0.40525001299999985,0.39774998999999944,0.4020000100000001,490516000.0,-1.65440861087075,0
2009-09-15,0.3755463359999993,0.4095000029999998,0.41449999800000015,0.40125000499999963,0.40500000099999944,546136000.0,2.0560742422919054,0
2009-09-16,0.36545842900000025,0.3984999949999999,0.40924999099999937,0.39250001299999937,0.4084999860000007,707064000.0,-2.6862046201254874,0
2009-09-17,0.34940955000000073,0.38100001199999944,0.39750000799999974,0.37424999499999956,0.39750000799999974,923096000.0,-4.391463794121253,0
2009-09-18,0.3489508929999996,0.3804999890000005,0.3874999880000001,0.37749999799999934,0.38475000899999934,604740000.0,-0.1312396284124051,0
2009-09-21,0.3473460379999995,0.3787499959999998,0.38525000199999937,0.3727500139999993,0.37599998700000015,588776000.0,-0.4599193299845261,0
2009-09-22,0.34803381599999916,0.37950000200000034,0.38374999200000026,0.3765000099999991,0.38150000599999956,361388000.0,0.19802138822992976,0
2009-09-23,0.3425312940000005,0.3734999900000009,0.38499999000000074,0.3729999960000008,0.38174998799999926,478936000.0,-1.581030821707352,0
2009-09-24,0.3379458789999994,0.36849999400000044,0.37975001300000066,0.3672499949999999,0.37975001300000066,552876000.0,-1.3386870505672555,0
2009-09-25,0.3324432969999993,0.3625000119999999,0.36825001200000074,0.35975000300000026,0.36649998999999944,377556000.0,-1.6282176655883496,0
2009-09-28,0.3400093910000006,0.3707500100000001,0.37999999500000037,0.3637500110000005,0.3637500110000005,467708000.0,2.275861441902527,0
2009-09-29,0.33381897199999955,0.3639999930000002,0.37749999799999934,0.36324998699999966,0.3729999960000008,470928000.0,-1.8206383864966091,0
2009-09-30,0.34459471699999966,0.37575000500000044,0.3802500070000008,0.36324998699999966,0.3714999849999998,875956000.0,3.2280253368026868,0
2009-10-01,0.3200626970000009,0.3490000070000008,0.3745000059999999,0.34874999500000037,0.3745000059999999,999960000.0,-7.119094516046642,0
2009-10-02,0.3175407650000004,0.34624999799999934,0.35374999000000074,0.3434999879999996,0.3454999920000006,612476000.0,-0.7879681790378901,0
2009-10-05,0.3159358500000007,0.34450000500000044,0.3512499929999997,0.3384999929999992,0.34999999399999915,754276000.0,-0.5054131437135845,0
2009-10-06,0.32120904299999964,0.35025000599999956,0.3562499880000001,0.34624999799999934,0.34874999500000037,761272000.0,1.6690858974007794,0
2009-10-07,0.3186870810000002,0.3474999959999998,0.3515000050000001,0.34375,0.3477500080000002,459608000.0,-0.7851563034662834,0
2009-10-08,0.32075065399999936,0.34975001199999944,0.35049998799999926,0.33724999400000044,0.3495000000000008,1241524000.0,0.6474866261581225,0
2009-10-09,0.3248774109999992,0.3542500139999998,0.3547500069999998,0.3472500150000002,0.3477500080000002,618540000.0,1.286633837199136,0
2009-10-12,0.32120904299999964,0.35025000599999956,0.3569999930000005,0.3479999899999999,0.34825000200000034,499008000.0,-1.129148296942617,0
2009-10-13,0.3200626970000009,0.3490000070000008,0.3562499880000001,0.3457500039999992,0.35225001000000056,602124000.0,-0.3568876455636638,0
2009-10-14,0.31960415800000064,0.34850001300000066,0.3625000119999999,0.34674999099999937,0.3625000119999999,1101948000.0,-0.143264753573491,0
2009-10-15,0.3102041480000004,0.3382500109999995,0.3512499929999997,0.3359999949999999,0.3479999899999999,1092196000.0,-2.9411769347624017,0
2009-10-16,0.3030967120000003,0.3305000069999995,0.33500000799999974,0.32449999500000004,0.33399999100000066,1018832000.0,-2.291205838275656,0
2009-10-19,0.3141016959999998,0.34250000099999944,0.3452500100000009,0.3305000069999995,0.3332499860000002,695588000.0,3.630860437470429,0
2009-10-20,0.3143309950000006,0.34275001299999985,0.3507499989999996,0.3400000040000002,0.34825000200000034,660180000.0,0.07299620416643116,0
2009-10-21,0.3067650200000003,0.3345000149999997,0.34674999099999937,0.3327499930000002,0.3415000139999993,503956000.0,-2.4070015133741296,0
2009-10-22,0.3088284130000005,0.3367500010000004,0.3384999929999992,0.3269999919999993,0.3327499930000002,379328000.0,0.6726415243957673,0
2009-10-23,0.30149182699999955,0.3287500140000006,0.34125000200000066,0.3267500099999996,0.34125000200000066,429528000.0,-2.375645724200026,0
2009-10-26,0.297594041,0.32449999500000004,0.3362500070000003,0.32275000199999937,0.3312500119999999,481652000.0,-1.2927813898131135,0
2009-10-27,0.28750619300000047,0.31349998700000015,0.32774999699999974,0.3102500139999993,0.3230000139999998,591836000.0,-3.389833026037492,0
2009-10-28,0.27558410199999983,0.30050000499999996,0.31349998700000015,0.29899999500000085,0.30649998800000056,773632000.0,-4.146724892846631,0
2009-10-29,0.2877355520000009,0.31374999900000056,0.31525000899999966,0.30250000999999926,0.305249989,637100000.0,4.409315733622021,0
2009-10-30,0.27420851599999985,0.29899999500000085,0.31349998700000015,0.2975000140000006,0.3122499879999996,604144000.0,-4.701196509007788,0
2009-11-02,0.27673041799999964,0.3017500040000005,0.3082500100000001,0.29324999500000004,0.29850000100000074,593136000.0,0.9197354668852187,0
2009-11-03,0.2753548919999993,0.30024999399999963,0.3017500040000005,0.2890000050000001,0.2919999959999995,876472000.0,-0.49710355596217504,0
2009-11-04,0.27466696499999976,0.2994999889999992,0.30575001200000074,0.2982499900000004,0.30250000999999926,916840000.0,-0.24979351040386177,0
2009-11-05,0.281315953,0.3067499999999992,0.30974999100000034,0.3019999860000002,0.3030000029999993,955156000.0,2.420704930309703,0
2009-11-06,0.301721036,0.3289999960000003,0.33575001400000026,0.3219999970000007,0.32600000499999915,1641112000.0,7.253462428687851,0
2009-11-09,0.30859914400000044,0.336499989,0.34125000200000066,0.3332499860000002,0.33349999800000063,818124000.0,2.2796331584149954,0
2009-11-10,0.30103310900000047,0.32824999099999985,0.33774998800000056,0.3240000009999999,0.33774998800000056,781472000.0,-2.451708252507545,0
2009-11-11,0.30951634000000006,0.33750000600000085,0.3454999920000006,0.3332499860000002,0.33375000999999926,871512000.0,2.817978752054251,0
2009-11-12,0.30859914400000044,0.336499989,0.34624999799999934,0.33550000199999985,0.3404999970000002,505864000.0,-0.29630132806576226,0
2009-11-13,0.3108918369999998,0.33899998699999934,0.34075000900000063,0.3347499969999994,0.3362500070000003,388524000.0,0.7429414804527745,0
2009-11-16,0.3152479830000008,0.34375,0.3477500080000002,0.3402499849999998,0.3420000079999994,402820000.0,1.4011838295439283,0
2009-11-17,0.31478947399999946,0.3432500059999999,0.3440000120000004,0.3367500010000004,0.3440000120000004,350124000.0,-0.14545280000000105,0
2009-11-18,0.30997475999999935,0.3379999999999992,0.34125000200000066,0.3322499990000001,0.3400000040000002,455516000.0,-1.529499172099058,0
2009-11-19,0.297594041,0.32449999500000004,0.3307499889999992,0.31850001199999944,0.3307499889999992,833840000.0,-3.9940843195266362,0
2009-11-20,0.29576009500000033,0.32249999000000074,0.3240000009999999,0.3162499959999998,0.31700000200000034,426748000.0,-0.6163343700513635,0
2009-11-23,0.2980526690000005,0.3249999880000001,0.3332499860000002,0.3235000069999998,0.3272500039999997,390924000.0,0.77519320233157,0
2009-11-24,0.29621854400000025,0.3230000139999998,0.3257499930000005,0.3177500070000008,0.3235000069999998,418504000.0,-0.6153766381062242,0
2009-11-25,0.2996575529999994,0.3267500099999996,0.3312500119999999,0.32449999500000004,0.3267500099999996,441760000.0,1.1609894233626905,0
2009-11-27,0.29323798399999923,0.319750011,0.3235000069999998,0.31325000500000044,0.31499999799999934,279932000.0,-2.1423102634335,0
2009-11-30,0.29942831400000003,0.32649999899999926,0.3267500099999996,0.31749999500000037,0.32100001000000056,509836000.0,2.1110204121306486,0
2009-12-01,0.30538937400000066,0.3330000040000005,0.3367500010000004,0.32649999899999926,0.32824999099999985,461936000.0,1.9908131760821401,0
2009-12-02,0.31456029399999963,0.34299999499999956,0.34375,0.33175000499999996,0.33375000999999926,602292000.0,3.003000264228217,0
2009-12-03,0.31708225600000084,0.3457500039999992,0.3532499970000007,0.3452500099999991,0.3470000029999998,660036000.0,0.8017519067310852,0
2009-12-04,0.32694083500000026,0.3565000000000005,0.3580000099999996,0.34674999099999937,0.35225001000000056,824564000.0,3.1091817427715718,0
2009-12-07,0.36889752699999967,0.4022499919999998,0.41124999500000037,0.37749999799999934,0.39625000999999926,2732184000.0,12.83309733520337,0
2009-12-08,0.35101446500000044,0.3827500050000001,0.39750000799999974,0.3804999890000005,0.3957499860000002,1075512000.0,-4.847728374846061,0
2009-12-09,0.35972666700000033,0.39225000100000074,0.3952499930000002,0.38299998599999974,0.38675001300000034,671588000.0,2.4820368062438147,0
2009-12-10,0.35330712800000086,0.38525000199999937,0.39750000799999974,0.3840000030000006,0.3950000110000005,417012000.0,-1.7845759036722142,0
2009-12-11,0.34872165300000013,0.3802500070000008,0.38899999899999926,0.3792499899999999,0.38850000499999915,416744000.0,-1.2978572288235735,0
2009-12-14,0.3592682180000004,0.3917500080000007,0.3930000069999995,0.38150000599999956,0.3857499959999995,405488000.0,3.0243263085593997,0
2009-12-15,0.35880964999999954,0.3912500140000006,0.39774998999999944,0.3880000110000008,0.38899999899999926,446152000.0,-0.127630884438934,0
2009-12-16,0.3876976970000001,0.4227499960000003,0.42724999800000063,0.4029999970000002,0.40525001299999985,1683400000.0,8.051113322132686,0
2009-12-17,0.3858636020000006,0.4207499919999993,0.4370000059999999,0.41449999800000015,0.42399999500000085,1016132000.0,-0.47309379513276184,0
2009-12-18,0.3856343330000005,0.4205000099999996,0.42574998699999966,0.4154999850000003,0.4242500069999995,812828000.0,-0.05941342953134088,0
2009-12-21,0.39939060799999915,0.4354999960000008,0.4372499879999996,0.4225000140000006,0.4230000080000007,427792000.0,3.5671785120766186,0
2009-12-22,0.4099370839999992,0.4469999970000007,0.45149999899999926,0.43500000200000066,0.4354999960000008,793044000.0,2.640643193025416,0
2009-12-23,0.41566878599999946,0.45324999099999985,0.4544999900000004,0.44549998599999974,0.45124998700000063,442196000.0,1.398208957929814,0
2009-12-24,0.4147517979999993,0.4522500039999997,0.45524999500000085,0.4505000110000008,0.4544999900000004,136812000.0,-0.2206259282639511,0
2009-12-28,0.4081028999999994,0.4449999929999997,0.4555000069999995,0.44049999099999937,0.45149999899999926,465760000.0,-1.6030980510505444,0
2009-12-29,0.4131469729999999,0.4505000110000008,0.4517500099999996,0.44249999500000037,0.44350001199999944,475848000.0,1.235959120565644,0
2009-12-30,0.4280494749999999,0.4667499960000008,0.46950000500000044,0.45149999899999926,0.45475000100000074,704008000.0,3.6070998009365196,0
2009-12-31,0.42827883400000033,0.4670000079999994,0.47374999500000037,0.4665000139999993,0.46775001299999985,700340000.0,0.05356443538138134,0
2010-01-04,0.42392259800000076,0.46224999400000044,0.4654999970000002,0.45274999699999974,0.46274998800000056,800204000.0,-1.017133601419562,0
2010-01-05,0.4301129879999994,0.4690000120000004,0.4740000070000008,0.46050000199999985,0.46050000199999985,728648000.0,1.4602526960768358,0
2010-01-06,0.43286427900000035,0.4720000029999998,0.4729999899999999,0.46424999799999966,0.46875,649168000.0,0.6396569132710361,0
2010-01-07,0.42438113699999924,0.46274998800000056,0.47150000899999966,0.4592500029999993,0.46950000500000044,547792000.0,-1.9597489282219382,0
2010-01-08,0.42529833300000064,0.46375000499999963,0.4670000079999994,0.4562500119999999,0.45899999100000066,478168000.0,0.21610308502051367,0
2010-01-11,0.4193372429999993,0.4572499990000001,0.4682500059999999,0.4507499930000005,0.46625000200000066,556612000.0,-1.4016185293626027,0
2010-01-12,0.40512234000000014,0.4417499899999999,0.4522500039999997,0.4322499929999992,0.4505000110000008,627432000.0,-3.3898324841767913,0
2010-01-13,0.41062492100000014,0.44775000199999937,0.44925001300000034,0.42750000999999926,0.444750011,508868000.0,1.358237042631294,0
2010-01-14,0.40420532199999926,0.4407500029999998,0.44549998599999974,0.4332500100000001,0.44225001300000066,608524000.0,-1.563372187321621,0
2010-01-15,0.3922832009999997,0.42774999100000066,0.4412499959999998,0.42199999099999985,0.4375,818192000.0,-2.949520569827424,0
2010-01-19,0.3996199669999996,0.4357500079999994,0.43849998700000015,0.4232499900000004,0.4244999889999992,545328000.0,1.8702553286553014,0
2010-01-20,0.3980149330000007,0.4339999849999998,0.4357500079999994,0.4244999889999992,0.430249989,719728000.0,-0.4016116965854577,0
2010-01-21,0.39090755600000016,0.4262500110000005,0.4415000080000002,0.42225000300000026,0.4337500040000002,608632000.0,-1.7857083566489074,0
2010-01-22,0.3773805199999991,0.4115000070000008,0.42899998999999944,0.40900000899999966,0.4212499859999994,1067916000.0,-3.4604114063002345,0
2010-01-25,0.38380020900000034,0.41850000600000037,0.4264999930000002,0.4152500030000006,0.41824999500000004,643676000.0,1.7010932881952545,0
2010-01-26,0.3716487589999993,0.40525001299999985,0.4192500110000008,0.40500000099999944,0.41650000199999937,714636000.0,-3.166067577069509,0
2010-01-27,0.3817366359999994,0.41624999000000074,0.4177500009999999,0.4004999999999992,0.40500000099999944,812504000.0,2.7143680807235393,0
2010-01-28,0.36889752699999967,0.4022499919999998,0.4210000039999997,0.39649999100000066,0.4194999930000005,687764000.0,-3.363362963684402,0
2010-01-29,0.35284852999999927,0.38475000899999934,0.41124999500000037,0.3787499959999998,0.4067499940000001,774700000.0,-4.350524138730128,0
2010-02-01,0.37990251199999925,0.41424998599999974,0.41499999200000026,0.38299998599999974,0.3862499889999995,949832000.0,7.667310281986239,0
2010-02-02,0.38380020900000034,0.41850000600000037,0.42375001299999937,0.4115000070000008,0.41275000599999956,849812000.0,1.0259553756508666,0
2010-02-03,0.38701000800000074,0.42199999099999985,0.42375001299999937,0.41275000599999956,0.41475001000000056,562296000.0,0.8363165949393236,0
2010-02-04,0.3645414410000001,0.39750000799999974,0.41824999500000004,0.3930000069999995,0.41824999500000004,783480000.0,-5.805683299173337,0
2010-02-05,0.3718780880000008,0.40549999499999956,0.4065000120000004,0.3899999859999994,0.3970000149999997,604856000.0,2.0125753054072826,0
2010-02-08,0.3711902800000004,0.4047499900000009,0.41449999800000015,0.3967500029999993,0.4042499960000008,445160000.0,-0.18495807872944692,0
2010-02-09,0.36820963000000084,0.40149998699999934,0.4132499989999996,0.39750000799999974,0.41124999500000037,930144000.0,-0.8029655541189729,0
2010-02-10,0.37531709699999993,0.40924999099999937,0.41299998799999926,0.40125000499999963,0.4040000139999993,535828000.0,1.930262578065789,0
2010-02-11,0.39251244099999916,0.4280000029999993,0.43250000499999963,0.41275000599999956,0.4157499970000007,695980000.0,4.581554651762976,0
2010-02-12,0.3977856339999999,0.4337500040000002,0.44249999500000037,0.42024999899999926,0.4250000119999999,780212000.0,1.343458168153333,0
2010-02-16,0.40512234000000014,0.4417499899999999,0.44350001199999944,0.4342499970000002,0.4395000039999992,457024000.0,1.8443771587838276,0
2010-02-17,0.40902003599999937,0.44600001000000056,0.44749999000000074,0.4332500100000001,0.44725000899999934,876560000.0,0.9620871751462978,0
2010-02-18,0.3821952040000003,0.4167500139999998,0.42375001299999937,0.40525001299999985,0.42149999699999974,1515508000.0,-6.5582949202176,0
2010-02-19,0.3801317209999997,0.41449999800000015,0.4194999930000005,0.41249999399999915,0.41499999200000026,510548000.0,-0.5398958426909628,0
2010-02-22,0.38081955900000075,0.4152500030000006,0.4225000140000006,0.41249999399999915,0.41624999000000074,458084000.0,0.18094209978740672,0
2010-02-23,0.3716487589999993,0.40525001299999985,0.41824999500000004,0.4009999929999992,0.41650000199999937,489764000.0,-2.408185413065478,0
2010-02-24,0.37944394400000014,0.4137499929999997,0.4177500009999999,0.40749999900000056,0.40874999799999934,445868000.0,2.097465694590861,0
2010-02-25,0.3760049050000003,0.4099999959999998,0.41100001300000066,0.39399999399999963,0.4042499960000008,576972000.0,-0.9063437011345155,0
2010-02-26,0.3714195490000005,0.40500000099999944,0.41100001300000066,0.4025000040000002,0.4079999920000006,393396000.0,-1.2195109875074217,0
2010-03-01,0.3863221699999997,0.4212499859999994,0.4232499900000004,0.4020000100000001,0.40525001299999985,555868000.0,4.0123419654016335,0
2010-03-02,0.38609281199999934,0.4210000039999997,0.430249989,0.41800001300000034,0.4250000119999999,538648000.0,-0.05934290998410585,0
2010-03-03,0.3812781869999995,0.4157499970000007,0.42574998699999966,0.41225001199999944,0.42350000100000074,399300000.0,-1.2470325297194051,0
2010-03-04,0.38196602500000054,0.41650000199999937,0.4207499919999993,0.41124999500000037,0.4174999889999995,557396000.0,0.18039807706842215,0
2010-03-05,0.39365875700000075,0.42925000199999985,0.4322499929999992,0.413500011,0.413500011,632832000.0,3.0612244750961803,0
2010-03-08,0.38792702599999984,0.4230000080000007,0.43075001200000074,0.4212499859999994,0.42950001400000026,439312000.0,-1.4560265511658677,0
2010-03-09,0.40237113799999946,0.43874999900000056,0.4429999890000005,0.4269999860000002,0.42724999800000063,830832000.0,3.7234020572406212,0
2010-03-10,0.4032882149999999,0.4397499860000007,0.4444999989999996,0.4372499879999996,0.4375,418520000.0,0.2279172654767292,0
2010-03-11,0.39411729599999923,0.4297499949999999,0.4377500120000004,0.4280000029999993,0.43625000099999944,540660000.0,-2.2740173549431253,0
2010-03-12,0.39549309000000044,0.43125000600000085,0.4357500079999994,0.42899998999999944,0.43450000900000063,520352000.0,0.3490427033047583,0
2010-03-15,0.39342957699999914,0.42899998999999944,0.43500000200000066,0.4250000119999999,0.43075001200000074,358904000.0,-0.5217428333206819,0
2010-03-16,0.4071857629999993,0.44400000599999956,0.4465000030000006,0.4284999969999994,0.42875000799999974,664988000.0,3.4965073076108855,0
2010-03-17,0.4149810079999998,0.4524999859999994,0.45849999800000063,0.4465000030000006,0.4465000030000006,651168000.0,1.914409884039503,0
2010-03-18,0.4003077749999999,0.43650001299999985,0.45324999099999985,0.43250000499999963,0.45324999099999985,740964000.0,-3.535905744757306,0
2010-03-19,0.39549309000000044,0.43125000600000085,0.44424998799999926,0.42574998699999966,0.4429999890000005,584612000.0,-1.2027507087382427,0
2010-03-22,0.4019124810000001,0.43825000500000044,0.43999999799999934,0.42574998699999966,0.42574998699999966,435336000.0,1.6231881513295576,0
2010-03-23,0.4101664130000007,0.44725000899999934,0.44949999500000004,0.43849998700000015,0.4415000080000002,493612000.0,2.0536232509569485,0
2010-03-24,0.39640998800000027,0.4322499929999992,0.444750011,0.43149998800000056,0.44350001199999944,436252000.0,-3.3538324646517848,0
2010-03-25,0.39755648400000076,0.4334999919999998,0.4412499959999998,0.43250000499999963,0.43849998700000015,495184000.0,0.2891842730463612,0
2010-03-26,0.39755648400000076,0.4334999919999998,0.4417499899999999,0.4300000070000003,0.4372499879999996,344676000.0,0.0,0
2010-03-29,0.40260040799999963,0.4390000099999991,0.43999999799999934,0.430249989,0.43625000099999944,394456000.0,1.268746966897294,0
2010-03-30,0.40420532199999926,0.4407500029999998,0.44624999200000026,0.4332500100000001,0.44400000599999956,324104000.0,0.398631653789705,0
2010-03-31,0.39893215899999923,0.43500000200000066,0.4410000150000002,0.43274998699999934,0.4390000099999991,389840000.0,-1.3045946592994184,0
2010-04-01,0.3948051630000009,0.4305000010000004,0.44200000200000034,0.4259999990000001,0.4370000059999999,339664000.0,-1.0344829837494962,0
2010-04-05,0.40076619399999913,0.4370000059999999,0.4377500120000004,0.43274998699999934,0.4332500100000001,413636000.0,1.5098733995124736,0
2010-04-06,0.39090755600000016,0.4262500110000005,0.43250000499999963,0.4187499880000001,0.43149998800000056,809260000.0,-2.4599530554697546,0
2010-04-07,0.39342957699999914,0.42899998999999944,0.43625000099999944,0.41999998700000063,0.42350000100000074,817468000.0,0.6451563469871635,0
2010-04-08,0.38701000800000074,0.42199999099999985,0.42950001400000026,0.41975000499999915,0.4262500110000005,1037600000.0,-1.6317014366363902,0
2010-04-09,0.38953193999999947,0.4247499999999995,0.4262500110000005,0.4187499880000001,0.4210000039999997,817572000.0,0.651660914371921,0
2010-04-12,0.3966393769999996,0.43250000499999963,0.4342499970000002,0.4244999889999992,0.42524999399999963,546460000.0,1.824603884638032,0
2010-04-13,0.40489310000000067,0.4415000080000002,0.4429999890000005,0.43250000499999963,0.4342499970000002,648696000.0,2.080925525075994,0
2010-04-14,0.4099370839999992,0.4469999970000007,0.45324999099999985,0.43999999799999934,0.45100000499999915,900720000.0,1.2457506003034968,0
2010-04-15,0.41291758400000056,0.4502500000000005,0.45300000900000015,0.44400000599999956,0.4485000069999998,957596000.0,0.7270700272510311,0
2010-04-16,0.3911369140000005,0.4264999930000002,0.4337500040000002,0.4169999959999995,0.4320000109999995,1917736000.0,-5.274848861743465,0
2010-04-19,0.3893027310000008,0.4244999889999992,0.42574998699999966,0.4102500080000002,0.4232499900000004,1094492000.0,-0.46893412258508516,0
2010-04-20,0.39067828700000007,0.4259999990000001,0.4320000109999995,0.4205000099999996,0.42750000999999926,678188000.0,0.3533592553285114,0
2010-04-21,0.38059040899999985,0.41499999200000026,0.42875000799999974,0.4099999959999998,0.4282500149999997,895908000.0,-2.5821612736670496,0
2010-04-22,0.3821952040000003,0.4167500139999998,0.41800001300000034,0.4025000040000002,0.4082500039999992,656932000.0,0.4216920563217874,0
2010-04-23,0.3769219820000007,0.41100001300000066,0.41650000199999937,0.40375000200000066,0.4154999850000003,752916000.0,-1.379724248791503,0
2010-04-26,0.38059040899999985,0.41499999200000026,0.41999998700000063,0.41075000200000034,0.4115000070000008,491092000.0,0.9732308694598402,0
2010-04-27,0.3698146050000002,0.40325000900000063,0.41624999000000074,0.4020000100000001,0.4120000000000008,606704000.0,-2.8313212593989556,0
2010-04-28,0.3705023829999998,0.4040000139999993,0.4097500150000002,0.3957499860000002,0.4029999970000002,672164000.0,0.18599007644410914,0
2010-04-29,0.3817366359999994,0.41624999000000074,0.4167500139999998,0.3992500010000004,0.40525001299999985,987128000.0,3.0321721721524586,0
2010-04-30,0.3601851759999999,0.39274999500000085,0.4120000000000008,0.39250001299999937,0.41124999500000037,1068048000.0,-5.645644580075548,0
2010-05-03,0.3562875390000002,0.38850000499999915,0.3970000149999997,0.3824999929999997,0.3947499990000001,1078972000.0,-1.0821107712553957,0
2010-05-04,0.3381752070000008,0.36875000600000085,0.38324999800000015,0.36324998699999966,0.3824999929999997,1311376000.0,-5.083654760828116,0
2010-05-05,0.3324432969999993,0.3625000119999999,0.3717499970000002,0.3580000099999996,0.36125001299999937,1330840000.0,-1.694913599540404,0
2010-05-06,0.32556518900000064,0.3549999889999995,0.3675000070000003,0.32600000499999915,0.3600000140000006,1002888000.0,-2.0689717935788554,0
2010-05-07,0.3200626970000009,0.3490000070000008,0.3582499919999993,0.336499989,0.3582499919999993,1153712000.0,-1.690135827018302,0
2010-05-10,0.33381897199999955,0.3639999930000002,0.3745000059999999,0.3600000140000006,0.37000000499999963,979156000.0,4.29799017167356,0
2010-05-11,0.3301506639999996,0.3600000140000006,0.3672499949999999,0.35725000499999915,0.3605000080000007,829124000.0,-1.098895350802942,0
2010-05-12,0.33657035200000074,0.36700001400000026,0.36899998800000056,0.3602499960000003,0.3625000119999999,901236000.0,1.9444443688271695,0
2010-05-13,0.33588248500000084,0.36625000799999974,0.382250011,0.36274999399999963,0.3655000029999993,1252000000.0,-0.20436130010610398,0
2010-05-14,0.2971356509999996,0.3240000009999999,0.34250000099999944,0.31499999799999934,0.3415000139999993,2493068000.0,-11.535837836759866,0
2010-05-17,0.2978233990000003,0.32475000600000037,0.3287500140000006,0.3145000039999992,0.32449999500000004,856060000.0,0.23148302397690834,0
2010-05-18,0.28796490999999946,0.3140000099999991,0.3294999900000004,0.3122499879999996,0.3274999859999994,674112000.0,-3.3102373522357897,0
2010-05-19,0.29255017600000066,0.31900000599999956,0.3194999989999996,0.3102500139999993,0.3125,826520000.0,1.5923553633007792,0
2010-05-20,0.2856720690000003,0.31150001299999985,0.31900000599999956,0.30024999399999963,0.30974999100000034,1129136000.0,-2.351094940104792,0
2010-05-21,0.29186239799999925,0.3182500000000008,0.3269999919999993,0.30250000999999926,0.30250000999999926,1069600000.0,2.166929925617689,0
2010-05-24,0.283379257,0.3089999849999998,0.32100001000000056,0.30799999799999966,0.31725001300000066,664564000.0,-2.9065247446975695,0
2010-05-25,0.29094523200000033,0.31725001300000066,0.31874999399999915,0.2962499859999994,0.2992500069999995,966652000.0,2.669912103717431,0
2010-05-26,0.2923209670000002,0.31874999399999915,0.3362500070000003,0.3177500070000008,0.33000001299999937,995028000.0,0.47280723042870676,0
2010-05-27,0.30951634000000006,0.33750000600000085,0.33750000600000085,0.32600000499999915,0.3267500099999996,713560000.0,5.882356816609091,0
2010-05-28,0.30126255799999946,0.32850000300000026,0.33700001200000074,0.3235000069999998,0.33700001200000074,545116000.0,-2.666667508148146,0
2010-06-01,0.2884232999999998,0.3145000039999992,0.32774999699999974,0.3142499920000006,0.3240000009999999,527492000.0,-4.261795699283444,0
2010-06-02,0.29163315899999986,0.3179999890000005,0.31850001199999944,0.3129999940000001,0.31499999799999934,649088000.0,1.112872799836273,0
2010-06-03,0.2911744419999991,0.31749999500000037,0.3182500000000008,0.3104999960000008,0.31150001299999985,586360000.0,-0.1572308230488706,0
2010-06-04,0.2774182560000007,0.30250000999999926,0.31374999900000056,0.30074998699999966,0.3082500100000001,671456000.0,-4.724404798809523,0
2010-06-07,0.2636618909999999,0.28749999399999915,0.30575001200000074,0.28624999500000037,0.30375000799999974,577248000.0,-4.958682811283211,0
2010-06-08,0.2563253050000007,0.2795000079999994,0.28624999500000037,0.2722499969999994,0.28624999500000037,967636000.0,-2.782603884158674,0
2010-06-09,0.2501349749999999,0.27274998999999944,0.288500011,0.2717500029999993,0.2809999879999996,697152000.0,-2.415033204578665,0
2010-06-10,0.2602229119999997,0.28374999799999934,0.2849999959999998,0.2775000040000002,0.27825000900000063,611768000.0,4.0330003311824125,0
2010-06-11,0.26618400199999925,0.2902500030000006,0.29150000199999937,0.28000000099999944,0.2807500059999999,442104000.0,2.2907506769392016,0
2010-06-14,0.26045212100000015,0.28400000899999966,0.29499998700000063,0.2832500039999992,0.2944999930000005,375080000.0,-2.153314017364538,0
2010-06-15,0.27329149800000074,0.2980000080000007,0.2994999889999992,0.2867499890000005,0.28725001199999944,528632000.0,4.92957695645706,0
2010-06-16,0.26985225099999965,0.2942500110000008,0.29875001299999937,0.2902500030000006,0.2960000039999997,366480000.0,-1.2583882212513275,0
2010-06-17,0.2801696059999994,0.3055000010000004,0.30625000600000085,0.2940000000000005,0.30450001400000026,859068000.0,3.8232759828172203,0
2010-06-18,0.28200373099999965,0.30750000499999963,0.31125000099999944,0.3050000070000003,0.3072499929999992,932832000.0,0.6546657916377541,0
2010-06-21,0.2753548919999993,0.30024999399999963,0.3147499860000007,0.2975000140000006,0.3140000099999991,579836000.0,-2.3577271161345226,0
2010-06-22,0.2650376560000005,0.2890000050000001,0.30774998699999934,0.28749999399999915,0.30399998999999944,818164000.0,-3.746874013259771,0
2010-06-23,0.2680181259999994,0.2922500069999998,0.29524999899999926,0.2834999860000007,0.2917500139999998,614060000.0,1.1245681466337532,0
2010-06-24,0.25472027100000005,0.2777499849999998,0.2919999959999995,0.27674999799999966,0.2904999850000003,725028000.0,-4.961512969270865,0
2010-06-25,0.2540325820000007,0.2770000100000001,0.28000000099999944,0.27250000799999974,0.2797499900000009,507220000.0,-0.2700180163826005,0
2010-06-28,0.2544910609999995,0.2775000040000002,0.2815000120000004,0.27250000799999974,0.2790000139999993,372008000.0,0.18050324258112038,0
2010-06-29,0.24027633699999917,0.26199999500000004,0.2717500029999993,0.26025000199999937,0.27149999100000066,660808000.0,-5.585588748315851,0
2010-06-30,0.23408597699999945,0.2552500070000008,0.26524999699999974,0.2552500070000008,0.2624999880000001,623072000.0,-2.576331346876548,0
2010-07-01,0.2379835400000001,0.2594999970000007,0.2612499889999995,0.24824999299999995,0.25600001199999944,737008000.0,1.6650303167278668,0
2010-07-02,0.23500306899999934,0.25624999399999915,0.2610000069999998,0.24750000200000066,0.2605000139999998,737096000.0,-1.252409648390096,0
2010-07-06,0.23248115200000008,0.2535000150000002,0.26350000499999915,0.25124999900000056,0.2552500070000008,712020000.0,-1.0731625617130591,0
2010-07-07,0.24371537600000082,0.26574999099999985,0.26725000100000074,0.2540000080000002,0.25450000200000034,608412000.0,4.832337386646701,0
2010-07-08,0.2363786999999995,0.2577500050000001,0.26774999500000085,0.25450000200000034,0.26750001299999937,783272000.0,-3.010342905336172,0
2010-07-09,0.23729574699999922,0.25874999200000026,0.2605000139999998,0.2554999890000005,0.2590000030000006,571516000.0,0.3879677907280721,0
2010-07-12,0.24165201199999942,0.26350000499999915,0.2667500080000007,0.25850001000000056,0.25874999200000026,565396000.0,1.8357538731827328,0
2010-07-13,0.250364244,0.27300000199999985,0.27474999400000044,0.2662500140000006,0.26774999500000085,723316000.0,3.6053118860472244,0
2010-07-14,0.2528861760000005,0.2757500109999995,0.2870000000000008,0.2717500029999993,0.2849999959999998,1355664000.0,1.007329296649595,0
2010-07-15,0.24577888800000025,0.2680000069999995,0.27625000499999963,0.2647500039999997,0.2759999929999992,953088000.0,-2.8105181109131627,0
2010-07-16,0.23041763900000056,0.25124999900000056,0.2687500119999999,0.2502500120000004,0.2680000069999995,1288604000.0,-6.250002821828282,0
2010-07-19,0.2398177980000007,0.2615000009999999,0.2624999880000001,0.25299999099999937,0.25475001300000066,798440000.0,4.079602802306859,0
2010-07-20,0.24577888800000025,0.2680000069999995,0.26949998699999966,0.25249999799999934,0.25475001300000066,1160988000.0,2.485661940781414,0
2010-07-21,0.23775425600000055,0.2592499850000003,0.2707499860000002,0.25674998799999926,0.2705000040000005,624940000.0,-3.2649334968114285,0
2010-07-22,0.24165201199999942,0.26350000499999915,0.2662500140000006,0.2605000139999998,0.26199999500000004,462612000.0,1.6393520717079113,0
2010-07-23,0.23752510499999957,0.2590000030000006,0.26350000499999915,0.25650000599999956,0.2632499930000005,817604000.0,-1.7077806127555828,0
2010-07-26,0.24188132599999967,0.26374998700000063,0.2647500039999997,0.2542499899999999,0.25824999800000015,683548000.0,1.8339706351277796,0
2010-07-27,0.2398177980000007,0.2615000009999999,0.2649999859999994,0.25824999800000015,0.2644999919999993,683472000.0,-0.8530753027108373,0
2010-07-28,0.23225186800000053,0.2532500029999998,0.26175001300000034,0.25249999799999934,0.257250011,1320808000.0,-3.1548749401343112,0
2010-07-29,0.2093246880000006,0.2282499970000007,0.2399999949999998,0.2267500009999992,0.23499999899999935,2664476000.0,-9.871670564205282,0
2010-07-30,0.2107003479999996,0.2297500069999998,0.23375000100000065,0.2230000049999994,0.22650000500000012,984288000.0,0.6571785409486663,0
2010-08-02,0.2104710789999995,0.22949999599999948,0.23475000300000026,0.22849999399999987,0.23375000100000065,917020000.0,-0.10881871268016985,0
2010-08-03,0.2049685419999996,0.22349999799999942,0.22799999999999976,0.2217500060000006,0.2277500030000006,955444000.0,-2.614378259074135,0
2010-08-04,0.21368077400000018,0.23299999500000013,0.23375000100000065,0.2245000000000008,0.2255000030000005,855496000.0,4.2505579798707505,0
2010-08-05,0.21643213900000013,0.23600000100000074,0.23649999500000085,0.22949999599999948,0.23375000100000065,800504000.0,1.2875562508059213,0
2010-08-06,0.2189540860000001,0.23874999599999924,0.24124999300000027,0.23299999500000013,0.23499999899999935,739904000.0,1.165252113706572,0
2010-08-09,0.2210175250000006,0.2409999969999994,0.24150000500000068,0.2352499960000003,0.24124999300000027,466456000.0,0.9424088116005702,0
2010-08-10,0.21184667900000065,0.23100000600000037,0.23749999700000046,0.23000000400000076,0.23700000300000035,772560000.0,-4.149373910573118,0
2010-08-11,0.20359288200000059,0.22200000299999978,0.2262499929999997,0.22124999799999934,0.2262499929999997,796148000.0,-3.89610509360766,0
2010-08-12,0.2054270210000002,0.22400000700000078,0.22900000199999937,0.21625000200000066,0.21799999499999956,1343584000.0,0.9009026905283379,0
2010-08-13,0.21528577800000015,0.23475000300000026,0.23800000499999996,0.23074999500000004,0.23125000299999954,1797392000.0,4.799105207170817,0
2010-08-16,0.20978324100000023,0.2287500050000002,0.2362499979999999,0.2257499989999996,0.23150000000000048,814008000.0,-2.555909658497435,0
2010-08-17,0.21253450200000046,0.23174999699999965,0.23600000100000074,0.2287500050000002,0.23100000600000037,481224000.0,1.3114718839022599,0
2010-08-18,0.21368077400000018,0.23299999500000013,0.23499999899999935,0.22949999599999948,0.23100000600000037,352920000.0,0.5393734697653363,0
2010-08-19,0.22652003199999982,0.2469999939999994,0.24774999899999983,0.23424999400000068,0.23549999299999946,1615100000.0,6.008583390742128,0
2010-08-20,0.22858343999999953,0.24924999499999956,0.2552500070000008,0.24500000499999963,0.24525000200000058,1305308000.0,0.910931601075271,0
2010-08-23,0.22514441599999913,0.24549999799999966,0.25624999399999915,0.24474999299999922,0.25,748620000.0,-1.5045123671918237,0
2010-08-24,0.2228517090000004,0.2430000010000004,0.24549999799999966,0.23700000300000035,0.23749999700000046,641332000.0,-1.0183287252002349,0
2010-08-25,0.22743709400000078,0.24799999600000078,0.25,0.2389999930000002,0.24025000600000013,757532000.0,2.057611102643575,0
2010-08-26,0.2246858920000001,0.24500000499999963,0.2540000080000002,0.24500000499999963,0.25124999900000056,657596000.0,-1.2096738098334558,0
2010-08-27,0.23202256899999973,0.25299999099999937,0.25499999500000037,0.24025000600000013,0.24649999999999928,1060416000.0,3.2653003415244797,0
2010-08-30,0.2210175250000006,0.2409999969999994,0.2520000039999992,0.2409999969999994,0.25,602804000.0,-4.743080801137256,0
2010-08-31,0.21391011799999937,0.23325000700000054,0.24500000499999963,0.2325000020000001,0.23749999700000046,931488000.0,-3.21576352550742,0
2010-09-01,0.21551500300000015,0.23499999899999935,0.23974999800000063,0.23375000100000065,0.23675000699999948,851440000.0,0.7502645005279529,0
2010-09-02,0.21941267000000053,0.23925000400000052,0.2399999949999998,0.2335000039999997,0.23575000499999987,596292000.0,1.808512773653237,0
2010-09-03,0.22697857,0.24750000200000066,0.24824999299999995,0.2419999990000008,0.24500000499999963,566484000.0,3.448274968471887,0
2010-09-07,0.22904202299999987,0.24975000300000083,0.2554999890000005,0.2462500040000002,0.24674999700000022,899820000.0,0.9090913057851147,0
2010-09-08,0.23660796899999958,0.25799998599999974,0.25975000899999934,0.24750000200000066,0.2502500120000004,1224156000.0,3.303296456817262,0
2010-09-09,0.23339813900000017,0.25450000200000034,0.2615000009999999,0.25124999900000056,0.2612499889999995,697748000.0,-1.3565830193494666,0
2010-09-10,0.23087613300000065,0.2517499920000006,0.2569999989999996,0.24950000599999989,0.25624999399999915,609292000.0,-1.0805540190133356,0
2010-09-13,0.24394473399999939,0.26600000300000026,0.26925000499999996,0.25624999399999915,0.25624999399999915,1015792000.0,5.660381907777778,0
2010-09-14,0.24165201199999942,0.26350000499999915,0.2669999900000004,0.2612499889999995,0.26374998700000063,698536000.0,-0.93984886158065,0
2010-09-15,0.24211044599999987,0.26399999899999926,0.2642500099999996,0.2574999929999997,0.2610000069999998,555572000.0,0.18975104004268495,0
2010-09-16,0.24233984900000038,0.2642500099999996,0.2664999960000003,0.2605000139999998,0.2605000139999998,365280000.0,0.0947011367223416,0
2010-09-17,0.24188132599999967,0.26374998700000063,0.2669999900000004,0.2630000110000008,0.2667500080000007,416884000.0,-0.18922345546930064,0
2010-09-20,0.24554966400000033,0.26774999500000085,0.2687500119999999,0.2612499889999995,0.26374998700000063,443168000.0,1.5165907856518723,0
2010-09-21,0.2588472960000008,0.28224998700000015,0.2867499890000005,0.2662500140000006,0.2662500140000006,1779624000.0,5.415496646414497,0
2010-09-22,0.26114004899999976,0.2847500150000002,0.28725001199999944,0.2795000079999994,0.28125,999996000.0,0.8857495536394921,0
2010-09-23,0.26641315200000015,0.2904999850000003,0.2994999889999992,0.2854999899999999,0.28799998799999926,1240872000.0,2.019304546832057,0
2010-09-24,0.28108671300000054,0.30649998800000056,0.30750000499999963,0.29475000499999915,0.29699999099999985,1086976000.0,5.50774658387676,0
2010-09-27,0.2751256229999992,0.3000000119999999,0.3089999849999998,0.2960000039999997,0.3087500040000002,999504000.0,-2.12071003408979,0
2010-09-28,0.27443766600000075,0.2992500069999995,0.3034999969999994,0.2940000000000005,0.30024999399999963,723192000.0,-0.25000165666659857,0
2010-09-29,0.2723742129999991,0.29699999099999985,0.30575001200000074,0.2937499880000001,0.29649999699999974,974904000.0,-0.7518850283602441,0
2010-09-30,0.2677888569999993,0.2919999959999995,0.30425000199999985,0.28949999800000015,0.30074998699999966,787632000.0,-1.6835000510151632,0
2010-10-01,0.2602229119999997,0.28374999799999934,0.29675000900000015,0.2815000120000004,0.2962499859999994,999120000.0,-2.825341819525229,0
2010-10-04,0.25770091999999956,0.2809999879999996,0.28575000200000034,0.27524998800000056,0.2809999879999996,749500000.0,-0.9691665266549299,0
2010-10-05,0.25953513400000006,0.2829999920000006,0.28749999399999915,0.28224998700000015,0.2870000000000008,753588000.0,0.7117452261243606,0
2010-10-06,0.24715453399999987,0.26949998699999966,0.28424999099999937,0.2667500080000007,0.2829999920000006,1057604000.0,-4.770319922835897,0
2010-10-07,0.2453203049999999,0.26750001299999937,0.27099999800000063,0.2594999970000007,0.2707499860000002,761488000.0,-0.7421054161312557,0
2010-10-08,0.24898865800000003,0.27149999100000066,0.2737500070000003,0.2627500000000005,0.2664999960000003,706932000.0,1.4953188058349776,0
2010-10-11,0.24784222199999917,0.2702499930000002,0.27500000600000085,0.26899999399999963,0.27274998999999944,442680000.0,-0.46040443515151797,0
2010-10-12,0.25265693699999936,0.2754999999999992,0.27674999799999966,0.26574999099999985,0.2680000069999995,605208000.0,1.9426483389400229,0
2010-10-13,0.2599936130000007,0.2834999860000007,0.28749999399999915,0.2770000100000001,0.28000000099999944,968732000.0,2.9038061705988882,0
2010-10-14,0.25586670600000083,0.2790000139999993,0.28424999099999937,0.2777499849999998,0.28374999799999934,599172000.0,-1.5872917891431415,0
2010-10-15,0.2588472960000008,0.28224998700000015,0.2867499890000005,0.2790000139999993,0.2834999860000007,639940000.0,1.1648648160999642,0
2010-10-18,0.26045212100000015,0.28400000899999966,0.2852500080000002,0.2775000040000002,0.28249999900000056,448156000.0,0.6200255378576935,0
2010-10-19,0.2588472960000008,0.28224998700000015,0.28424999099999937,0.2754999999999992,0.2777499849999998,866136000.0,-0.6162049100498557,0
2010-10-20,0.2588472960000008,0.28224998700000015,0.28999999200000026,0.2775000040000002,0.28249999900000056,763532000.0,0.0,0
2010-10-21,0.25426185100000076,0.2772499919999998,0.2829999920000006,0.27300000199999985,0.28249999900000056,1014428000.0,-1.7714774952319101,0
2010-10-22,0.27054011799999955,0.29499998700000063,0.29725000300000026,0.2759999929999992,0.2790000139999993,1322676000.0,6.402162493119223,0
2010-10-25,0.27306202099999943,0.2977499960000003,0.3000000119999999,0.2944999930000005,0.29725000300000026,673136000.0,0.9322064817582465,0
2010-10-26,0.27214503299999926,0.29675000900000015,0.3012500110000005,0.2917500139999998,0.2942500110000008,675248000.0,-0.3358478634538864,0
2010-10-27,0.27604264,0.3009999990000001,0.3019999860000002,0.29324999500000004,0.2940000000000005,496796000.0,1.4321785580805324,0
2010-10-28,0.27627185000000054,0.3012500110000005,0.30599999400000044,0.29850000100000074,0.3050000070000003,704448000.0,0.08306046539221512,0
2010-10-29,0.27558410199999983,0.30050000499999996,0.30375000799999974,0.2975000140000006,0.30074998699999966,554664000.0,-0.24896463821206805,0
2010-11-01,0.27604264,0.3009999990000001,0.3072499929999992,0.29850000100000074,0.30250000999999926,473920000.0,0.16638735164080654,0
2010-11-02,0.2817744609999995,0.3072499929999992,0.3122499879999996,0.30050000499999996,0.30224999800000063,581036000.0,2.0764099736757746,0
2010-11-03,0.2838378549999998,0.30950000900000063,0.31150001299999985,0.3012500110000005,0.3092499970000002,671748000.0,0.7323079092796059,0
2010-11-04,0.284296393,0.31000000200000066,0.3157500029999998,0.30950000900000063,0.3125,700016000.0,0.16154862211974486,0
2010-11-05,0.28911101799999983,0.31525000899999966,0.3179999890000005,0.3107500079999994,0.3122499879999996,735116000.0,1.6935506342351525,0
2010-11-08,0.2902574540000007,0.3165000080000002,0.31924998799999926,0.3125,0.31499999799999934,605156000.0,0.396510377260606,0
2010-11-09,0.2886525990000006,0.3147499860000007,0.31900000599999956,0.3129999940000001,0.3165000080000002,633964000.0,-0.5529295278880464,0
2010-11-10,0.29209169700000004,0.31850001199999944,0.31850001199999944,0.3125,0.31700000200000034,521016000.0,1.1914300768229413,0
2010-11-11,0.28911101799999983,0.31525000899999966,0.32049998599999974,0.3067499999999992,0.3109999900000009,1089980000.0,-1.020409066734984,0
2010-11-12,0.30401375900000005,0.33149999399999963,0.3420000079999994,0.3257499930000005,0.3272500039999997,2142560000.0,5.154634269970804,0
2010-11-15,0.3003454800000007,0.3274999859999994,0.33774998800000056,0.3267500099999996,0.3330000040000005,733548000.0,-1.2066389358667662,0
2010-11-16,0.2914037700000005,0.3177500070000008,0.32649999899999926,0.31725001300000066,0.3219999970000007,739356000.0,-2.977092951692528,0
2010-11-17,0.29621854400000025,0.3230000139999998,0.3267500099999996,0.3145000039999992,0.31749999500000037,551764000.0,1.6522444954659044,0
2010-11-18,0.30538937400000066,0.3330000040000005,0.3362500070000003,0.3272500039999997,0.3272500039999997,993120000.0,3.095972002032177,0
2010-11-19,0.3152479830000008,0.34375,0.34499999900000056,0.33175000499999996,0.3322499990000001,716484000.0,3.2282269882495163,0
2010-11-22,0.31547734099999936,0.3440000120000004,0.3459999860000007,0.3384999929999992,0.3415000139999993,462668000.0,0.07273076363636388,0
2010-11-23,0.3081405460000006,0.3359999949999999,0.3434999879999996,0.33349999800000063,0.3400000040000002,457832000.0,-2.325586256084211,0
2010-11-24,0.3157065810000006,0.3442499940000001,0.3454999920000006,0.33924999799999966,0.3395000100000001,397784000.0,2.4553568817761384,0
2010-11-26,0.31180894399999914,0.3400000040000002,0.3459999860000007,0.3400000040000002,0.3440000120000004,143104000.00000006,-1.234565017886391,0
2010-11-29,0.3152479830000008,0.34375,0.34499999900000056,0.33700001200000074,0.3384999929999992,468192000.0,1.1029399870242207,0
2010-11-30,0.31203824299999994,0.3402499849999998,0.3420000079999994,0.33399999100000066,0.3384999929999992,720936000.0,-1.0181861818181925,0
2010-12-01,0.325794578,0.3552500009999999,0.35749998700000063,0.34650000899999966,0.3470000029999998,626536000.0,4.408528041522186,0
2010-12-02,0.32969197599999944,0.35949999099999985,0.3617500069999995,0.3549999889999995,0.3552500009999999,529316000.0,1.1963377869209424,0
2010-12-03,0.3390921949999992,0.3697499929999992,0.3697499929999992,0.3569999930000005,0.35774999899999926,606044000.0,2.8511828252034688,0
2010-12-06,0.33267265599999973,0.36274999399999963,0.3717499970000002,0.36125001299999937,0.3709999919999998,438424000.0,-1.893170826916002,0
2010-12-07,0.34344839999999976,0.3745000059999999,0.38324999800000015,0.37049999799999966,0.3712500040000002,1026812000.0,3.23914877859377,0
2010-12-08,0.3464289899999997,0.37775000899999966,0.38174998799999926,0.3712500040000002,0.37400001299999985,613252000.0,0.867824552184393,0
2010-12-09,0.34069716900000024,0.3714999849999998,0.37400001299999985,0.3634999990000001,0.36875000600000085,942408000.0,-1.6545397355635871,0
2010-12-10,0.3427605929999995,0.37375000099999944,0.3772499860000007,0.37049999799999966,0.3714999849999998,451900000.0,0.6056570904033887,0
2010-12-13,0.3340481820000001,0.3642500040000005,0.37599998700000015,0.36324998699999966,0.3752500120000004,609108000.0,-2.5418052105904865,0
2010-12-14,0.3345067499999992,0.36474999800000063,0.37799999099999937,0.3642500040000005,0.3712500040000002,755160000.0,0.13726671091540688,0
2010-12-15,0.3271701629999999,0.3567500110000008,0.37000000499999963,0.3562499880000001,0.3655000029999993,624176000.0,-2.1932795185375276,0
2010-12-16,0.3276286129999999,0.35725000499999915,0.3625000119999999,0.3562499880000001,0.3605000080000007,631872000.0,0.14015248341505693,0
2010-12-17,0.32946285599999925,0.35925000900000015,0.36125001299999937,0.3532499970000007,0.35749998700000063,593156000.0,0.5598331622136632,0
2010-12-20,0.32808726999999926,0.35774999899999926,0.3622499999999995,0.35749998700000063,0.3605000080000007,344088000.0,-0.417539307563386,0
2010-12-21,0.34092646799999926,0.3717499970000002,0.3717499970000002,0.36100000100000074,0.36125001299999937,466952000.0,3.913346761462888,0
2010-12-22,0.34459471699999966,0.37575000500000044,0.37624999900000056,0.3675000070000003,0.3709999919999998,477988000.0,1.0759940907275833,0
2010-12-23,0.3420726950000006,0.3729999960000008,0.37575000500000044,0.3714999849999998,0.37575000500000044,273784000.0,-0.7318719796158057,0
2010-12-27,0.343906939,0.375,0.37775000899999966,0.36524999100000066,0.37200000900000063,255500000.0,0.5361941076267529,0
2010-12-28,0.3425312940000005,0.3734999900000009,0.37749999799999934,0.3712500040000002,0.375,194260000.0,-0.4000026666666656,0
2010-12-29,0.3425312940000005,0.3734999900000009,0.37624999900000056,0.37000000499999963,0.3732500079999994,177660000.0,0.0,0
2010-12-30,0.3436777890000009,0.3747499879999996,0.3770000039999992,0.3717499970000002,0.3729999960000008,174488000.0,0.3346714949041818,0
2010-12-31,0.35307782900000007,0.38499999000000074,0.3855000139999998,0.3745000059999999,0.375,391252000.0,2.735157392453358,0
2011-01-03,0.3627071379999993,0.3955000040000005,0.3992500010000004,0.3874999880000001,0.3880000110000008,817448000.0,2.7272764344747236,0
2011-01-04,0.36156088100000083,0.39425000499999996,0.39800000199999985,0.3855000139999998,0.39625000999999926,651384000.0,-0.3160553697491242,0
2011-01-05,0.3893027310000008,0.4244999889999992,0.4250000119999999,0.39750000799999974,0.40149998699999934,1428216000.0,7.672792293306374,0
2011-01-06,0.44318136599999924,0.4832499919999993,0.4835000039999997,0.4342499970000002,0.4354999960000008,3493312000.0,13.839812608334356,0
2011-01-07,0.4555621149999993,0.4967499970000002,0.4982500079999994,0.4670000079999994,0.4777500030000006,2579984000.0,2.7935861817872443,0
2011-01-10,0.47298660899999945,0.5157499909999999,0.516749978,0.48399999699999974,0.48774999399999963,1750348000.0,3.824860415650888,0
2011-01-11,0.46565005200000087,0.5077499749999994,0.5277500150000005,0.4967499970000002,0.5227500200000001,2711088000.0,-1.5511422471357839,0
2011-01-12,0.5353482960000004,0.5837500099999993,0.5842499730000004,0.5062500239999999,0.5080000160000004,3431896000.0,14.968003691186805,0
2011-01-13,0.5362657310000003,0.5847499969999994,0.5960000159999996,0.5594999789999999,0.5774999859999994,2695192000.0,0.1713039799348115,0
2011-01-14,0.5408509969999997,0.5897499919999998,0.5995000000000008,0.5712500209999991,0.5747500060000004,1595352000.0,0.8550654169563021,0
2011-01-18,0.5282410380000009,0.5759999750000002,0.5857499839999996,0.5617499949999996,0.5817499759999993,1813348000.0,-2.33149931098261,0
2011-01-19,0.513797104,0.5602499840000004,0.5899999739999995,0.5590000150000005,0.5762500169999996,1197896000.0,-2.7343735561794036,0
2011-01-20,0.5142556430000003,0.5607500079999994,0.5640000100000009,0.5447499750000002,0.5547500250000006,1111408000.0,0.08925015872913722,0
2011-01-21,0.509440541,0.5554999709999997,0.5747500060000004,0.5544999839999996,0.5667499899999999,739244000.0,-0.9362526839232665,0
2011-01-24,0.566987932,0.6182500120000007,0.6262500289999995,0.5745000240000007,0.5809999700000006,2056900000.0,11.296137583416698,0
2011-01-25,0.5495632290000003,0.5992500189999994,0.6219999789999999,0.5952500099999991,0.6154999730000004,1086856000.0,-3.0731892650573855,0
2011-01-26,0.5626319049999999,0.6134999990000001,0.625,0.6012499929999997,0.6054999829999996,1074660000.0,2.3779690526801733,0
2011-01-27,0.5610267520000001,0.6117500069999995,0.6237499710000005,0.6000000239999999,0.6222500209999993,657396000.0,-0.28524727022859464,0
2011-01-28,0.5447484249999999,0.5939999819999997,0.6234999899999991,0.5799999830000004,0.6132500170000004,1094796000.0,-2.901516109014124,0
2011-01-31,0.5484170319999997,0.5979999899999999,0.6062499880000001,0.5852500200000001,0.5950000289999995,750160000.0,0.6734020406081509,0
2011-02-01,0.5610267520000001,0.6117500069999995,0.6162499789999991,0.5992500189999994,0.6032500269999996,654104000.0,2.2993339849386896,0
2011-02-02,0.5864759680000002,0.639500022,0.6542500259999997,0.608250022,0.608250022,1606616000.0,4.536169134853796,0
2011-02-03,0.5754711029999999,0.6274999979999993,0.6405000090000001,0.6137499809999998,0.6405000090000001,1030776000.0,-1.8764696774318468,0
2011-02-04,0.5885393020000009,0.641749978,0.6467499730000004,0.6337500210000009,0.6362500190000002,872900000.0,2.270913154648335,0
2011-02-07,0.5640074609999992,0.6150000099999993,0.6357499959999995,0.6127499939999996,0.6330000160000004,934236000.0,-4.168284989017945,0
2011-02-08,0.5472705960000006,0.5967500210000001,0.6197500229999999,0.5939999819999997,0.6157500149999997,1076584000.0,-2.9674778379272015,0
2011-02-09,0.533972919,0.5822499990000001,0.6050000190000002,0.5715000030000006,0.5989999770000001,1277520000.0,-2.4298318374085137,0
2011-02-10,0.5231971140000002,0.5705000160000004,0.5802500249999998,0.5649999979999993,0.5692499879999993,1042352000.0,-2.0180305745264526,0
2011-02-11,0.5380995869999996,0.5867499709999997,0.6052500009999999,0.5592499970000002,0.5684999820000005,1359276000.0,2.8483706475479043,0
2011-02-14,0.5298458929999992,0.5777500270000004,0.6125000119999999,0.5755000110000008,0.59375,1287828000.0,-1.5338635611112816,0
2011-02-15,0.5170067550000006,0.5637500289999995,0.5807499889999992,0.5612499710000005,0.5787500140000006,886980000.0,-2.4231929633470983,0
2011-02-16,0.5360362530000007,0.5845000149999997,0.5927500129999999,0.5692499879999993,0.5712500209999991,1318364000.0,3.6807068616576455,0
2011-02-17,0.5887688400000002,0.6420000199999993,0.6502500179999995,0.5652499790000007,0.5680000189999994,3470096000.0,9.837468524273675,0
2011-02-18,0.5876224640000007,0.6407499909999999,0.6487500070000003,0.6307500000000008,0.6384999750000002,1394412000.0,-0.19470856091251543,0
2011-02-22,0.5321385860000003,0.5802500249999998,0.6215000150000005,0.5782499909999999,0.6197500229999999,1396648000.0,-9.442054912178676,0
2011-02-23,0.5069188479999998,0.5527499910000007,0.5857499839999996,0.5444999930000005,0.5802500249999998,1491604000.0,-4.739342148240322,0
2011-02-24,0.5192993880000003,0.5662500260000005,0.5759999750000002,0.5515000220000008,0.5554999709999997,1246120000.0,2.4423401573605785,0
2011-02-25,0.5300753119999992,0.5780000090000001,0.5874999760000001,0.5734999779999992,0.5814999939999996,775652000.0,2.075052090152152,0
2011-02-28,0.5195285080000005,0.5665000080000002,0.5877500179999995,0.5534999969999994,0.5874999760000001,903696000.0,-1.9896195191927868,0
2011-03-01,0.4963723120000001,0.5412499900000007,0.5747500060000004,0.5412499900000007,0.5674999950000004,988448000.0,-4.457196406606235,0
2011-03-02,0.4757379000000004,0.5187500119999999,0.5507500170000004,0.5062500239999999,0.5404999850000003,1718140000.0,-4.15703989204691,0
2011-03-03,0.47848922000000016,0.5217499730000004,0.5337499979999993,0.5059999820000005,0.5307499769999993,1593704000.0,0.5783057215620779,0
2011-03-04,0.4759670790000001,0.5189999939999996,0.5274999739999995,0.5132499930000005,0.5222499969999994,959760000.0,-0.5270683550184008,0
2011-03-07,0.4693183300000001,0.5117499829999996,0.5245000120000007,0.49875000099999944,0.5227500200000001,1019140000.0,-1.3969192839720868,0
2011-03-08,0.4482252899999999,0.4887500110000005,0.5199999809999998,0.4779999850000003,0.5172500010000007,1947184000.0,-4.494376700350566,0
2011-03-09,0.4388253389999992,0.47850000899999934,0.49200001400000026,0.4742499890000005,0.4872499999999995,1318976000.0,-2.0971870627742972,0
2011-03-10,0.4108540420000004,0.4480000139999998,0.4709999860000007,0.44749999000000074,0.46750000099999944,1722736000.0,-6.37408451960969,0
2011-03-11,0.4138346609999992,0.45124998700000063,0.46375000499999963,0.4415000080000002,0.4517500099999996,1486832000.0,0.7254403791157049,0
2011-03-14,0.4172737299999998,0.45500001299999937,0.46625000200000066,0.44749999000000074,0.45475000100000074,1003360000.0,0.8310307164618225,0
2011-03-15,0.40489310000000067,0.4415000080000002,0.4490000009999999,0.42524999399999963,0.43274998699999934,1256280000.0,-2.9670339811616597,0
2011-03-16,0.4019124810000001,0.43825000500000044,0.45875000999999926,0.43250000499999963,0.4375,1476520000.0,-0.7361275064801331,0
2011-03-17,0.40947860500000033,0.4465000030000006,0.4507499930000005,0.4300000070000003,0.4499999880000001,1238516000.0,1.8824866870224,0
2011-03-18,0.403975934,0.44049999099999937,0.45500001299999937,0.43999999799999934,0.45350000300000026,886960000.0,-1.3437876729420761,0
2011-03-21,0.4071857629999993,0.44400000599999956,0.4544999900000004,0.4395000039999992,0.4499999880000001,751832000.0,0.7945550673121415,0
2011-03-22,0.40007835599999986,0.43625000099999944,0.4469999970000007,0.4342499970000002,0.4427500070000008,718332000.0,-1.7454965980338355,0
2011-03-23,0.40833216899999947,0.4452500050000001,0.4465000030000006,0.4259999990000001,0.4354999960000008,782396000.0,2.0630381614600957,0
2011-03-24,0.4408886429999992,0.48074999500000004,0.48625001299999937,0.4537500140000006,0.45475000100000074,1780592000.0,7.973046513497506,0
2011-03-25,0.4271324570000008,0.46575000900000063,0.48625001299999937,0.4650000040000002,0.4850000140000006,1196392000.0,-3.120121925326269,0
2011-03-28,0.4429521560000005,0.4830000099999996,0.4909999969999994,0.4724999959999998,0.47674998599999974,1204284000.0,3.703703846841999,0
2011-03-29,0.4395130869999999,0.4792500139999998,0.48475000300000026,0.4727500080000002,0.4830000099999996,715764000.0,-0.7763966712961312,0
2011-03-30,0.42300555099999926,0.4612500070000003,0.4850000140000006,0.45524999500000085,0.4830000099999996,1176320000.0,-3.7558698954988423,0
2011-03-31,0.42323485000000005,0.461499989,0.4670000079999994,0.45300000900000015,0.46200001200000074,655112000.0,0.05419663874388636,0
2011-04-01,0.4172737299999998,0.45500001299999937,0.46799999499999956,0.4487499889999995,0.46750000099999944,850072000.0,-1.4084455373627347,0
2011-04-04,0.40237113799999946,0.43874999900000056,0.4562500119999999,0.4354999960000008,0.45500001299999937,924328000.0,-3.5714315463107438,0
2011-04-05,0.40305900599999944,0.4395000039999992,0.4487499889999995,0.43849998700000015,0.4452500050000001,821076000.0,0.17094131093091658,0
2011-04-06,0.4003077749999999,0.43650001299999985,0.4432500000000008,0.43274998699999934,0.4427500070000008,856984000.0,-0.6825918026612809,0
2011-04-07,0.4149810079999998,0.4524999859999994,0.45524999500000085,0.4357500079999994,0.4375,1021208000.0,3.665514896559685,0
2011-04-08,0.40237113799999946,0.43874999900000056,0.4559999999999995,0.4375,0.4559999999999995,746552000.0,-3.038671254235137,0
2011-04-11,0.39709785600000025,0.43299999799999966,0.4427500070000008,0.4282500149999997,0.44049999099999937,546208000.0,-1.3105415414485289,0
2011-04-12,0.39824429199999933,0.4342499970000002,0.4372499879999996,0.4207499919999993,0.42875000799999974,840756000.0,0.28868337315788306,0
2011-04-13,0.4071857629999993,0.44400000599999956,0.4467499850000003,0.4332500100000001,0.43874999900000056,749588000.0,2.245252519829033,0
2011-04-14,0.42438113699999924,0.46274998800000056,0.4629999999999992,0.4375,0.43999999799999934,1254704000.0,4.222968861851761,0
2011-04-15,0.42896661199999997,0.46775001299999985,0.47350001300000066,0.45699998699999966,0.4592500029999993,969720000.0,1.080502459137822,0
2011-04-18,0.4147517979999993,0.4522500039999997,0.4597499969999994,0.4449999929999997,0.45675000499999996,743584000.0,-3.313737802076777,0
2011-04-19,0.4131469729999999,0.4505000110000008,0.4542500080000007,0.43825000500000044,0.4524999859999994,659860000.0,-0.3869525670584628,0
2011-04-20,0.42575675199999985,0.46424999799999966,0.47374999500000037,0.45675000499999996,0.4670000079999994,650516000.0,3.052161301723033,0
2011-04-21,0.4246105250000003,0.4629999999999992,0.4722500150000002,0.46200001200000074,0.4692499940000001,421300000.0,-0.26925105124071536,0
2011-04-25,0.4312592740000003,0.4702500099999991,0.4779999850000003,0.4647499919999998,0.4650000040000002,619612000.0,1.5658768898488162,0
2011-04-26,0.4424935580000007,0.48249998700000063,0.4872499999999995,0.46950000500000044,0.4742499890000005,676000000.0,2.6049923954281295,0
2011-04-27,0.4424935580000007,0.48249998700000063,0.4850000140000006,0.4724999959999998,0.4850000140000006,450004000.0,0.0,0
2011-04-28,0.4473083019999997,0.48774999399999963,0.49750000200000066,0.47699999800000015,0.48249998700000063,684000000.0,1.0880843816478691,0
2011-04-29,0.45854264499999964,0.5,0.5109999779999992,0.49024999100000066,0.4909999969999994,836000000.0,2.51153380844531,0
2011-05-02,0.4523523150000006,0.49325001200000074,0.5107499959999995,0.4907500149999997,0.5105000139999998,613824000.0,-1.349997599999997,0
2011-05-03,0.4308007059999994,0.46974998700000015,0.4889999930000002,0.46375000499999963,0.4875000119999999,808000000.0,-4.764323249524837,0
2011-05-04,0.42759093599999964,0.46625000200000066,0.4765000050000001,0.4575000110000005,0.47124999799999934,639356000.0,-0.7450739961382902,0
2011-05-05,0.42782023500000044,0.4665000139999993,0.4720000029999998,0.4562500119999999,0.46250000600000085,544000000.0,0.05362187644559757,0
2011-05-06,0.4429521560000005,0.4830000099999996,0.4875000119999999,0.4724999959999998,0.4762499929999997,841080000.0,3.53697652836511,0
2011-05-09,0.4528108539999991,0.49375000600000085,0.4962500040000002,0.4832499919999993,0.48449999099999985,706328000.0,2.2256720036092803,0
2011-05-10,0.4534986019999998,0.4945000109999995,0.4982500079999994,0.4894999860000002,0.4977500139999993,690976000.0,0.15189974498956982,0
2011-05-11,0.4555621149999993,0.4967499970000002,0.5019999740000003,0.49000000999999926,0.49700000900000063,616000000.0,0.4550022143477772,0
2011-05-12,0.47000613800000046,0.5124999880000001,0.5130000110000008,0.49375000600000085,0.49500000499999963,1224000000.0,3.1706071656000256,0
2011-05-13,0.4186493749999993,0.45649999399999963,0.4812499880000001,0.45300000900000015,0.4799999889999995,2025192000.0,-10.926828353408657,0
2011-05-16,0.4058101179999998,0.44249999500000037,0.4562500119999999,0.44225001300000066,0.45524999500000085,728188000.0,-3.0668125266174795,0
2011-05-17,0.40420532199999926,0.4407500029999998,0.4412499959999998,0.4280000029999993,0.4410000150000002,1420364000.0,-0.3954784225477792,0
2011-05-18,0.41360530300000065,0.45100000499999915,0.45475000100000074,0.4410000150000002,0.44249999500000037,658844000.0,2.3255818332915457,0
2011-05-19,0.4076443609999991,0.4444999989999996,0.45475000100000074,0.4377500120000004,0.4544999900000004,650884000.0,-1.4412429995427578,0
2011-05-20,0.4147517979999993,0.4522500039999997,0.45324999099999985,0.4415000080000002,0.44350001199999944,575820000.0,1.7435331872745374,0
2011-05-23,0.4142931999999995,0.4517500099999996,0.45500001299999937,0.43999999799999934,0.44574999800000015,588000000.0,-0.11055699183587508,0
2011-05-24,0.4158981140000009,0.45350000300000026,0.47174999099999937,0.45274999699999974,0.4539999960000003,720372000.0,0.387380843666163,0
2011-05-25,0.4209421580000008,0.45899999100000066,0.46200001200000074,0.4467499850000003,0.45124998700000063,545312000.0,1.2127867615471688,0
2011-05-26,0.431488603,0.4704999920000006,0.4745000000000008,0.4577499930000002,0.45899999100000066,706436000.0,2.5054468900850058,0
2011-05-27,0.447078973,0.4875000119999999,0.48824998699999966,0.4720000029999998,0.4724999959999998,658824000.0,3.613181783008401,0
2011-05-31,0.45945966200000044,0.5009999870000001,0.5012500289999995,0.4850000140000006,0.49700000900000063,1200716000.0,2.769225572860101,0
2011-06-01,0.4388253389999992,0.47850000899999934,0.4995000059999999,0.47749999200000026,0.49875000099999944,762208000.0,-4.491013689387591,0
2011-06-02,0.4367618259999997,0.4762499929999997,0.48274999899999926,0.4704999920000006,0.4792500139999998,607592000.0,-0.4702227706750217,0
2011-06-03,0.42323485000000005,0.461499989,0.47499999399999915,0.4592500029999993,0.4707500039999992,549300000.0,-3.097113746309277,0
2011-06-06,0.4142931999999995,0.4517500099999996,0.4650000040000002,0.45124998700000063,0.46075001400000026,435988000.0,-2.112671556315038,0
2011-06-07,0.41406396,0.45149999899999926,0.4577499930000002,0.44949999500000004,0.45524999500000085,433956000.0,-0.05534277686014555,0
2011-06-08,0.4028296769999997,0.4392499920000006,0.4519999919999993,0.4357500079999994,0.44925001300000034,569288000.0,-2.713179850970504,0
2011-06-09,0.39824429199999933,0.4342499970000002,0.43999999799999934,0.41850000600000037,0.4390000099999991,741632000.0,-1.1383028095763748,0
2011-06-10,0.39251244099999916,0.4280000029999993,0.4377500120000004,0.4244999889999992,0.43500000200000066,493548000.0,-1.4392617255446938,0
2011-06-13,0.38976115,0.4250000119999999,0.4334999919999998,0.42199999099999985,0.4280000029999993,574760000.0,-0.7009324717224485,0
2011-06-14,0.39297100900000004,0.4284999969999994,0.4379999940000001,0.4267500040000005,0.42875000799999974,534576000.0,0.8235258591004602,0
2011-06-15,0.3844880160000006,0.4192500110000008,0.42524999399999963,0.4104999899999999,0.4227499960000003,935916000.0,-2.1586898634214147,0
2011-06-16,0.3711902800000004,0.4047499900000009,0.4259999990000001,0.3987500070000003,0.4194999930000005,1024908000.0,-3.4585618651301497,0
2011-06-17,0.3624780180000009,0.3952499930000002,0.4097500150000002,0.3827500050000001,0.4095000029999998,1467884000.0,-2.3471271734929466,0
2011-06-20,0.3581218419999992,0.39050000900000015,0.40000000600000085,0.3874999880000001,0.3917500080000007,745960000.0,-1.2017670042058781,0
2011-06-21,0.36591705700000077,0.398999989,0.4020000100000001,0.3882499930000005,0.3919999900000004,704276000.0,2.17669137108778,0
2011-06-22,0.3608731029999994,0.3934999999999995,0.40149998699999934,0.39274999500000085,0.39625000999999926,651720000.0,-1.378443396398188,0
2011-06-23,0.3716487589999993,0.40525001299999985,0.4079999920000006,0.38499999000000074,0.38850000499999915,744024000.0,2.986026175349421,0
2011-06-24,0.3608731029999994,0.3934999999999995,0.4067499940000001,0.39100000300000026,0.40325000900000063,529052000.0,-2.899447902053487,0
2011-06-27,0.35330712800000086,0.38525000199999937,0.39599999800000063,0.3714999849999998,0.3934999999999995,1142152000.0,-2.096568742058458,0
2011-06-28,0.35537055100000003,0.3874999880000001,0.3919999900000004,0.3824999929999997,0.38525000199999937,692200000.0,0.5840327030030901,0
2011-06-29,0.3608731029999994,0.3934999999999995,0.39750000799999974,0.3765000099999991,0.3899999859999994,960544000.0,1.5483902414985318,0
2011-06-30,0.36545842900000025,0.3984999949999999,0.4027499849999998,0.38850000499999915,0.39449998699999966,652300000.0,1.2706467598475157,0
2011-07-01,0.3702730830000007,0.40375000200000066,0.40525001299999985,0.39050000900000015,0.3984999949999999,540804000.0,1.3174421746228626,0
2011-07-05,0.3640829029999999,0.3970000149999997,0.40700000500000044,0.3934999999999995,0.40325000900000063,535296000.0,-1.6718233972912833,0
2011-07-06,0.3592682180000004,0.3917500080000007,0.39750000799999974,0.38699999500000004,0.3967500029999993,529580000.0,-1.3224198492788442,0
2011-07-07,0.36064374400000077,0.3932499889999992,0.3957499860000002,0.3862499889999995,0.3937500119999999,986136000.0,0.3828923980519816,0
2011-07-08,0.35376554700000007,0.3857499959999995,0.39050000900000015,0.3824999929999997,0.3877500000000005,619516000.0,-1.907181998675156,0
2011-07-11,0.3413849169999992,0.37224999100000034,0.37999999500000037,0.3712500040000002,0.3785000150000002,714388000.0,-3.499677288395875,0
2011-07-12,0.3367995619999995,0.3672499949999999,0.37400001299999985,0.36100000100000074,0.37049999799999966,867604000.0,-1.343182302454371,0
2011-07-13,0.33611175399999915,0.36649998999999944,0.3747499879999996,0.36300000499999996,0.37224999100000034,634368000.0,-0.20422192245366233,0
2011-07-14,0.32281395799999935,0.35199999800000015,0.37024998699999934,0.35025000599999956,0.3680000010000004,1088996000.0,-3.9563417177719495,0
2011-07-15,0.32327255599999916,0.35249999200000026,0.3562499880000001,0.3452500099999991,0.35400000199999937,827736000.0,0.14204375080706377,0
2011-07-18,0.31639438899999917,0.34499999900000056,0.35174998599999974,0.3404999970000002,0.34975001199999944,818200000.0,-2.1276576369397393,0
2011-07-19,0.3260237279999991,0.35550001300000034,0.3562499880000001,0.3459999860000007,0.3459999860000007,602224000.0,3.0434823276622724,0
2011-07-20,0.3218969999999999,0.351000011,0.3587499859999994,0.34999999399999915,0.3567500110000008,662956000.0,-1.2658233011091369,0
2011-07-21,0.3370288309999996,0.3675000070000003,0.37000000499999963,0.34624999799999934,0.3515000050000001,1143420000.0,4.700853413933381,0
2011-07-22,0.343906939,0.375,0.37624999900000056,0.3659999969999994,0.3707500100000001,737192000.0,2.04081438289605,0
2011-07-25,0.3384045059999998,0.36899998800000056,0.3707500100000001,0.3637500110000005,0.3692499999999992,566920000.0,-1.6000031999999997,0
2011-07-26,0.3301506639999996,0.3600000140000006,0.3675000070000003,0.3547500069999998,0.3585000039999997,698276000.0,-2.4390174234910855,0
2011-07-27,0.3177700039999998,0.34650000899999966,0.3567500110000008,0.3454999920000006,0.3549999889999995,652212000.0,-3.7500012430555008,0
2011-07-28,0.31708225600000084,0.3457500039999992,0.3529999850000003,0.3397499919999998,0.3452500099999991,648176000.0,-0.21645165382954135,0
2011-07-29,0.31708225600000084,0.3457500039999992,0.3490000070000008,0.3404999970000002,0.3422499900000009,677656000.0,0.0,0
2011-08-01,0.3340481820000001,0.3642500040000005,0.36524999100000066,0.3507499989999996,0.35374999000000074,1019620000.0,5.350686850606667,0
2011-08-02,0.3306092320000005,0.3605000080000007,0.3844999970000007,0.3605000080000007,0.3617500069999995,1356432000.0,-1.029511587870846,0
2011-08-03,0.33955073399999947,0.37024998699999934,0.3714999849999998,0.35774999899999926,0.36125001299999937,765236000.0,2.7045710911607124,0
2011-08-04,0.3072236180000001,0.33500000799999974,0.3634999990000001,0.33500000799999974,0.3634999990000001,979732000.0,-9.520588855550717,0
2011-08-05,0.2969062919999992,0.3237499889999995,0.3470000029999998,0.31499999799999934,0.34275001299999985,1270588000.0,-3.3582145466695024,0
2011-08-08,0.2735207380000002,0.2982499900000004,0.31900000599999956,0.2962499859999994,0.30799999799999966,1084180000.0,-7.87644783518433,0
2011-08-09,0.296447873,0.3232499959999995,0.3237499889999995,0.3000000119999999,0.30399998999999944,1329832000.0,8.38223196587533,0
2011-08-10,0.2829208370000007,0.3084999919999998,0.32275000199999937,0.3067499999999992,0.31374999900000056,1140052000.0,-4.56303300310017,0
2011-08-11,0.3074528280000006,0.33524998999999944,0.3397499919999998,0.3084999919999998,0.3084999919999998,1078792000.0,8.670988231338427,0
2011-08-12,0.29530137799999956,0.3219999970000007,0.3714999849999998,0.3167499899999999,0.3709999919999998,3195784000.0,-3.952272451969352,0
2011-08-15,0.3065357209999995,0.3342500029999993,0.33500000799999974,0.3235000069999998,0.3252500000000005,864152000.0,3.8043497248852587,0
2011-08-16,0.2978233990000003,0.32475000600000037,0.33500000799999974,0.31874999399999915,0.3305000069999995,716868000.0,-2.8421830709751794,0
2011-08-17,0.2936965229999995,0.3202500050000001,0.3312500119999999,0.3160000150000002,0.3257499930000005,553328000.0,-1.3856815756302043,0
2011-08-18,0.27374994800000074,0.29850000100000074,0.3087500040000002,0.29499998700000063,0.30575001200000074,802564000.0,-6.7915702296398095,0
2011-08-19,0.2689352629999995,0.29324999500000004,0.30974999100000034,0.29124999000000074,0.29350000600000037,761332000.0,-1.7587959740073988,0
2011-08-22,0.27374994800000074,0.29850000100000074,0.3050000070000003,0.29524999899999926,0.3014999930000002,611876000.0,1.7902834064839501,0
2011-08-23,0.3033259509999997,0.3307499889999992,0.3309999999999995,0.305249989,0.30575001200000074,938312000.0,10.804016044207643,0
2011-08-24,0.29896974599999915,0.32600000499999915,0.3309999999999995,0.31749999500000037,0.33000001299999937,687500000.0,-1.4361252178303308,0
2011-08-25,0.2861305769999998,0.3120000059999999,0.3252500000000005,0.31150001299999985,0.3194999989999996,690968000.0,-4.294478154992665,0
2011-08-26,0.2982819679999995,0.3252500000000005,0.32850000300000026,0.305249989,0.3107500079999994,732660000.0,4.246792867048854,0
2011-08-29,0.3063064519999994,0.33399999100000066,0.33524998999999944,0.3267500099999996,0.3345000149999997,601528000.0,2.690235511145267,0
2011-08-30,0.31364315699999956,0.3420000079999994,0.34474998700000015,0.3294999900000004,0.33175000499999996,684760000.0,2.3952147352004127,0
2011-08-31,0.30516010500000057,0.3327499930000002,0.3479999899999999,0.33000001299999937,0.34450000500000044,705808000.0,-2.7046826852705763,0
2011-09-01,0.3044722970000002,0.33199998699999966,0.34450000500000044,0.33175000499999996,0.33724999400000044,762312000.0,-0.22539624816761972,0
2011-09-02,0.29621854400000025,0.3230000139999998,0.3289999960000003,0.32049998599999974,0.32449999500000004,471356000.0,-2.710835347111018,0
2011-09-06,0.3021796049999992,0.3294999900000004,0.33024999500000085,0.30950000900000063,0.3125,696248000.0,2.012376383364489,0
2011-09-07,0.3267115950000008,0.3562499880000001,0.3659999969999994,0.34650000899999966,0.3562499880000001,1606620000.0,8.11836079266648,0
2011-09-08,0.3251067400000007,0.3544999959999995,0.36125001299999937,0.34874999500000037,0.3527500030000006,880164000.0,-0.4912258411079673,0
2011-09-09,0.3182286619999992,0.3470000029999998,0.36100000100000074,0.3440000120000004,0.3515000050000001,869828000.0,-2.115653902574366,0
2011-09-12,0.325794578,0.3552500009999999,0.3582499919999993,0.3422499900000009,0.3422499900000009,916480000.0,2.3775210169090455,0
2011-09-13,0.3331311639999992,0.36324998699999966,0.36500000999999926,0.3527500030000006,0.3582499919999993,853836000.0,2.2519313096356575,0
2011-09-14,0.3503266570000001,0.3819999989999996,0.38675001300000034,0.37250000200000066,0.3727500139999993,1547192000.0,5.161737830977531,0
2011-09-15,0.35537055100000003,0.3874999880000001,0.39250001299999937,0.3840000030000006,0.39050000900000015,752908000.0,1.439787700104156,0
2011-09-16,0.3544534739999996,0.3865000009999999,0.4025000040000002,0.3844999970000007,0.3882499930000005,1391588000.0,-0.25806116928189793,0
2011-09-19,0.34711676799999935,0.3785000150000002,0.3827500050000001,0.36875000600000085,0.37999999500000037,968204000.0,-2.0698540696769463,0
2011-09-20,0.3381752070000008,0.36875000600000085,0.38475000899999934,0.36700001400000026,0.38324999800000015,792436000.0,-2.5759600035947128,0
2011-09-21,0.33175548900000074,0.3617500069999995,0.3772499860000007,0.36149999500000085,0.3707500100000001,715252000.0,-1.898304782671656,0
2011-09-22,0.3097455199999999,0.33774998800000056,0.3479999899999999,0.3312500119999999,0.3474999959999998,1314632000.0,-6.634421157039528,0
2011-09-23,0.31616511900000077,0.34474998700000015,0.3544999959999995,0.33375000999999926,0.33575001400000026,1011440000.0,2.072538637662369,0
2011-09-26,0.31685298700000075,0.3454999920000006,0.34999999399999915,0.33000001299999937,0.3490000070000008,972124000.0,0.21755040704323214,0
2011-09-27,0.31731140599999996,0.3459999860000007,0.35725000499999915,0.3432500059999999,0.3542500139999998,781388000.0,0.1447160670267067,0
2011-09-28,0.3076820369999993,0.33550000199999985,0.35550001300000034,0.33000001299999937,0.34674999099999937,1236532000.0,-3.0346775794378056,0
2011-09-29,0.30011606200000074,0.3272500039999997,0.3472500150000002,0.31874999399999915,0.3415000139999993,866416000.0,-2.4590157826586356,0
2011-09-30,0.2868183850000001,0.3127500120000004,0.3237499889999995,0.3122499879999996,0.3219999970000007,677784000.0,-4.430860755619714,0
2011-10-03,0.27076941700000035,0.29524999899999926,0.31850001199999944,0.29524999899999926,0.3087500040000002,949896000.0,-5.5955275231132635,0
2011-10-04,0.29576009500000033,0.32249999000000074,0.32249999000000074,0.2867499890000005,0.28799998799999926,1361548000.0,9.229463536763639,0
2011-10-05,0.3063064519999994,0.33399999100000066,0.33700001200000074,0.31525000899999966,0.3217499850000003,856708000.0,3.5658918935160155,0
2011-10-06,0.3184578120000001,0.3472500150000002,0.34825000200000034,0.33524998999999944,0.33575001400000026,773192000.0,3.967073160789414,0
2011-10-07,0.3244188430000001,0.35374999000000074,0.35899999699999974,0.3415000139999993,0.34874999500000037,806976000.0,1.871842971698645,0
2011-10-10,0.3388629559999998,0.3695000109999995,0.3695000109999995,0.35899999699999974,0.35975000300000026,534376000.0,4.4523028820439015,0
2011-10-11,0.33519461799999917,0.3655000029999993,0.37250000200000066,0.3642500040000005,0.36649998999999944,816080000.0,-1.0825461112097257,0
2011-10-12,0.33496528899999944,0.36524999100000066,0.3727500139999993,0.36500000999999926,0.37250000200000066,612064000.0,-0.06840273541667274,0
2011-10-13,0.3544534739999996,0.3865000009999999,0.38725000600000037,0.3625000119999999,0.3634999990000001,854832000.0,5.817935803864249,0
2011-10-14,0.36041444499999997,0.3930000069999995,0.3972499969999994,0.38350001000000056,0.3932499889999992,702452000.0,1.6817609270846967,0
2011-10-17,0.3425312940000005,0.3734999900000009,0.38850000499999915,0.3714999849999998,0.38850000499999915,611780000.0,-4.961836298389677,0
2011-10-18,0.35491189400000067,0.38699999500000004,0.3880000110000008,0.3692499999999992,0.3714999849999998,590916000.0,3.614459266786052,0
2011-10-19,0.34780454600000077,0.3792499899999999,0.39425000499999996,0.3782500029999998,0.3874999880000001,557568000.0,-2.0025852971910285,0
2011-10-20,0.3303799329999997,0.3602499960000003,0.37049999799999966,0.3459999860000007,0.36899998800000056,990308000.0,-5.0098864867471615,0
2011-10-21,0.33198478799999975,0.3619999889999992,0.3707500100000001,0.35600000600000037,0.36474999800000063,628428000.0,0.48577183051516926,0
2011-10-24,0.3443655069999991,0.3754999940000001,0.38124999399999915,0.36274999399999963,0.3634999990000001,535256000.0,3.7292832624920225,0
2011-10-25,0.3312969799999994,0.36125001299999937,0.3732500079999994,0.3605000080000007,0.37024998699999934,577996000.0,-3.7949350806114834,0
2011-10-26,0.33519461799999917,0.3655000029999993,0.37024998699999934,0.3549999889999995,0.36825001200000074,503116000.0,1.1764677777326593,0
2011-10-27,0.34963884899999975,0.38124999399999915,0.38499999000000074,0.37049999799999966,0.3790000080000002,577732000.0,4.309163028926144,0
2011-10-28,0.3576632439999994,0.3899999859999994,0.3934999999999995,0.3770000039999992,0.37799999099999937,490156000.0,2.295079904971753,0
2011-10-31,0.339321494,0.37000000499999963,0.37975001300000066,0.37000000499999963,0.37749999799999934,519984000.0,-5.128200440499498,0
2011-11-01,0.32235556800000076,0.3515000050000001,0.35749998700000063,0.3479999899999999,0.3565000000000005,790824000.0,-4.999999932432441,0
2011-11-02,0.31685298700000075,0.3454999920000006,0.3567500110000008,0.3382500109999995,0.3549999889999995,961608000.0,-1.70697380217677,0
2011-11-03,0.33588248500000084,0.36625000799999974,0.36700001400000026,0.3400000040000002,0.3492499890000005,749372000.0,6.005793482044441,0
2011-11-04,0.33978000299999955,0.37049999799999966,0.3717499970000002,0.35725000499999915,0.36300000499999996,654840000.0,1.1604068005917956,0
2011-11-07,0.3379458789999994,0.36849999400000044,0.37400001299999985,0.3600000140000006,0.367749989,613536000.0,-0.5398121486629548,0
2011-11-08,0.3457410630000002,0.3770000039999992,0.3792499899999999,0.3672499949999999,0.3732500079999994,549728000.0,2.306651326566911,0
2011-11-09,0.32831656900000006,0.3580000099999996,0.3729999960000008,0.3565000000000005,0.36825001200000074,532244000.0,-5.03978615342402,0
2011-11-10,0.33175548900000074,0.3617500069999995,0.37049999799999966,0.3527500030000006,0.36675000199999985,990484000.0,1.0474851662713558,0
2011-11-11,0.34344839999999976,0.3745000059999999,0.37749999799999934,0.35174998599999974,0.37200000900000063,1751560000.0,3.5245331729876206,0
2011-11-14,0.3367995619999995,0.3672499949999999,0.3782500029999998,0.36625000799999974,0.3745000059999999,500292000.0,-1.9359174589706152,0
2011-11-15,0.3411557080000005,0.37200000900000063,0.3747499879999996,0.36274999399999963,0.3637500110000005,505660000.0,1.2934006983444712,0
2011-11-16,0.33427742099999946,0.3644999860000002,0.3747499879999996,0.36324998699999966,0.36500000999999926,512420000.0,-2.0161351662763005,0
2011-11-17,0.32235556800000076,0.3515000050000001,0.36474999800000063,0.34499999900000056,0.3637500110000005,657504000.0,-3.5665244168212373,0
2011-11-18,0.3193748299999992,0.34825000200000034,0.35350000899999934,0.34450000500000044,0.35350000899999934,501352000.0,-0.9246096596783882,0
2011-11-21,0.3354240060000002,0.3657500149999997,0.3692499999999992,0.33750000600000085,0.34275001299999985,1330788000.0,5.025129332231848,0
2011-11-22,0.3457410630000002,0.3770000039999992,0.3790000080000002,0.367749989,0.3697499929999992,1287480000.0,3.0758683632589934,0
2011-11-23,0.33106765199999977,0.36100000100000074,0.37575000500000044,0.3607499900000004,0.3729999960000008,825340000.0,-4.244032580965163,0
2011-11-25,0.3218969999999999,0.351000011,0.3644999860000002,0.34999999399999915,0.3562499880000001,406620000.0,-2.7700803247366235,0
2011-11-28,0.3400093910000006,0.3707500100000001,0.37624999900000056,0.3625000119999999,0.3625000119999999,690616000.0,5.6267801655425,0
2011-11-29,0.34184348600000014,0.3727500139999993,0.37749999799999934,0.36675000199999985,0.37024998699999934,623440000.0,0.5394481311005173,0
2011-11-30,0.3583510220000008,0.39074999099999985,0.3917500080000007,0.3807500000000008,0.3840000030000006,730324000.0,4.828967491333214,0
2011-12-01,0.3627071379999993,0.3955000040000005,0.39649999100000066,0.3857499959999995,0.3874999880000001,529760000.0,1.215614359412731,0
2011-12-02,0.36041444499999997,0.3930000069999995,0.40125000499999963,0.3892500099999996,0.39974999400000044,546464000.0,-0.6321104866537586,0
2011-12-05,0.35491189400000067,0.38699999500000004,0.40000000600000085,0.38374999200000026,0.39950001200000074,644696000.0,-1.5267205834935238,0
2011-12-06,0.34986797000000003,0.38150000599999956,0.3899999859999994,0.37749999799999934,0.3892500099999996,573832000.0,-1.421185806475267,0
2011-12-07,0.34780454600000077,0.3792499899999999,0.3819999989999996,0.3712500040000002,0.3790000080000002,510016000.0,-0.5897813799772278,0
2011-12-08,0.3367995619999995,0.3672499949999999,0.38174998799999926,0.3659999969999994,0.3754999940000001,491488000.0,-3.1641385145455114,0
2011-12-09,0.34161421700000005,0.37250000200000066,0.3754999940000001,0.35949999099999985,0.3644999860000002,555840000.0,1.4295458329413924,0
2011-12-12,0.3331311639999992,0.36324998699999966,0.3659999969999994,0.3565000000000005,0.3644999860000002,573208000.0,-2.4832254900229556,0
2011-12-13,0.3239603940000002,0.3532499970000007,0.37250000200000066,0.351000011,0.3680000010000004,516596000.0,-2.7529223283908943,0
2011-12-14,0.3113504349999996,0.3395000100000001,0.35225001000000056,0.33575001400000026,0.35025000599999956,636020000.0,-3.892423812249879,0
2011-12-15,0.30859914400000044,0.336499989,0.3474999959999998,0.33575001400000026,0.3452500099999991,435148000.0,-0.8836585895829585,0
2011-12-16,0.3097455199999999,0.33774998800000056,0.3457500039999992,0.3362500070000003,0.33924999799999966,619116000.0,0.37147074022638726,0
2011-12-19,0.301721036,0.3289999960000003,0.3432500059999999,0.32774999699999974,0.33924999799999966,463276000.0,-2.590671298558267,0
2011-12-20,0.3186870810000002,0.3474999959999998,0.34874999500000037,0.336499989,0.336499989,445208000.0,5.6231003723173245,0
2011-12-21,0.31456029399999963,0.34299999499999956,0.3492499890000005,0.3362500070000003,0.3454999920000006,548424000.0,-1.2949643314528192,0
2011-12-22,0.32808726999999926,0.35774999899999926,0.3587499859999994,0.3440000120000004,0.3440000120000004,576560000.0,4.3002927740567465,0
2011-12-23,0.3248774109999992,0.3542500139999998,0.3600000140000006,0.3512499929999997,0.35949999099999985,248948000.0,-0.9783326372559964,0
2011-12-27,0.32235556800000076,0.3515000050000001,0.3569999930000005,0.35049998799999926,0.3527500030000006,195712000.0,-0.7762904421508399,0
2011-12-28,0.3143309950000006,0.34275001299999985,0.35225001000000056,0.34250000099999944,0.3515000050000001,233960000.0,-2.489329125329598,0
2011-12-29,0.3202919959999999,0.3492499890000005,0.34999999399999915,0.34125000200000066,0.34624999799999934,211112000.0,1.8964188923312975,0
2011-12-30,0.3177700039999998,0.34650000899999966,0.35174998599999974,0.3459999860000007,0.3479999899999999,186956000.0,-0.7873958730461039,0
2012-01-03,0.3218969999999999,0.351000011,0.3600000140000006,0.35025000599999956,0.35749998700000063,468044000.0,1.2987018421693586,0
2012-01-04,0.32556518900000064,0.3549999889999995,0.3565000000000005,0.3479999899999999,0.3512499929999997,347372000.0,1.1395948360810815,0
2012-01-05,0.3372580109999994,0.367749989,0.3695000109999995,0.35174998599999974,0.3532499970000007,563548000.0,3.5915494070621,0
2012-01-06,0.3333604339999994,0.3634999990000001,0.367749989,0.35925000900000015,0.3675000070000003,533252000.0,-1.1556737259344918,0
2012-01-09,0.3333604339999994,0.3634999990000001,0.37049999799999966,0.36100000100000074,0.3637500110000005,508244000.0,0.0,0
2012-01-10,0.33198478799999975,0.3619999889999992,0.3692499999999992,0.35949999099999985,0.36899998800000056,546328000.0,-0.4126574976964448,0
2012-01-11,0.32533592000000056,0.3547500069999998,0.3619999889999992,0.3532499970000007,0.3587499859999994,484272000.0,-2.002757519420817,0
2012-01-12,0.32327255599999916,0.35249999200000026,0.35574999500000004,0.34474998700000015,0.35550001300000034,652364000.0,-0.6342536872733562,0
2012-01-13,0.31478947399999946,0.3432500059999999,0.3507499989999996,0.3415000139999993,0.34999999399999915,504300000.0,-2.624109563100352,0
2012-01-17,0.30997475999999935,0.3379999999999992,0.34850001300000066,0.33750000600000085,0.34850001300000066,627176000.0,-1.529499172099058,0
2012-01-18,0.3205211460000008,0.3495000000000008,0.35225001000000056,0.34275001299999985,0.34450000500000044,632676000.0,3.402366863905315,0
2012-01-19,0.32900425799999944,0.3587499859999994,0.35925000900000015,0.34874999500000037,0.35249999200000026,608312000.0,2.646634048640939,0
2012-01-20,0.3260237279999991,0.35550001300000034,0.3625000119999999,0.3542500139999998,0.3582499919999993,546272000.0,-0.9059158541681489,0
2012-01-23,0.33496528899999944,0.36524999100000066,0.3655000029999993,0.3512499929999997,0.35574999500000004,562792000.0,2.742609744995983,0
2012-01-24,0.3425312940000005,0.3734999900000009,0.375,0.3625000119999999,0.36274999399999963,730920000.0,2.2587266812554185,0
2012-01-25,0.3404678109999999,0.3712500040000002,0.37224999100000034,0.3529999850000003,0.3634999990000001,1274152000.0,-0.6024059063562404,0
2012-01-26,0.3372580109999994,0.367749989,0.38100001199999944,0.3657500149999997,0.3767499920000006,799672000.0,-0.9427649730072485,0
2012-01-27,0.34184348600000014,0.3727500139999993,0.3747499879999996,0.3625000119999999,0.3655000029999993,449996000.0,1.3596261453593161,0
2012-01-30,0.339321494,0.37000000499999963,0.3717499970000002,0.3607499900000004,0.36625000799999974,399076000.0,-0.7377622794670136,0
2012-01-31,0.338633776,0.3692499999999992,0.3712500040000002,0.36274999399999963,0.3709999919999998,357900000.0,-0.20270405131480596,0
2012-02-01,0.34230208399999995,0.3732500079999994,0.37749999799999934,0.36825001200000074,0.3734999900000009,428020000.0,1.0832790792146163,0
2012-02-02,0.3551412220000003,0.38725000600000037,0.38874998700000063,0.3714999849999998,0.3752500120000004,696236000.0,3.7508366242285485,0
2012-02-03,0.3627071379999993,0.3955000040000005,0.3987500070000003,0.39225000100000074,0.3930000069999995,495232000.0,2.1304061645385897,0
2012-02-06,0.3599559370000005,0.39250001299999937,0.39399999399999963,0.38899999899999926,0.3934999999999995,278868000.0,-0.7585312186242144,0
2012-02-07,0.3608731029999994,0.3934999999999995,0.3957499860000002,0.3865000009999999,0.3930000069999995,410296000.0,0.25477374952342924,0
2012-02-08,0.3739416000000002,0.4077500099999991,0.4154999850000003,0.3914999960000003,0.3934999999999995,847612000.0,3.621349428208376,0
2012-02-09,0.37371221199999916,0.40749999900000056,0.41499999200000026,0.4067499940000001,0.41275000599999956,561944000.0,-0.06131477470717739,0
2012-02-10,0.3645414410000001,0.39750000799999974,0.40500000099999944,0.3952499930000002,0.40349999100000034,440268000.0,-2.45398552749444,0
2012-02-13,0.3702730830000007,0.40375000200000066,0.40900000899999966,0.3955000040000005,0.40749999900000056,610668000.0,1.572325502946903,0
2012-02-14,0.372336507,0.4059999879999996,0.4095000029999998,0.40024998800000056,0.40375000200000066,453756000.0,0.5572720715429247,0
2012-02-15,0.3707317709999991,0.4042499960000008,0.4225000140000006,0.40325000900000063,0.4097500150000002,1110856000.0,-0.43103252505514167,0
2012-02-16,0.37715137,0.41124999500000037,0.41449999800000015,0.375,0.3765000099999991,1888588000.0,1.7316015013640218,0
2012-02-17,0.3633950650000006,0.39625000999999926,0.41424998599999974,0.39250001299999937,0.4115000070000008,1020360000.0,-3.6474128103028858,0
2012-02-21,0.36522927899999935,0.39825001400000026,0.4079999920000006,0.3952499930000002,0.39599999800000063,518176000.0,0.5047328579247168,0
2012-02-22,0.3627071379999993,0.3955000040000005,0.4059999879999996,0.3950000110000005,0.39625000999999926,492432000.0,-0.6905235162151135,0
2012-02-23,0.3647705909999992,0.39774998999999944,0.40000000600000085,0.3899999859999994,0.39625000999999926,323968000.0,0.5688965808455348,0
2012-02-24,0.3620193900000004,0.3947499990000001,0.39950001200000074,0.3930000069999995,0.398999989,366668000.0,-0.7542403709425605,0
2012-02-27,0.35468268400000014,0.38675001300000034,0.3914999960000003,0.38124999399999915,0.3897500039999997,745268000.0,-2.0265955719483086,0
2012-02-28,0.35147288399999965,0.38324999800000015,0.3912500140000006,0.3792499899999999,0.38675001300000034,699884000.0,-0.904981223620549,0
2012-02-29,0.3473460379999995,0.3787499959999998,0.39100000300000026,0.3785000150000002,0.3844999970000007,689196000.0,-1.1741688254359728,0
2012-03-01,0.34963884899999975,0.38124999399999915,0.3857499959999995,0.3787499959999998,0.3802500070000008,449944000.0,0.6600654855188459,0
2012-03-02,0.35261920099999955,0.3844999970000007,0.3899999859999994,0.37999999500000037,0.37999999500000037,684076000.0,0.8524598166944397,0
2012-03-05,0.34069716900000024,0.3714999849999998,0.3824999929999997,0.36875000600000085,0.38174998799999926,514848000.0,-3.3810174516074154,0
2012-03-06,0.3374873100000002,0.3680000010000004,0.37024998699999934,0.36149999500000085,0.3672499949999999,471400000.0,-0.9421222453077527,0
2012-03-07,0.33955073399999947,0.37024998699999934,0.3717499970000002,0.36500000999999926,0.37000000499999963,441984000.0,0.611409237468985,0
2012-03-08,0.34069716900000024,0.3714999849999998,0.3752500120000004,0.3692499999999992,0.3712500040000002,430852000.0,0.33760919483840635,0
2012-03-09,0.33978000299999955,0.37049999799999966,0.3752500120000004,0.36849999400000044,0.37250000200000066,367836000.0,-0.2691755155790898,0
2012-03-12,0.3345067499999992,0.36474999800000063,0.3745000059999999,0.3637500110000005,0.37200000900000063,299948000.0,-1.5519568234923398,0
2012-03-13,0.3390921949999992,0.3697499929999992,0.3717499970000002,0.3644999860000002,0.36625000799999974,553288000.0,1.3708005558371372,0
2012-03-14,0.32946285599999925,0.35925000900000015,0.37049999799999966,0.3580000099999996,0.3697499929999992,735708000.0,-2.839752318805322,0
2012-03-15,0.33427742099999946,0.3644999860000002,0.36649998999999944,0.35899999699999974,0.3602499960000003,382380000.0,1.461371431726266,0
2012-03-16,0.3347360790000007,0.36500000999999926,0.36649998999999944,0.36274999399999963,0.36474999800000063,428340000.0,0.13718080087936624,0
2012-03-19,0.33565315599999934,0.3659999969999994,0.36875000600000085,0.3642500040000005,0.36700001400000026,405400000.0,0.27396903358989366,0
2012-03-20,0.3301506639999996,0.3600000140000006,0.3639999930000002,0.3567500110000008,0.3639999930000002,449616000.0,-1.6393396309235642,0
2012-03-21,0.3315262790000002,0.36149999500000085,0.36474999800000063,0.35600000600000037,0.3600000140000006,467840000.0,0.4166613726854118,0
2012-03-22,0.33106765199999977,0.36100000100000074,0.3639999930000002,0.35774999899999926,0.3587499859999994,425372000.0,-0.13831092860734362,0
2012-03-23,0.3335897620000008,0.3637500110000005,0.36474999800000063,0.35749998700000063,0.3600000140000006,315456000.0,0.7617756211585114,0
2012-03-26,0.3374873100000002,0.3680000010000004,0.3697499929999992,0.3637500110000005,0.3672499949999999,288600000.0,1.1683820952516966,0
2012-03-27,0.33978000299999955,0.37049999799999966,0.375,0.36875000600000085,0.3695000109999995,419968000.0,0.679347009023501,0
2012-03-28,0.3475752770000007,0.3790000080000002,0.3840000030000006,0.37250000200000066,0.3752500120000004,892448000.0,2.2941997424788196,0
2012-03-29,0.3491801920000004,0.3807500000000008,0.38374999200000026,0.37375000099999944,0.3785000150000002,372700000.0,0.46173930423769605,0
2012-03-30,0.35307782900000007,0.38499999000000074,0.38725000600000037,0.3785000150000002,0.3840000030000006,527240000.0,1.116215364412354,0
2012-04-02,0.35147288399999965,0.38324999800000015,0.38725000600000037,0.37775000899999966,0.3840000030000006,407776000.0,-0.45454338842970676,0
2012-04-03,0.3457410630000002,0.3770000039999992,0.3865000009999999,0.375,0.3860000069999998,430476000.0,-1.6307877449747488,0
2012-04-04,0.33588248500000084,0.36625000799999974,0.37599998700000015,0.3639999930000002,0.3712500040000002,495896000.0,-2.8514577946794906,0
2012-04-05,0.3354240060000002,0.3657500149999997,0.3712500040000002,0.3644999860000002,0.36675000199999985,369424000.0,-0.13651685708633288,0
2012-04-09,0.33106765199999977,0.36100000100000074,0.3622499999999995,0.35400000199999937,0.3600000140000006,365504000.0,-1.298705073190487,0
2012-04-10,0.3246481120000002,0.35400000199999937,0.3644999860000002,0.35225001000000056,0.35949999099999985,470360000.0,-1.939057889365503,0
2012-04-11,0.3287750480000007,0.3585000039999997,0.36625000799999974,0.35749998700000063,0.3587499859999994,372960000.0,1.2711869984678659,0
2012-04-12,0.33657035200000074,0.36700001400000026,0.36899998800000056,0.35749998700000063,0.35899999699999974,384868000.0,2.3709930000447077,0
2012-04-13,0.3246481120000002,0.35400000199999937,0.3657500149999997,0.35374999000000074,0.3637500110000005,311324000.0,-3.5422374670536105,0
2012-04-16,0.32075065399999936,0.34975001199999944,0.35749998700000063,0.3440000120000004,0.3565000000000005,463468000.0,-1.2005621401098177,0
2012-04-17,0.3214383129999998,0.35049998799999926,0.3549999889999995,0.3492499890000005,0.3507499989999996,460696000.0,0.2144320155162749,0
2012-04-18,0.31799927399999994,0.34674999099999937,0.34999999399999915,0.34250000099999944,0.34825000200000034,400764000.0,-1.069899323363177,0
2012-04-19,0.3131846490000001,0.3415000139999993,0.3552500009999999,0.3397499919999998,0.3422499900000009,667188000.0,-1.5140525266805205,0
2012-04-20,0.306994349,0.3347499969999994,0.34450000500000044,0.33399999100000066,0.3434999879999996,509592000.0,-1.9765788355136094,0
2012-04-23,0.3033259509999997,0.3307499889999992,0.3322499990000001,0.32275000199999937,0.3289999960000003,706244000.0,-1.1949239838230707,0
2012-04-24,0.29392576200000065,0.32049998599999974,0.3345000149999997,0.31874999399999915,0.33175000499999996,730440000.0,-3.099018394827524,0
2012-04-25,0.2998868530000003,0.3269999919999993,0.3294999900000004,0.31924998799999926,0.3252500000000005,727112000.0,2.028083083910026,0
2012-04-26,0.30011606200000074,0.3272500039999997,0.33000001299999937,0.32449999500000004,0.3267500099999996,539208000.0,0.07645627098362695,0
2012-04-27,0.297594041,0.32449999500000004,0.3287500140000006,0.32100001000000056,0.3267500099999996,475356000.0,-0.8403388743732476,0
2012-04-30,0.2980526690000005,0.3249999880000001,0.3267500099999996,0.32049998599999974,0.32275000199999937,262268000.0,0.15408105013994255,0
2012-05-01,0.3033259509999997,0.3307499889999992,0.3342500029999993,0.3232499959999995,0.3232499959999995,408680000.0,1.7692311422485396,0
2012-05-02,0.2946135699999992,0.32124999200000026,0.3307499889999992,0.3194999989999996,0.3294999900000004,684008000.0,-2.8722592036125594,0
2012-05-03,0.28956961599999964,0.3157500029999998,0.3240000009999999,0.31374999900000056,0.3219999970000007,419536000.0,-1.712058875319744,0
2012-05-04,0.28108671300000054,0.30649998800000056,0.31549999099999937,0.30649998800000056,0.31374999900000056,545092000.0,-2.929537581033692,0
2012-05-07,0.28590121899999943,0.31174999499999956,0.31725001300000066,0.3092499970000002,0.3120000059999999,604440000.0,1.712889789737937,0
2012-05-08,0.2856720690000003,0.31150001299999985,0.31349998700000015,0.3034999969999994,0.3089999849999998,462312000.0,-0.08018668933739148,0
2012-05-09,0.2868183850000001,0.3127500120000004,0.31525000899999966,0.3030000029999993,0.30599999400000044,520608000.0,0.40128377137500504,0
2012-05-10,0.28475490199999953,0.3104999960000008,0.3162499959999998,0.3055000010000004,0.3157500029999998,597092000.0,-0.7194295487349289,0
2012-05-11,0.3028673830000006,0.33024999500000085,0.3420000079999994,0.3289999960000003,0.3362500070000003,1435140000.0,6.360708294501882,0
2012-05-14,0.30103310900000047,0.32824999099999985,0.3332499860000002,0.32074999800000015,0.3274999859999994,437472000.0,-0.6056030371779375,0
2012-05-15,0.2980526690000005,0.3249999880000001,0.33550000199999985,0.3235000069999998,0.32824999099999985,599940000.0,-0.9900999509852237,0
2012-05-16,0.29209169700000004,0.31850001199999944,0.3292500080000007,0.31749999500000037,0.3255000110000008,470484000.0,-1.9999926892305009,0
2012-05-17,0.29002821399999945,0.3162499959999998,0.32275000199999937,0.3162499959999998,0.319750011,335364000.0,-0.7064414176537026,0
2012-05-18,0.2769596579999991,0.3019999860000002,0.31850001199999944,0.30050000499999996,0.31700000200000034,567288000.0,-4.505932072802299,0
2012-05-21,0.2817744609999995,0.3072499929999992,0.3087500040000002,0.30050000499999996,0.30250000999999926,416260000.0,1.7384129944959748,0
2012-05-22,0.27833536300000006,0.3034999969999994,0.30750000499999963,0.29899999500000085,0.3070000109999995,410140000.0,-1.2205032011180506,0
2012-05-23,0.28521356000000075,0.3109999900000009,0.31150001299999985,0.2957499919999993,0.30024999399999963,496000000.0,2.4711674049868293,0
2012-05-24,0.2776475549999997,0.30274999100000066,0.31325000500000044,0.30050000499999996,0.3127500120000004,520420000.0,-2.652732882724529,0
2012-05-25,0.284296393,0.31000000200000066,0.3125,0.30250000999999926,0.30250000999999926,391752000.0,2.394718816027974,0
2012-05-29,0.29163315899999986,0.3179999890000005,0.3199999929999997,0.31374999900000056,0.31499999799999934,310000000.0,2.5806409510926276,0
2012-05-30,0.2881940010000008,0.3142499920000006,0.3167499899999999,0.3087500040000002,0.3145000039999992,379792000.0,-1.1792443804141128,0
2012-05-31,0.2849842010000003,0.3107500079999994,0.31549999099999937,0.3067499999999992,0.3142499920000006,358192000.0,-1.1137578644711543,0
2012-06-01,0.27466696499999976,0.2994999889999992,0.3072499929999992,0.29899999500000085,0.30425000199999985,440984000.0,-3.6202795528166187,0
2012-06-04,0.2689352629999995,0.29324999500000004,0.30274999100000066,0.2907499970000007,0.3009999990000001,432856000.0,-2.0868094255589553,0
2012-06-05,0.27673041799999964,0.3017500040000005,0.30250000999999926,0.2917500139999998,0.2917500139999998,365224000.0,2.8985538431126168,0
2012-06-06,0.2840670939999992,0.30974999100000034,0.3104999960000008,0.3017500040000005,0.30399998999999944,368968000.0,2.6511969822542225,0
2012-06-07,0.2726036910000005,0.29725000300000026,0.3160000150000002,0.29699999099999985,0.3142499920000006,526780000.0,-4.035508753251271,0
2012-06-08,0.27787688399999944,0.3030000029999993,0.30399998999999944,0.2977499960000003,0.2982499900000004,370308000.0,1.934398634808443,0
2012-06-11,0.28108671300000054,0.30649998800000056,0.3182500000000008,0.30575001200000074,0.3127500120000004,839080000.0,1.1551105496193648,0
2012-06-12,0.2868183850000001,0.3127500120000004,0.3157500029999998,0.30950000900000063,0.31000000200000066,496128000.0,2.039159623066622,0
2012-06-13,0.2792524699999994,0.30450001400000026,0.31325000500000044,0.3030000029999993,0.3125,494276000.0,-2.63788894754704,0
2012-06-14,0.2758133409999992,0.30074998699999966,0.30649998800000056,0.2977499960000003,0.30399998999999944,589884000.0,-1.2315359039687945,0
2012-06-15,0.2817744609999995,0.3072499929999992,0.30750000499999963,0.30024999399999963,0.3030000029999993,385288000.0,2.161265596330675,0
2012-06-18,0.284296393,0.31000000200000066,0.3125,0.30250000999999926,0.3050000070000003,304424000.0,0.8950395647364662,0
2012-06-19,0.3035550709999999,0.3309999999999995,0.33575001400000026,0.32124999200000026,0.32275000199999937,960476000.0,6.774192859521344,0
2012-06-20,0.308369935,0.3362500070000003,0.34250000099999944,0.3322499990000001,0.3342500029999993,972720000.0,1.5861048338368544,0
2012-06-21,0.2943844200000001,0.32100001000000056,0.3359999949999999,0.3202500050000001,0.3359999949999999,516376000.0,-4.535314998521322,0
2012-06-22,0.2980526690000005,0.3249999880000001,0.3287500140000006,0.32049998599999974,0.3249999880000001,865360000.0,1.2460990266012884,0
2012-06-25,0.2886525990000006,0.3147499860000007,0.32624998700000063,0.31349998700000015,0.3252500000000005,494616000.0,-3.1538468856805113,0
2012-06-26,0.29186239799999925,0.3182500000000008,0.32049998599999974,0.3120000059999999,0.3165000080000002,437152000.0,1.1119981431865655,0
2012-06-27,0.30126255799999946,0.32850000300000026,0.3307499889999992,0.31850001199999944,0.31850001199999944,506064000.0,3.22073935585232,0
2012-06-28,0.3035550709999999,0.3309999999999995,0.3330000040000005,0.32275000199999937,0.3255000110000008,545896000.0,0.7610340874182775,0
2012-06-29,0.31685298700000075,0.3454999920000006,0.34624999799999934,0.3384999929999992,0.33875000499999963,616508000.0,4.380662235649524,0
2012-07-02,0.308369935,0.3362500070000003,0.3474999959999998,0.33349999800000063,0.3472500150000002,581684000.0,-2.677275025812431,0
2012-07-03,0.31639438899999917,0.34499999900000056,0.3457500039999992,0.3359999949999999,0.3362500070000003,219284000.0,2.602228049916433,0
2012-07-05,0.3131846490000001,0.3415000139999993,0.3442499940000001,0.3362500070000003,0.34275001299999985,280076000.0,-1.014488408737646,0
2012-07-06,0.3072236180000001,0.33500000799999974,0.3400000040000002,0.3312500119999999,0.33899998699999934,382760000.0,-1.9033691752645132,0
2012-07-09,0.3030967120000003,0.3305000069999995,0.3345000149999997,0.32774999699999974,0.3330000040000005,306336000.0,-1.343283848518606,0
2012-07-10,0.29392576200000065,0.32049998599999974,0.3367500010000004,0.3179999890000005,0.3269999919999993,512028000.0,-3.0257248980935625,0
2012-07-11,0.28911101799999983,0.31525000899999966,0.3255000110000008,0.31374999900000056,0.3215000030000006,485216000.0,-1.6380584178871116,0
2012-07-12,0.284296393,0.31000000200000066,0.3122499879999996,0.3072499929999992,0.31174999499999956,472160000.0,-1.6653471372303774,0
2012-07-13,0.28796490999999946,0.3140000099999991,0.31549999099999937,0.3082500100000001,0.3102500139999993,324260000.0,1.2903251529656545,0
2012-07-16,0.28888177900000045,0.31499999799999934,0.31749999500000037,0.3089999849999998,0.3120000059999999,334460000.0,0.3184675057812836,0
2012-07-17,0.28360861500000034,0.3092499970000002,0.3177500070000008,0.30399998999999944,0.3160000150000002,447476000.0,-1.8253971544469727,0
2012-07-18,0.29942831400000003,0.32649999899999926,0.3309999999999995,0.3070000109999995,0.3084999919999998,616008000.0,5.578012018541756,0
2012-07-19,0.3024089340000007,0.32975000100000074,0.33399999100000066,0.32649999899999926,0.3287500140000006,403036000.0,0.9954064349017244,0
2012-07-20,0.2936965229999995,0.3202500050000001,0.33000001299999937,0.3167499899999999,0.32774999699999974,451000000.0,-2.880969210368556,0
2012-07-23,0.297594041,0.32449999500000004,0.3267500099999996,0.3082500100000001,0.31174999499999956,451584000.0,1.3270850690541014,0
2012-07-24,0.2943844200000001,0.32100001000000056,0.3269999919999993,0.31725001300000066,0.3249999880000001,351164000.0,-1.0785778286375614,0
2012-07-25,0.30011606200000074,0.3272500039999997,0.3305000069999995,0.31850001199999944,0.3199999929999997,415044000.0,1.947038568628079,0
2012-07-26,0.30149182699999955,0.3287500140000006,0.33700001200000074,0.32624998700000063,0.3332499860000002,338440000.0,0.4583682144126078,0
2012-07-27,0.3090577129999996,0.33700001200000074,0.3379999999999992,0.3274999859999994,0.33000001299999937,376516000.0,2.5095049881883824,0
2012-07-30,0.3056185540000005,0.3332499860000002,0.34125000200000066,0.3305000069999995,0.33700001200000074,363552000.0,-1.1127673194266885,0
2012-07-31,0.31043335799999916,0.3384999929999992,0.3432500059999999,0.3327499930000002,0.3332499860000002,387788000.0,1.5753960151704272,0
2012-08-01,0.306994349,0.3347499969999994,0.34375,0.3332499860000002,0.3404999970000002,335912000.0,-1.1078274970599433,0
2012-08-02,0.3081405460000006,0.3359999949999999,0.34099999100000034,0.3274999859999994,0.3330000040000005,367912000.0,0.37341240065791315,0
2012-08-03,0.31456029399999963,0.34299999499999956,0.34650000899999966,0.3332499860000002,0.34125000200000066,326548000.0,2.083333364335327,0
2012-08-06,0.32120904299999964,0.35025000599999956,0.35199999800000015,0.3457500039999992,0.34624999799999934,360324000.0,2.11370586171582,0
2012-08-07,0.3244188430000001,0.35374999000000074,0.35749998700000063,0.35174998599999974,0.3544999959999995,407340000.0,0.9992816388417092,0
2012-08-08,0.3262530570000006,0.35574999500000004,0.35949999099999985,0.35249999200000026,0.35350000899999934,517064000.0,0.5653724541447858,0
2012-08-09,0.3372580109999994,0.367749989,0.36849999400000044,0.35574999500000004,0.3562499880000001,822300000.0,3.3731536665235984,0
2012-08-10,0.33519461799999917,0.3655000029999993,0.3804999890000005,0.3607499900000004,0.37749999799999934,1278744000.0,-0.6118248993339792,0
2012-08-13,0.33955073399999947,0.37024998699999934,0.37049999799999966,0.3644999860000002,0.3659999969999994,447244000.0,1.299585215051291,0
2012-08-14,0.3345067499999992,0.36474999800000063,0.37200000900000063,0.36324998699999966,0.3714999849999998,388828000.0,-1.48547986309584,0
2012-08-15,0.33198478799999975,0.3619999889999992,0.36899998800000056,0.3602499960000003,0.3659999969999994,594404000.0,-0.7539435270949579,0
2012-08-16,0.3388629559999998,0.3695000109999995,0.3707500100000001,0.3639999930000002,0.36524999100000066,371008000.0,2.0718293447240965,0
2012-08-17,0.33588248500000084,0.36625000799999974,0.3695000109999995,0.36300000499999996,0.3695000109999995,309864000.0,-0.8795677681319503,0
2012-08-20,0.33588248500000084,0.36625000799999974,0.36675000199999985,0.3607499900000004,0.36500000999999926,314392000.0,0.0,0
2012-08-21,0.33496528899999944,0.36524999100000066,0.3697499929999992,0.36149999500000085,0.3675000070000003,340248000.0,-0.2730421783362802,0
2012-08-22,0.33565315599999934,0.3659999969999994,0.3675000070000003,0.3617500069999995,0.36300000499999996,313556000.0,0.20534045680511426,0
2012-08-23,0.32808726999999926,0.35774999899999926,0.3655000029999993,0.3562499880000001,0.36524999100000066,379040000.0,-2.2540978326838768,0
2012-08-24,0.3347360790000007,0.36500000999999926,0.36675000199999985,0.3569999930000005,0.35774999899999926,347724000.0,2.0265579371811615,0
2012-08-27,0.32900425799999944,0.3587499859999994,0.3657500149999997,0.3585000039999997,0.36474999800000063,340944000.0,-1.7123352955524473,0
2012-08-28,0.3276286129999999,0.35725000499999915,0.3607499900000004,0.3552500009999999,0.35600000600000037,310764000.0,-0.4181131870483301,0
2012-08-29,0.32831656900000006,0.3580000099999996,0.3602499960000003,0.3562499880000001,0.3569999930000005,250412000.0,0.20993841553620385,0
2012-08-30,0.3221261799999997,0.3512499929999997,0.3585000039999997,0.3495000000000008,0.35725000499999915,307488000.0,-1.8854795562715188,0
2012-08-31,0.32166764099999945,0.3507499989999996,0.3562499880000001,0.3472500150000002,0.35374999000000074,485064000.0,-0.1423470491001555,0
2012-09-04,0.3044722970000002,0.33199998699999966,0.34624999799999934,0.3287500140000006,0.34499999900000056,694452000.0,-5.345691248312734,0
2012-09-05,0.30538937400000066,0.3330000040000005,0.3379999999999992,0.3294999900000004,0.3332499860000002,480256000.0,0.301209951553405,0
2012-09-06,0.31478947399999946,0.3432500059999999,0.35225001000000056,0.33524998999999944,0.33550000199999985,657296000.0,3.078078641704751,0
2012-09-07,0.3072236180000001,0.33500000799999974,0.33724999400000044,0.3237499889999995,0.3345000149999997,781064000.0,-2.4034953694946126,0
2012-09-10,0.3044722970000002,0.33199998699999966,0.33899998699999934,0.3312500119999999,0.3342500029999993,371108000.0,-0.8955286353306668,0
2012-09-11,0.3081405460000006,0.3359999949999999,0.34125000200000066,0.3305000069999995,0.33175000499999996,382808000.0,1.2048217339237333,0
2012-09-12,0.3115796450000001,0.3397499919999998,0.3415000139999993,0.33550000199999985,0.33875000499999963,322608000.0,1.116070552322479,0
2012-09-13,0.31364315699999956,0.3420000079999994,0.3440000120000004,0.33550000199999985,0.34275001299999985,433836000.0,0.6622563805682269,0
2012-09-14,0.31731140599999996,0.3459999860000007,0.35199999800000015,0.3417499960000008,0.3417499960000008,339468000.0,1.1695841831676157,0
2012-09-17,0.30859914400000044,0.336499989,0.34674999099999937,0.3327499930000002,0.34674999099999937,493348000.0,-2.7456639839285923,0
2012-09-18,0.3106625970000003,0.33875000499999963,0.34275001299999985,0.3325000110000005,0.3327499930000002,359952000.0,0.6686526221550748,0
2012-09-19,0.3143309950000006,0.34275001299999985,0.3474999959999998,0.33550000199999985,0.3395000100000001,451936000.0,1.1808141523127036,0
2012-09-20,0.31203824299999994,0.3402499849999998,0.34375,0.33750000600000085,0.3420000079999994,320596000.0,-0.7294027440343354,0
2012-09-21,0.3134138289999999,0.3417499960000008,0.34375,0.3395000100000001,0.34075000900000063,340136000.0,0.4408555668268477,0
2012-09-24,0.3131846490000001,0.3415000139999993,0.3420000079999994,0.33575001400000026,0.3362500070000003,357832000.0,-0.07314762338723746,0
2012-09-25,0.3074528280000006,0.33524998999999944,0.3474999959999998,0.3347499969999994,0.3459999860000007,481544000.0,-1.8301680069623738,0
2012-09-26,0.3021796049999992,0.3294999900000004,0.3342500029999993,0.3255000110000008,0.33399999100000066,436812000.0,-1.7151380079086564,0
2012-09-27,0.3044722970000002,0.33199998699999966,0.3325000110000005,0.3274999859999994,0.33024999500000085,558888000.0,0.7587244539825289,0
2012-09-28,0.30584794299999984,0.33349999800000063,0.3382500109999995,0.32624998700000063,0.3305000069999995,485508000.0,0.45181055986005525,0
2012-10-01,0.3008040489999999,0.32800000900000015,0.33700001200000074,0.3267500099999996,0.33500000799999974,504236000.0,-1.6491721238331314,0
2012-10-02,0.3019503360000009,0.3292500080000007,0.33024999500000085,0.3255000110000008,0.33024999500000085,295492000.0,0.38109724564061587,0
2012-10-03,0.29896974599999915,0.32600000499999915,0.3309999999999995,0.32425001300000034,0.33000001299999937,430872000.0,-0.9870927626522641,0
2012-10-04,0.312267512,0.3404999970000002,0.34250000099999944,0.3249999880000001,0.3267500099999996,502608000.0,4.447850238529916,0
2012-10-05,0.3049307470000002,0.3325000110000005,0.34499999900000056,0.3312500119999999,0.3415000139999993,483068000.0,-2.3494819590262783,0
2012-10-08,0.3019503360000009,0.3292500080000007,0.3327499930000002,0.3267500099999996,0.3312500119999999,240596000.0,-0.9774444789416914,0
2012-10-09,0.29553067700000035,0.32225000899999934,0.32975000100000074,0.32124999200000026,0.3287500140000006,366360000.0,-2.126043684105239,0
2012-10-10,0.2904866930000001,0.3167499899999999,0.32225000899999934,0.31549999099999937,0.32074999800000015,326568000.0,-1.7067552665297248,0
2012-10-11,0.29209169700000004,0.31850001199999944,0.32074999800000015,0.3160000150000002,0.319750011,320516000.0,0.5524931508285258,0
2012-10-12,0.28956961599999964,0.3157500029999998,0.31874999399999915,0.31374999900000056,0.3162499959999998,260696000.0,-0.8634250852084691,0
2012-10-15,0.29323798399999923,0.319750011,0.3199999929999997,0.3125,0.3162499959999998,249580000.0,1.2668275414078112,0
2012-10-16,0.301721036,0.3289999960000003,0.33000001299999937,0.3194999989999996,0.32249999000000074,367696000.0,2.8928802757727023,0
2012-10-17,0.29942831400000003,0.32649999899999926,0.32800000900000015,0.3217499850000003,0.3249999880000001,391752000.0,-0.7598775168374261,0
2012-10-18,0.2948428389999993,0.3215000030000006,0.3257499930000005,0.3202500050000001,0.3257499930000005,254772000.0,-1.5313923477224933,0
2012-10-19,0.2776475549999997,0.30274999100000066,0.31900000599999956,0.3009999990000001,0.3167499899999999,709412000.0,-5.8320410031224785,0
2012-10-22,0.27443766600000075,0.2992500069999995,0.30575001200000074,0.29675000900000015,0.30399998999999944,480840000.0,-1.1560641136402205,0
2012-10-23,0.2826915680000006,0.3082500100000001,0.3102500139999993,0.2957499919999993,0.29649999699999974,573948000.0,3.007519729147412,0
2012-10-24,0.27902311100000077,0.30425000199999985,0.31150001299999985,0.3012500110000005,0.3102500139999993,332916000.0,-1.297650566175168,0
2012-10-25,0.2792524699999994,0.30450001400000026,0.31000000200000066,0.3032500149999997,0.3067499999999992,307356000.0,0.08217321227823593,0
2012-10-26,0.27627185000000054,0.3012500110000005,0.3067499999999992,0.3012500110000005,0.3050000070000003,389376000.0,-1.0673244172658691,0
2012-10-31,0.27466696499999976,0.2994999889999992,0.3050000070000003,0.29875001299999937,0.30250000999999926,347112000.0,-0.5809201447630641,0
2012-11-01,0.2877355520000009,0.31374999900000056,0.3140000100000009,0.30074998699999966,0.3009999990000001,473220000.0,4.757933396785519,0
2012-11-02,0.28635987600000057,0.3122499879999996,0.31749999500000037,0.3102500139999993,0.31700000200000034,256700000.0,-0.47809115690229387,0
2012-11-05,0.29851117699999996,0.3255000110000008,0.3267500099999996,0.31150001299999985,0.31150001299999985,444840000.0,4.243402244742445,0
2012-11-06,0.2982819679999995,0.3252500000000005,0.32624998700000063,0.319750011,0.32624998700000063,350804000.0,-0.07680829233520647,0
2012-11-07,0.28911101799999983,0.31525000899999966,0.32475000600000037,0.31374999900000056,0.32275000199999937,324620000.0,-3.074555265180623,0
2012-11-08,0.29071608199999943,0.31700000200000034,0.3269999919999993,0.3162499959999998,0.31874999399999915,839024000.0,0.5551127517969379,0
2012-11-09,0.2794817090000006,0.3047499949999999,0.32249999000000074,0.30375000799999974,0.31874999399999915,846280000.0,-3.864355496123939,0
2012-11-12,0.27329149800000074,0.2980000080000007,0.30649998800000056,0.29499998700000063,0.305249989,643624000.0,-2.214926041262122,0
2012-11-13,0.27122798599999953,0.2957499919999993,0.3032500149999997,0.2955000099999996,0.29649999699999974,492120000.0,-0.7550389059049811,0
2012-11-14,0.264579028,0.288500011,0.30050000499999996,0.2882499989999996,0.2975000140000006,619300000.0,-2.451388401051935,0
2012-11-15,0.26572546400000085,0.28975001000000056,0.2977499960000003,0.28775000599999956,0.2902500030000006,466688000.0,0.43327520011775533,0
2012-11-16,0.2609106600000004,0.2845000029999998,0.2907499970000007,0.27875000200000066,0.28975001000000056,624552000.0,-1.8119091695630973,0
2012-11-19,0.26824748499999984,0.2924999889999995,0.29350000600000037,0.28624999500000037,0.28975001000000056,404092000.0,2.8119458402958264,0
2012-11-20,0.2651322779999994,0.28725001199999944,0.2907499970000007,0.28424999099999937,0.28949999800000015,336976000.0,-1.7948639991230975,0
2012-11-21,0.27274698000000086,0.2955000099999996,0.2962499859999994,0.2870000000000008,0.28725001199999944,422312000.0,2.8720618469460613,0
2012-11-23,0.27459311500000005,0.2975000140000006,0.3009999990000001,0.29524999899999926,0.29675000900000015,276932000.0,0.6768202816642921,0
2012-11-26,0.27943885300000026,0.30274999100000066,0.3034999969999994,0.2975000140000006,0.2980000080000007,364600000.0,1.7646980682158864,0
2012-11-27,0.28059259099999956,0.30399998999999944,0.3084999919999998,0.29899999500000085,0.3014999930000002,451404000.0,0.4128815977404887,0
2012-11-28,0.2829001840000007,0.30649998800000056,0.30799999799999966,0.29899999500000085,0.30274999100000066,398332000.0,0.8223677902094773,0
2012-11-29,0.27782359699999937,0.3009999990000001,0.3084999919999998,0.3000000119999999,0.3070000109999995,488688000.0,-1.794449988689717,0
2012-11-30,0.27620831099999954,0.2992500069999995,0.3030000029999993,0.2975000140000006,0.30074998699999966,460504000.0,-0.5813926929614466,0
2012-12-03,0.27113175400000067,0.2937499880000001,0.3030000029999993,0.29300001300000034,0.3030000029999993,391380000.0,-1.8379344599313452,0
2012-12-04,0.27920806400000053,0.30250000999999926,0.3030000029999993,0.2924999889999995,0.2942500110000008,528068000.0,2.97873101530135,0
2012-12-05,0.27597761200000015,0.29899999500000085,0.3019999860000002,0.29475000499999915,0.3000000119999999,633024000.0,-1.1570297138171926,0
2012-12-06,0.2764390409999997,0.2994999889999992,0.3014999930000002,0.29725000300000026,0.2982499900000004,412896000.0,0.16722207637496211,0
2012-12-07,0.27597761200000015,0.29899999500000085,0.3012500110000005,0.2955000099999996,0.2997499999999995,338288000.0,-0.16694291097286706,0
2012-12-10,0.2852074800000004,0.3089999849999998,0.31125000099999944,0.2982499900000004,0.29899999500000085,513644000.0,3.3444783167972725,0
2012-12-11,0.2918993529999998,0.3162499959999998,0.3202500050000001,0.3092499970000002,0.31000000200000066,816724000.0,2.3462819909198407,0
2012-12-12,0.28889960100000067,0.3129999940000001,0.31900000599999956,0.31174999499999956,0.31725001300000066,399404000.0,-1.0276686295989657,0
2012-12-13,0.2891303599999997,0.31325000500000044,0.31924998799999926,0.3102500139999993,0.3125,377556000.0,0.07987572038099522,0
2012-12-14,0.2905148569999998,0.3147499860000007,0.3179999890000005,0.3122499879999996,0.3145000039999992,338660000.0,0.4788446850942485,0
2012-12-17,0.28936103000000024,0.31349998700000015,0.3157500029999998,0.3087500040000002,0.3140000099999991,445232000.0,-0.39714028772029897,0
2012-12-18,0.28982269800000005,0.3140000099999991,0.31749999500000037,0.3125,0.31349998700000015,416436000.0,0.15949697631088,0
2012-12-19,0.2918993529999998,0.3162499959999998,0.3199999929999997,0.31499999799999934,0.3162499959999998,458544000.0,0.7165560281351624,0
2012-12-20,0.29166853399999937,0.3160000150000002,0.3177500070000008,0.3125,0.31749999500000037,334332000.0,-0.07904537649383592,0
2012-12-21,0.2849767209999996,0.3087500040000002,0.31174999499999956,0.305249989,0.31174999499999956,462172000.0,-2.294307169574028,0
2012-12-24,0.28266933599999966,0.30625000600000085,0.30950000900000063,0.305249989,0.3084999919999998,127376000.0,-0.8097159409267585,0
2012-12-26,0.2824385169999992,0.30599999400000044,0.3104999960000008,0.3047499949999999,0.3055000010000004,196740000.0,-0.08163656982916878,0
2012-12-27,0.28059259099999956,0.30399998999999944,0.3070000109999995,0.30050000499999996,0.30649998800000056,299804000.0,-0.6535960912469774,0
2012-12-28,0.27920806400000053,0.30250000999999926,0.3072499929999992,0.30074998699999966,0.3012500110000005,220600000.0,-0.4934144899149562,0
2012-12-31,0.2829001840000007,0.30649998800000056,0.30774998699999934,0.30074998699999966,0.3014999930000002,326460000.0,1.322306733146883,0
2013-01-02,0.29351466900000034,0.3179999890000005,0.3182500000000008,0.3127500120000004,0.3140000099999991,478836000.0,3.752039624875936,0
2013-01-03,0.29374542799999936,0.3182500000000008,0.3217499850000003,0.3145000039999992,0.3179999890000005,298888000.0,0.07861981404031493,0
2013-01-04,0.3034369350000006,0.3287500140000006,0.32975000100000074,0.3177500070000008,0.31874999399999915,524968000.0,3.299297407698343,0
2013-01-07,0.294668347,0.31924998799999926,0.3294999900000004,0.31700000200000034,0.32850000300000026,610732000.0,-2.8897416259881847,0
2013-01-08,0.2882072630000003,0.3122499879999996,0.32100001000000056,0.31000000200000066,0.3199999929999997,466424000.0,-2.192639080067882,0
2013-01-09,0.28174626799999913,0.305249989,0.3162499959999998,0.3032500149999997,0.3147499860000007,695020000.0,-2.24179320064537,0
2013-01-10,0.28220781699999975,0.30575001200000074,0.30950000900000063,0.30399998999999944,0.30799999799999966,506368000.0,0.16380770451067672,0
2013-01-11,0.28174626799999913,0.305249989,0.3072499929999992,0.30224999800000063,0.3070000109999995,513172000.0,-0.16353981369591208,0
2013-01-14,0.2815156279999993,0.3050000070000003,0.3072499929999992,0.3014999930000002,0.3072499929999992,305684000.0,-0.08189418804531723,0
2013-01-15,0.2764390409999997,0.2994999889999992,0.3034999969999994,0.2977499960000003,0.3034999969999994,375888000.0,-1.8032845487770732,0
2013-01-16,0.2789773639999993,0.30224999800000063,0.3047499949999999,0.29899999500000085,0.29899999500000085,337376000.0,0.9182000337235374,0
2013-01-17,0.28266933599999966,0.30625000600000085,0.30750000499999963,0.30250000999999926,0.3032500149999997,580736000.0,1.323410430593297,0
2013-01-18,0.28082331999999965,0.30425000199999985,0.30625000600000085,0.30050000499999996,0.30625000600000085,397088000.0,-0.6530625178175486,0
2013-01-22,0.27943885300000026,0.30274999100000066,0.3067499999999992,0.3012500110000005,0.30399998999999944,308224000.0,-0.4930192243679965,0
2013-01-23,0.27990034199999947,0.3032500149999997,0.30399998999999944,0.3000000119999999,0.30375000799999974,421808000.0,0.16516069855143645,0
2013-01-24,0.28128480900000064,0.3047499949999999,0.30599999400000044,0.30074998699999966,0.30224999800000063,396980000.0,0.4946347653107308,0
2013-01-25,0.2863613669999996,0.3102500139999993,0.3104999960000008,0.30375000799999974,0.305249989,393920000.0,1.8047642625884208,0
2013-01-28,0.29097628599999936,0.31525000899999966,0.31725001300000066,0.3109999900000009,0.31174999499999956,422492000.0,1.6116018612008842,0
2013-01-29,0.28474608099999976,0.3084999919999998,0.3147499860000007,0.3072499929999992,0.3140000099999991,388872000.0,-2.1411631426789257,0
2013-01-30,0.28428459200000056,0.30799999799999966,0.3129999940000001,0.3070000109999995,0.3087500040000002,287592000.0,-0.16207261360318137,0
2013-01-31,0.2829001840000007,0.30649998800000056,0.31150001299999985,0.30450001400000026,0.30799999799999966,470544000.0,-0.48701623692867235,0
2013-02-01,0.28543826900000013,0.3092499970000002,0.3102500139999993,0.30649998800000056,0.3089999849999998,288816000.0,0.8972297251770289,0
2013-02-04,0.28059259099999956,0.30399998999999944,0.31374999900000056,0.30375000799999974,0.30750000499999963,511744000.0,-1.697657898441307,0
2013-02-05,0.2870536450000003,0.3109999900000009,0.3127500120000004,0.30450001400000026,0.3055000010000004,367296000.0,2.3026316546918224,0
2013-02-06,0.28474608099999976,0.3084999919999998,0.3109999899999991,0.3017500040000005,0.3034999969999994,530688000.0,-0.8038579036610316,0
2013-02-07,0.2835923729999994,0.3072499929999992,0.31000000200000066,0.30425000199999985,0.30750000499999963,440000000.0,-0.4051860720955869,0
2013-02-08,0.28543826900000013,0.3092499970000002,0.31174999499999956,0.3072499929999992,0.3092499970000002,307232000.0,0.6509370367992151,0
2013-02-11,0.28866878200000023,0.3127500120000004,0.3160000150000002,0.3087500040000002,0.31174999499999956,408308000.0,1.1317752737116438,0
2013-02-12,0.28682279599999916,0.3107500079999994,0.3142499920000006,0.30950000900000063,0.31000000200000066,277804000.0,-0.6394896637126224,0
2013-02-13,0.28543826900000013,0.3092499970000002,0.3167499899999999,0.3082500100000001,0.3109999900000009,856396000.0,-0.4827066649665257,0
2013-02-14,0.29374542799999936,0.3182500000000008,0.31850001199999944,0.3012500110000005,0.3050000070000003,882096000.0,2.9102677727754322,0
2013-02-15,0.29374542799999936,0.3182500000000008,0.319750011,0.31125000099999944,0.31749999500000037,733860000.0,0.0,0
2013-02-19,0.28982269800000005,0.3140000099999991,0.31874999399999915,0.3120000059999999,0.31850001199999944,433552000.0,-1.3354249803613438,0
2013-02-20,0.28566908800000057,0.30950000900000063,0.3199999929999997,0.3084999919999998,0.31499999799999934,713012000.0,-1.4331212919387992,0
2013-02-21,0.2835923729999994,0.3072499929999992,0.3125,0.30649998800000056,0.3089999849999998,580408000.0,-0.7269841468728444,0
2013-02-22,0.28889960100000067,0.3129999940000001,0.31325000500000044,0.30750000499999963,0.3092499970000002,370148000.0,1.8714405633851294,0
2013-02-25,0.2838231029999996,0.30750000499999963,0.3162499959999998,0.3070000109999995,0.31374999900000056,644444000.0,-1.757185017709606,0
2013-02-26,0.28718945399999996,0.3092499970000002,0.3109999899999991,0.305249989,0.30625000600000085,487504000.0,0.569103080177169,0
2013-02-27,0.2925292850000005,0.31499999799999934,0.31725001300000066,0.3084999919999998,0.3092499970000002,476980000.0,1.859337447301579,0
2013-02-28,0.2939222749999999,0.3165000080000002,0.32124999200000026,0.3127500120000004,0.3140000099999991,591392000.0,0.476193653817103,0
2013-03-01,0.29508307599999917,0.3177500070000008,0.31874999399999915,0.31150001299999985,0.3142499920000006,389396000.0,0.3949443818023646,0
2013-03-04,0.2939222749999999,0.3165000080000002,0.3194999989999996,0.3129999940000001,0.31549999099999937,353680000.0,-0.3933907073053189,0
2013-03-05,0.2971726359999991,0.3199999929999997,0.32049998599999974,0.3167499899999999,0.3182500000000008,366168000.0,1.1058404143863276,0
2013-03-06,0.2969404759999996,0.319750011,0.3249999880000001,0.3182500000000008,0.3219999970000007,342928000.0,-0.07811937670885172,0
2013-03-07,0.29624396600000047,0.31900000599999956,0.32475000600000037,0.31725001300000066,0.3215000030000006,314824000.0,-0.23455980428410683,0
2013-03-08,0.29763692599999914,0.32049998599999974,0.3219999970000007,0.3182500000000008,0.319750011,246464000.0,0.4702131573000701,0
2013-03-11,0.29485088600000076,0.31749999500000037,0.31874999399999915,0.3147499860000007,0.31725001300000066,299748000.0,-0.9360346742729786,0
2013-03-12,0.29577964499999965,0.31850001199999944,0.3194999989999996,0.3140000099999991,0.31700000200000034,310856000.0,0.3149659892120793,0
2013-03-13,0.29577964499999965,0.31850001199999944,0.3240000009999999,0.31549999099999937,0.31850001199999944,485840000.0,0.0,0
2013-03-14,0.29601186500000054,0.31874999399999915,0.3215000030000006,0.3167499899999999,0.32049998599999974,383304000.0,0.07848728118728943,0
2013-03-15,0.2934578959999996,0.3160000150000002,0.31874999399999915,0.3147499860000007,0.31874999399999915,355776000.0,-0.8627385260436937,0
2013-03-18,0.29136860400000053,0.31374999900000056,0.3167499899999999,0.31150001299999985,0.3140000099999991,298312000.0,-0.7120303459479338,0
2013-03-19,0.28951111399999974,0.31174999499999956,0.31549999099999937,0.30950000900000063,0.3140000099999991,355480000.0,-0.637451476135309,0
2013-03-20,0.2929936650000009,0.31549999099999937,0.3165000080000002,0.3120000059999999,0.3147499860000007,340588000.0,1.2028856648417907,0
2013-03-21,0.28835028399999985,0.3104999960000008,0.3142499920000006,0.31000000200000066,0.31374999900000056,339032000.0,-1.5847845143044603,0
2013-03-22,0.2897432739999992,0.3120000059999999,0.31325000500000044,0.3102500139999993,0.31150001299999985,232476000.0,0.48309501427497015,0
2013-03-25,0.28811812400000036,0.3102500139999993,0.3140000100000009,0.30799999799999966,0.31374999900000056,362076000.0,-0.5608948610084208,0
2013-03-26,0.29020771399999923,0.3125,0.3127500120000004,0.30974999100000034,0.3109999900000009,232540000.0,0.7252170502722199,0
2013-03-27,0.29369014499999935,0.3162499959999998,0.3179999890000005,0.3104999960000008,0.31125000099999944,254944000.0,1.199998719999984,0
2013-03-28,0.2978690860000004,0.32074999800000015,0.32100001000000056,0.31325000500000044,0.31549999099999937,349276000.0,1.4229255515943118,0
2013-04-01,0.28811812400000036,0.3102500139999993,0.3199999929999997,0.30799999799999966,0.3199999929999997,442828000.0,-3.2735725847143904,0
2013-04-02,0.2851000429999999,0.3070000109999995,0.31125000099999944,0.3050000070000003,0.3104999960000008,371524000.0,-1.0475432242849192,0
2013-04-03,0.2816174920000005,0.3032500149999997,0.3082500100000001,0.3009999990000001,0.30649998800000056,353156000.0,-1.2214970246369306,0
2013-04-04,0.2844034430000004,0.30625000600000085,0.3072499929999992,0.3012500110000005,0.30224999800000063,294676000.0,0.9892797532095932,0
2013-04-05,0.28927895400000025,0.31150001299999985,0.31150001299999985,0.3009999990000001,0.3017500040000005,551352000.0,1.714287966413952,0
2013-04-08,0.2885824140000004,0.3107500079999994,0.31174999499999956,0.3050000070000003,0.31174999499999956,326660000.0,-0.24077206057773193,0
2013-04-09,0.29322576500000075,0.3157500029999998,0.3179999890000005,0.3087500040000002,0.3109999900000009,380584000.0,1.6090088081349263,0
2013-04-10,0.2978690860000004,0.32074999800000015,0.32124999200000026,0.31525000899999966,0.3160000150000002,384688000.0,1.5835296761659734,0
2013-04-11,0.29647612599999995,0.31924998799999926,0.32124999200000026,0.30750000499999963,0.3162499959999998,969220000.0,-0.4676570566962246,0
2013-04-12,0.30390533799999986,0.3272500039999997,0.3307499889999992,0.3179999890000005,0.32074999800000015,770548000.0,2.5058782461097495,0
2013-04-15,0.29763692599999914,0.32049998599999974,0.3272500039999997,0.31850001199999944,0.32624998700000063,430420000.0,-2.062648714283888,0
2013-04-16,0.30088731600000074,0.3240000009999999,0.32624998700000063,0.3217499850000003,0.3235000069999998,468844000.0,1.0920484096370586,0
2013-04-17,0.2969404759999996,0.319750011,0.32449999500000004,0.3177500070000008,0.3215000030000006,532948000.0,-1.3117253045934363,0
2013-04-18,0.29113623499999974,0.31349998700000015,0.32249999000000074,0.31349998700000015,0.32049998599999974,402548000.0,-1.9546595105512043,0
2013-04-19,0.29183274500000067,0.3142499920000006,0.31525000899999966,0.3092499970000002,0.31325000500000044,303028000.0,0.23923605457756292,0
2013-04-22,0.2922971840000006,0.3147499860000007,0.31749999500000037,0.31150001299999985,0.3140000099999991,245568000.0,0.15910708440050048,0
2013-04-23,0.29995867599999926,0.3230000139999998,0.32624998700000063,0.31700000200000034,0.31749999500000037,376948000.0,2.621136891805942,0
2013-04-24,0.3101739590000001,0.33399999100000066,0.3367500010000004,0.3237499889999995,0.3240000009999999,556556000.0,3.4055654870652763,0
2013-04-25,0.3127276899999991,0.3367500010000004,0.33750000600000085,0.3327499930000002,0.33575001400000026,353224000.0,0.8233563096114116,0
2013-04-26,0.3113347589999993,0.33524998999999944,0.3367500010000004,0.33349999800000063,0.3362500070000003,324332000.0,-0.4454375636364194,0
2013-04-29,0.3150494100000003,0.33924999799999966,0.3404999970000002,0.3342500029999993,0.33575001400000026,269712000.0,1.1931418700415142,0
2013-04-30,0.31969270099999925,0.3442499940000001,0.3442499940000001,0.33774998800000056,0.3400000040000002,276712000.0,1.4738381811280066,0
2013-05-01,0.31690678000000005,0.34125000200000066,0.34650000899999966,0.3400000040000002,0.3442499940000001,341316000.0,-0.8714573862853903,0
2013-05-02,0.3206214309999993,0.3452500099999991,0.34624999799999934,0.33899998699999934,0.34099999100000034,323480000.0,1.1721635096136884,0
2013-05-03,0.32201442100000044,0.34674999099999937,0.3492499890000005,0.3454999920000006,0.3474999959999998,293864000.0,0.43446226113070807,0
2013-05-06,0.32108581099999967,0.3457500039999992,0.34874999500000037,0.34375,0.34674999099999937,217116000.0,-0.2883884717966634,0
2013-05-07,0.31690678000000005,0.34125000200000066,0.34650000899999966,0.3379999999999992,0.3457500039999992,448068000.0,-1.3015190015731704,0
2013-05-08,0.32271084199999933,0.3474999959999998,0.3495000000000008,0.3404999970000002,0.3417499960000008,334032000.0,1.8315000625259925,0
2013-05-09,0.32294309100000085,0.3477500080000002,0.3492499890000005,0.34075000900000063,0.34125000200000066,566800000.0,0.07194590010872748,0
2013-05-10,0.3375695049999994,0.3634999990000001,0.36500000999999926,0.3549999889999995,0.3549999889999995,861136000.0,4.529113051810496,0
2013-05-13,0.3306045829999995,0.35600000600000037,0.3625000119999999,0.3544999959999995,0.36100000100000074,289812000.0,-2.063271807601863,0
2013-05-14,0.33548000500000086,0.36125001299999937,0.3642500040000005,0.3567500110000008,0.3602499960000003,454140000.0,1.474721042560878,0
2013-05-15,0.34128421499999995,0.3675000070000003,0.36875000600000085,0.35949999099999985,0.35949999099999985,313172000.0,1.7301020830690073,0
2013-05-16,0.33965912500000073,0.3657500149999997,0.3707500100000001,0.3644999860000002,0.36700001400000026,308368000.0,-0.4761882902494796,0
2013-05-17,0.34523105599999937,0.3717499970000002,0.37424999499999956,0.36474999800000063,0.3675000070000003,312116000.0,1.6404598096872336,0
2013-05-20,0.3445345460000002,0.3709999919999998,0.37250000200000066,0.36899998800000056,0.37024998699999934,236380000.0,-0.20174983350437214,0
2013-05-21,0.3481513859999996,0.3729999960000008,0.3745000059999999,0.36700001400000026,0.3712500040000002,357784000.0,0.53908464774306,0
2013-05-22,0.33601746000000077,0.3600000140000006,0.3745000059999999,0.3585000039999997,0.3745000059999999,480404000.0,-3.485249903327081,0
2013-05-23,0.3413844699999995,0.3657500149999997,0.36700001400000026,0.3547500069999998,0.35574999500000004,393884000.0,1.5972224378858035,0
2013-05-24,0.3392842110000007,0.3634999990000001,0.36675000199999985,0.35949999099999985,0.3637500110000005,283304000.0,-0.615178648728143,0
2013-05-28,0.3390508289999996,0.36324998699999966,0.3672499949999999,0.35975000300000026,0.36625000799999974,279300000.0,-0.06877909234878077,0
2013-05-29,0.33695071900000073,0.36100000100000074,0.36324998699999966,0.35949999099999985,0.36100000100000074,335052000.0,-0.6194042892009755,0
2013-05-30,0.3413844699999995,0.3657500149999997,0.3695000109999995,0.35949999099999985,0.3605000080000007,284504000.0,1.3157933481556805,0
2013-05-31,0.3376508059999992,0.3617500069999995,0.36899998800000056,0.3617500069999995,0.3637500110000005,577508000.0,-1.0936453413405878,0
2013-06-03,0.3371841910000004,0.36125001299999937,0.36500000999999926,0.35374999000000074,0.3622499999999995,444468000.0,-0.1382153394125618,0
2013-06-04,0.3376508059999992,0.3617500069999995,0.37000000499999963,0.35949999099999985,0.3634999990000001,363676000.0,0.13840663861788283,0
2013-06-05,0.33041709699999977,0.35400000199999937,0.3639999930000002,0.3529999850000003,0.36125001299999937,464520000.0,-2.1423648514262483,0
2013-06-06,0.3325172960000007,0.3562499880000001,0.35899999699999974,0.35374999000000074,0.35400000199999937,341044000.0,0.6355892619458237,0
2013-06-07,0.3371841910000004,0.36125001299999937,0.3634999990000001,0.35725000499999915,0.3587499859999994,274584000.0,1.4035158367500022,0
2013-06-10,0.33695071900000073,0.36100000100000074,0.36324998699999966,0.3582499919999993,0.3602499960000003,224148000.0,-0.0692074715579194,0
2013-06-11,0.3306504490000002,0.3542500139999998,0.36125001299999937,0.3542500139999998,0.3562499880000001,296336000.0,-1.869802487895289,0
2013-06-12,0.327850282,0.3512499929999997,0.35899999699999974,0.3492499890000005,0.35600000600000037,312588000.0,-0.8468654570046197,0
2013-06-13,0.33531743300000016,0.35925000900000015,0.36100000100000074,0.34975001199999944,0.34999999399999915,236256000.0,2.2775846717240977,0
2013-06-14,0.3348506990000004,0.3587499859999994,0.36100000100000074,0.3562499880000001,0.3605000080000007,236012000.0,-0.13918524355553963,0
2013-06-17,0.33811751,0.3622499999999995,0.3655000029999993,0.35949999099999985,0.36149999500000085,255336000.0,0.9756136966093232,0
2013-06-18,0.33601746000000077,0.3600000140000006,0.3680000010000004,0.3569999930000005,0.3639999930000002,486772000.0,-0.6211141476880733,0
2013-06-19,0.3462846580000001,0.3709999919999998,0.38699999500000004,0.3619999889999992,0.36324998699999966,1159588000.0,3.055549325617535,0
2013-06-20,0.33695071900000073,0.36100000100000074,0.36849999400000044,0.3585000039999997,0.3680000010000004,628696000.0,-2.6954154220035664,0
2013-06-21,0.3364840450000006,0.3605000080000007,0.3642500040000005,0.3544999959999995,0.36300000499999996,714228000.0,-0.13850221568282306,0
2013-06-24,0.3294837469999994,0.3529999850000003,0.35975000300000026,0.3477500080000002,0.3552500009999999,580772000.0,-2.0804501618762683,0
2013-06-25,0.3318171200000002,0.35550001300000034,0.35749998700000063,0.35174998599999974,0.3567500110000008,457360000.0,0.7082232595562177,0
2013-06-26,0.32995036199999994,0.35350000899999934,0.3600000140000006,0.35199999800000015,0.35949999099999985,579752000.0,-0.5625890089629881,0
2013-06-27,0.3269169329999997,0.35025000599999956,0.3549999889999995,0.34650000899999966,0.3544999959999995,808036000.0,-0.9193784773001257,0
2013-06-28,0.3276169899999992,0.351000011,0.3544999959999995,0.3457500039999992,0.35025000599999956,431536000.0,0.21413418619613545,0
2013-07-01,0.32901704300000034,0.35249999200000026,0.3542500139999998,0.35025000599999956,0.35350000899999934,199524000.0,0.42734500085244154,0
2013-07-02,0.32878372100000064,0.35225001000000056,0.35749998700000063,0.3490000070000008,0.35049998799999926,256392000.0,-0.07091688104208238,0
2013-07-03,0.3297171290000005,0.3532499970000007,0.35749998700000063,0.3492499890000005,0.3492499890000005,140388000.00000006,0.2838855845596733,0
2013-07-05,0.33228391399999957,0.35600000600000037,0.3567500110000008,0.35199999800000015,0.3542500139999998,184684000.0,0.7784880462433419,0
2013-07-08,0.3306504490000002,0.3542500139999998,0.3587499859999994,0.35225001000000056,0.3569999930000005,262084000.0,-0.4915707782319423,0
2013-07-09,0.33228391399999957,0.35600000600000037,0.3582499919999993,0.35400000199999937,0.3549999889999995,157364000.0,0.4939991336175398,0
2013-07-10,0.33671739699999925,0.3607499900000004,0.3617500069999995,0.3549999889999995,0.35600000600000037,208468000.0,1.3342651460517274,0
2013-07-11,0.3413844699999995,0.3657500149999997,0.36625000799999974,0.3619999889999992,0.36274999399999963,239832000.0,1.386008354428503,0
2013-07-12,0.3416176740000001,0.3659999969999994,0.3695000109999995,0.3637500110000005,0.36500000999999926,216360000.0,0.06834777573421214,0
2013-07-15,0.34091758699999986,0.36524999100000066,0.36675000199999985,0.35949999099999985,0.36675000199999985,201332000.0,-0.20491967381082166,0
2013-07-16,0.3427843750000008,0.3672499949999999,0.3692499999999992,0.36500000999999926,0.36675000199999985,162559999.99999994,0.5475712660592436,0
2013-07-17,0.34091758699999986,0.36524999100000066,0.36849999400000044,0.3642500040000005,0.3672499949999999,166100000.0,-0.5445892517983553,0
2013-07-18,0.33951759300000006,0.3637500110000005,0.3659999969999994,0.35899999699999974,0.36474999800000063,344488000.0,-0.410672152487479,0
2013-07-19,0.33228391399999957,0.35600000600000037,0.36324998699999966,0.35225001000000056,0.36149999500000085,480532000.0,-2.130585502580229,0
2013-07-22,0.33205056199999916,0.35574999500000004,0.3619999889999992,0.3542500139999998,0.3587499859999994,292384000.0,-0.07022780780514548,0
2013-07-23,0.3315838279999994,0.3552500009999999,0.3602499960000003,0.35350000899999934,0.3602499960000003,246792000.0,-0.14054645313488212,0
2013-07-24,0.3315838279999994,0.3552500009999999,0.35949999099999985,0.3547500069999998,0.3585000039999997,284252000.0,0.0,0
2013-07-25,0.33275052900000013,0.3565000000000005,0.36125001299999937,0.35249999200000026,0.3549999889999995,243320000.0,0.35186460140221865,0
2013-07-26,0.33135050499999963,0.3549999889999995,0.35725000499999915,0.35225001000000056,0.35225001000000056,227360000.0,-0.42076044880784425,0
2013-07-29,0.3306504490000002,0.3542500139999998,0.3587499859999994,0.3532499970000007,0.3542500139999998,179540000.0,-0.21126056992638587,0
2013-07-30,0.33625075199999976,0.3602499960000003,0.36500000999999926,0.3552500009999999,0.35550001300000034,266076000.0,1.693713976818656,0
2013-07-31,0.33695071900000073,0.36100000100000074,0.3644999860000002,0.3582499919999993,0.3585000039999997,270160000.0,0.20819014804374092,0
2013-08-01,0.3416176740000001,0.3659999969999994,0.36675000199999985,0.3580000099999996,0.3622499999999995,277648000.0,1.385040439376617,0
2013-08-02,0.3444179589999994,0.36899998800000056,0.3697499929999992,0.36274999399999963,0.36524999100000066,209628000.0,0.8196696788497437,0
2013-08-05,0.34605127600000074,0.3707500100000001,0.37200000900000063,0.3659999969999994,0.3680000010000004,185188000.0,0.47426072003016184,0
2013-08-06,0.34091758699999986,0.36524999100000066,0.3717499970000002,0.3644999860000002,0.3709999919999998,206608000.0,-1.4834845183146483,0
2013-08-07,0.34068426500000015,0.36500000999999926,0.36875000600000085,0.36300000499999996,0.36324998699999966,244380000.0,-0.06844106944824402,0
2013-08-08,0.3430178460000004,0.3675000070000003,0.3692499999999992,0.36274999399999963,0.36700001400000026,345696000.0,0.6849306661662835,0
2013-08-09,0.33811751,0.3622499999999995,0.367749989,0.3527500030000006,0.3529999850000003,906224000.0,-1.428573306122416,0
2013-08-12,0.33531743300000016,0.35925000900000015,0.3644999860000002,0.32774999699999974,0.3474999959999998,257568000.0,-0.8281548654244353,0
2013-08-13,0.3364840450000006,0.3605000080000007,0.3619999889999992,0.35749998700000063,0.35975000300000026,197468000.0,0.3479468249644402,0
2013-08-14,0.35071811100000083,0.37575000500000044,0.37799999099999937,0.35949999099999985,0.35975000300000026,828508000.0,4.230234857581472,0
2013-08-15,0.35305163299999975,0.3782500029999998,0.38124999399999915,0.37024998699999934,0.3717499970000002,723616000.0,0.6653354535550937,0
2013-08-16,0.3544517159999998,0.37975001300000066,0.38499999000000074,0.3767499920000006,0.37749999799999934,660456000.0,0.3965657602387429,0
2013-08-19,0.3488514719999998,0.37375000099999944,0.3787499959999998,0.3734999900000009,0.37749999799999934,393432000.0,-1.579989939328852,0
2013-08-20,0.3506104350000001,0.37375000099999944,0.37624999900000056,0.3712500040000002,0.3717499970000002,234192000.0,0.0,0
2013-08-21,0.34896871399999974,0.37200000900000063,0.37624999900000056,0.37049999799999966,0.3714999849999998,261540000.0,-0.46822528302815636,0
2013-08-22,0.3508449200000001,0.37400001299999985,0.37749999799999934,0.3717499970000002,0.3717499970000002,129016000.00000006,0.537635470863651,0
2013-08-23,0.3508449200000001,0.37400001299999985,0.37749999799999934,0.3732500079999994,0.3745000059999999,245120000.0,0.0,0
2013-08-26,0.3515484630000003,0.3747499879999996,0.37575000500000044,0.3732500079999994,0.37424999499999956,300152000.0,0.20052806789607747,0
2013-08-27,0.34709250899999944,0.37000000499999963,0.37375000099999944,0.36875000600000085,0.3712500040000002,277464000.0,-1.267507178679339,0
2013-08-28,0.34709250899999944,0.37000000499999963,0.3734999899999991,0.36849999400000044,0.3707500100000001,318824000.0,0.0,0
2013-08-29,0.3463889059999996,0.3692499999999992,0.3727500139999993,0.367749989,0.36875000600000085,276216000.0,-0.20270405131480596,0
2013-08-30,0.34591984699999934,0.36875000600000085,0.37049999799999966,0.36700001400000026,0.3695000109999995,378120000.0,-0.1354079891672355,0
2013-09-03,0.34615451099999994,0.36899998800000056,0.37424999499999956,0.36675000199999985,0.3697499929999992,284680000.0,0.0677917277104978,0
2013-09-04,0.3494377429999993,0.37250000200000066,0.3747499879999996,0.36849999400000044,0.36899998800000056,222080000.0,0.9485133099787602,0
2013-09-05,0.3503758310000009,0.3734999900000009,0.375,0.3707500100000001,0.3709999919999998,174904000.0,0.2684531529210554,0
2013-09-06,0.34896871399999974,0.37200000900000063,0.37575000500000044,0.3692499999999992,0.37375000099999944,226756000.0,-0.40160134944046133,0
2013-09-09,0.3548317549999993,0.3782500029999998,0.3782500029999998,0.37400001299999985,0.375,246408000.0,1.6801058733307617,0
2013-09-10,0.3623364270000007,0.3862499889999995,0.3865000009999999,0.3792499899999999,0.38100001199999944,292132000.0,2.1149995866622584,0
2013-09-11,0.3684339819999991,0.39274999500000085,0.3937500119999999,0.38299998599999974,0.3857499959999995,396164000.0,1.6828494977640052,0
2013-09-12,0.3681995570000005,0.39250001299999937,0.39750000799999974,0.39074999099999985,0.39074999099999985,303808000.0,-0.06364914148504486,0
2013-09-13,0.3705447020000001,0.3950000110000005,0.3967500029999993,0.39100000300000026,0.3937500119999999,159695999.99999994,0.636942144508934,0
2013-09-16,0.3707793059999993,0.3952499930000002,0.4009999929999992,0.3937500119999999,0.39825001400000026,231412000.0,0.06328658051608649,0
2013-09-17,0.37195187800000085,0.39649999100000066,0.39974999400000044,0.3950000110000005,0.3967500029999993,168608000.0,0.3162550340639614,0
2013-09-18,0.3752351110000003,0.40000000600000085,0.4009999929999992,0.3947499990000001,0.3967500029999993,268168000.0,0.8827276366823567,0
2013-09-19,0.3735935089999991,0.39825001400000026,0.4025000040000002,0.39649999100000066,0.40174999799999966,227572000.0,-0.43749799343754114,0
2013-09-20,0.37031012799999985,0.3947499990000001,0.40174999799999966,0.39399999399999963,0.3992500010000004,356036000.0,-0.8788486822250197,0
2013-09-23,0.36679232100000014,0.39100000300000026,0.39774998999999944,0.38874998700000063,0.39449998699999966,271244000.0,-0.9499673234958039,0
2013-09-24,0.3681995570000005,0.39250001299999937,0.39399999399999963,0.38899999899999926,0.3912500140000006,229732000.0,0.3836342681562632,0
2013-09-25,0.36866852600000044,0.3930000069999995,0.39599999800000063,0.3899999859999994,0.3917500080000007,233156000.0,0.12738700215024767,0
2013-09-26,0.3674959839999996,0.3917500080000007,0.3947499990000001,0.3894999919999993,0.39399999399999963,148816000.00000006,-0.3180658976425943,0
2013-09-27,0.36538505599999915,0.3894999919999993,0.3919999900000004,0.38725000600000037,0.38874998700000063,151919999.99999994,-0.5743499563629739,0
2013-09-30,0.3649161759999995,0.38899999899999926,0.3917500080000007,0.38324999800000015,0.3855000139999998,226640000.0,-0.12836791021039184,0
2013-10-01,0.3646816019999992,0.38874998700000063,0.3912500140000006,0.3865000009999999,0.3894999919999993,226976000.0,-0.06427043718320036,0
2013-10-02,0.3644471469999999,0.38850000499999915,0.3899999859999994,0.38475000899999934,0.38475000899999934,162036000.0,-0.06430405359731939,0
2013-10-03,0.3606948259999996,0.3844999970000007,0.39225000100000074,0.3827500050000001,0.38874998700000063,436768000.0,-1.029603075552088,0
2013-10-04,0.36561980799999994,0.3897500039999997,0.3930000069999995,0.38299998599999974,0.3840000030000006,246228000.0,1.3654114540864404,0
2013-10-07,0.36561980799999994,0.3897500039999997,0.39250001299999937,0.3862499889999995,0.3882499930000005,169952000.0,0.0,0
2013-10-08,0.3625708519999993,0.3865000009999999,0.39425000499999996,0.38350001000000056,0.38874998700000063,290712000.0,-0.8338686251815886,0
2013-10-09,0.356942385,0.3804999890000005,0.3892500099999996,0.3785000150000002,0.38899999899999926,275860000.0,-1.5523963737324786,0
2013-10-10,0.3609293099999995,0.38475000899999934,0.3857499959999995,0.3804999890000005,0.38324999800000015,223484000.0,1.116956668295721,0
2013-10-11,0.35788053299999945,0.38150000599999956,0.38350001000000056,0.37749999799999934,0.3787499959999998,213704000.0,-0.8447051134441996,0
2013-10-14,0.3632745150000005,0.38725000600000037,0.38725000600000037,0.3804999890000005,0.3804999890000005,166628000.0,1.5072083642378775,0
2013-10-15,0.3613983990000005,0.38525000199999937,0.3894999919999993,0.38499999000000074,0.38725000600000037,208820000.0,-0.5164632586216134,0
2013-10-16,0.36585429299999994,0.3899999859999994,0.3914999960000003,0.38699999500000004,0.3874999880000001,210072000.0,1.232961447200731,0
2013-10-17,0.3665577469999999,0.39074999099999985,0.3917500080000007,0.38699999500000004,0.38699999500000004,213324000.0,0.19230898126236795,0
2013-10-18,0.3707793059999993,0.3952499930000002,0.39649999100000066,0.38850000499999915,0.3899999859999994,255068000.0,1.1516320162883842,0
2013-10-21,0.3717173040000006,0.39625000999999926,0.40024998800000056,0.3950000110000005,0.40000000600000085,195008000.0,0.2530087331336084,0
2013-10-22,0.3698412480000002,0.39425000499999996,0.39649999100000066,0.39074999099999985,0.39625000999999926,179452000.0,-0.5047331102906449,0
2013-10-23,0.3635090590000001,0.3874999880000001,0.3934999999999995,0.3862499889999995,0.3934999999999995,252216000.0,-1.7121158945831882,0
2013-10-24,0.3609293099999995,0.38475000899999934,0.39100000300000026,0.3840000030000006,0.38850000499999915,236436000.0,-0.7096720219769481,0
2013-10-25,0.3574115340000006,0.38100001199999944,0.38699999500000004,0.37975001300000066,0.38675001300000034,330492000.0,-0.9746580668695937,0
2013-10-28,0.3567079599999996,0.3802500070000008,0.382250011,0.375,0.3804999890000005,394024000.0,-0.1968516998366865,0
2013-10-29,0.35717698899999917,0.3807500000000008,0.38150000599999956,0.37624999900000056,0.37975001300000066,387952000.0,0.13149059586998746,0
2013-10-30,0.356942385,0.3804999890000005,0.38374999200000026,0.3772499860000007,0.3819999989999996,204032000.0,-0.06566277084700811,0
2013-10-31,0.3562388419999998,0.37975001300000066,0.38374999200000026,0.3790000080000002,0.38100001199999944,293368000.0,-0.19710276522504344,0
2013-11-01,0.35788053299999945,0.38150000599999956,0.38324999800000015,0.3787499959999998,0.38174998799999926,206136000.0,0.46082763399404314,0
2013-11-04,0.3475614189999998,0.37049999799999966,0.3827500050000001,0.3697499929999992,0.3827500050000001,410264000.0,-2.8833572285710596,0
2013-11-05,0.34709250899999944,0.37000000499999963,0.3717499970000002,0.3642500040000005,0.36825001200000074,422368000.0,-0.1349508779214581,0
2013-11-06,0.3494377429999993,0.37250000200000066,0.3727500139999993,0.36625000799999974,0.37000000499999963,198044000.0,0.6756748557341208,0
2013-11-07,0.3412294980000006,0.3637500110000005,0.37224999100000034,0.36300000499999996,0.3712500040000002,553076000.0,-2.3489908598711917,0
2013-11-08,0.3649161759999995,0.38899999899999926,0.39024999699999974,0.3734999900000009,0.375,734532000.0,6.941577247127562,0
2013-11-11,0.367964894,0.39225000100000074,0.3932499889999992,0.38675001300000034,0.3874999880000001,297624000.0,0.8354760946927442,0
2013-11-12,0.36866852600000044,0.3930000069999995,0.39625000999999926,0.38850000499999915,0.39399999399999963,316032000.0,0.1912061180593838,0
2013-11-13,0.3787529470000006,0.40375000200000066,0.40375000200000066,0.3912500140000006,0.3919999900000004,332792000.0,2.7353676357568135,0
2013-11-14,0.3803946079999996,0.40549999499999956,0.4079999920000006,0.4022499919999998,0.4025000040000002,307980000.0,0.4334347966145735,0
2013-11-15,0.3792219760000002,0.4042499960000008,0.40749999900000056,0.40024998800000056,0.40700000500000044,450332000.0,-0.3082611628638876,0
2013-11-18,0.37007564299999984,0.39449998699999966,0.398999989,0.3934999999999995,0.3955000040000005,316948000.0,-2.4118760906555514,0
2013-11-19,0.3640630250000001,0.3860000069999998,0.39399999399999963,0.3855000139999998,0.39050000900000015,206716000.0,-2.154621110291699,0
2013-11-20,0.3586398069999994,0.3802500070000008,0.38725000600000037,0.37950000200000034,0.3862499889999995,204776000.0,-1.4896372786853296,0
2013-11-21,0.36146923899999983,0.38324999800000015,0.3840000030000006,0.3790000080000002,0.3807500000000008,213568000.0,0.7889522537207982,0
2013-11-22,0.3579323290000005,0.37950000200000034,0.38374999200000026,0.3787499959999998,0.38374999200000026,158667999.99999994,-0.9784725426143281,0
2013-11-25,0.36571341800000035,0.3877500000000005,0.3882499930000005,0.37950000200000034,0.37950000200000034,248208000.0,2.17391250501231,0
2013-11-26,0.36877879500000077,0.39100000300000026,0.3952499930000002,0.3894999919999993,0.3919999900000004,753176000.0,0.8381696969697039,0
2013-11-27,0.3701936299999993,0.39250001299999937,0.3937500119999999,0.3882499930000005,0.39074999099999985,181272000.0,0.3836342681562632,0
2013-11-29,0.3678356709999999,0.3899999859999994,0.3934999999999995,0.3874999880000001,0.39250001299999937,116964000.0,-0.6369495330436958,0
2013-12-02,0.3713726099999999,0.3937500119999999,0.39649999100000066,0.3877500000000005,0.38850000499999915,373872000.0,0.9615451627221328,0
2013-12-03,0.3711367550000002,0.3934999999999995,0.398999989,0.39100000300000026,0.3937500119999999,290560000.0,-0.06349510917601497,0
2013-12-04,0.37632414700000005,0.398999989,0.39974999400000044,0.3914999960000003,0.39250001299999937,493176000.0,1.3977100381194374,0
2013-12-05,0.3701936299999993,0.39250001299999937,0.39974999400000044,0.3919999900000004,0.39974999400000044,271812000.0,-1.6290667115782864,0
2013-12-06,0.3647702929999994,0.38675001300000034,0.3972499969999994,0.3857499959999995,0.3972499969999994,281000000.0,-1.4649681043449991,0
2013-12-09,0.3586398069999994,0.3802500070000008,0.3880000110000008,0.37950000200000034,0.38675001300000034,385220000.0,-1.6806737638041191,0
2013-12-10,0.36689248699999943,0.38899999899999926,0.39074999099999985,0.37975001300000066,0.3802500070000008,524268000.0,2.3011155394929483,0
2013-12-11,0.36335563699999973,0.38525000199999937,0.39024999699999974,0.3844999970000007,0.3897500039999997,414156000.0,-0.9640095140462934,0
2013-12-12,0.35628190599999954,0.37775000899999966,0.3860000069999998,0.3770000039999992,0.3840000030000006,258724000.0,-1.9467859730212256,0
2013-12-13,0.3541595639999997,0.3754999940000001,0.38124999399999915,0.375,0.3785000150000002,184588000.0,-0.5956359884560558,0
2013-12-16,0.3546312149999995,0.37599998700000015,0.3792499899999999,0.3754999940000001,0.37575000500000044,237620000.0,0.1331539302234841,0
2013-12-17,0.35628190599999954,0.37775000899999966,0.3787499959999998,0.37250000200000066,0.37575000500000044,274104000.0,0.46543139907078146,0
2013-12-18,0.3612334730000004,0.38299998599999974,0.38374999200000026,0.37375000099999944,0.3785000150000002,426232000.0,1.389801952327696,0
2013-12-19,0.362648278,0.3844999970000007,0.38499999000000074,0.37999999500000037,0.3824999929999997,258544000.0,0.3916477949949426,0
2013-12-20,0.36995771499999996,0.39225000100000074,0.39250001299999937,0.3842499850000003,0.38525000199999937,382080000.0,2.0156057374429714,0
2013-12-23,0.3720798789999993,0.39449998699999966,0.39774998999999944,0.3912500140000006,0.39449998699999966,168568000.0,0.5736101961157036,0
2013-12-24,0.37302300300000013,0.3955000040000005,0.3967500029999993,0.3914999960000003,0.3967500029999993,79600000.0,0.2534897421935911,0
2013-12-26,0.36948624300000077,0.3917500080000007,0.39825001400000026,0.39074999099999985,0.3970000149999997,168920000.0,-0.9481658564028828,0
2013-12-27,0.3716082570000001,0.39399999399999963,0.3947499990000001,0.3914999960000003,0.3937500119999999,210976000.0,0.5743422984180402,0
2013-12-30,0.3765599430000002,0.3992500010000004,0.39950001200000074,0.3937500119999999,0.39425000499999996,248180000.0,1.332489106586121,0
2013-12-31,0.3777389230000008,0.4004999999999992,0.4025000040000002,0.39750000799999974,0.40000000600000085,235776000.0,0.31308678694279557,0
2014-01-02,0.3739662769999992,0.39649999100000066,0.39950001200000074,0.3930000069999995,0.39800000199999985,260092000.0,-0.9987538077403268,0
2014-01-03,0.36948624300000077,0.3917500080000007,0.39800000199999985,0.39050000900000015,0.3972499969999994,259332000.0,-1.1979780852000133,0
2014-01-06,0.3744378689999994,0.3970000149999997,0.40000000600000085,0.3919999900000004,0.3957499860000002,409492000.0,1.3401421551470616,0
2014-01-07,0.38056847500000046,0.40349999100000034,0.40500000099999944,0.39825001400000026,0.4009999929999992,333288000.0,1.6372734897755592,0
2014-01-08,0.38575589699999924,0.40900000899999966,0.41100001300000066,0.40349999100000034,0.40500000099999944,308192000.0,1.3630776016547719,0
2014-01-09,0.3713726099999999,0.3937500119999999,0.40349999100000034,0.39250001299999937,0.4027499849999998,292172000.0,-3.7286055414243346,0
2014-01-10,0.3709009890000008,0.3932499889999992,0.39774998999999944,0.3897500039999997,0.3950000110000005,218492000.0,-0.12698996438378352,0
2014-01-13,0.3621766569999991,0.3840000030000006,0.3957499860000002,0.38324999800000015,0.3932499889999992,243332000.0,-2.3521897670034098,0
2014-01-14,0.3734945950000004,0.39599999800000063,0.3967500029999993,0.3842499850000003,0.3860000069999998,241828000.0,3.1249986735026214,0
2014-01-15,0.37750309699999995,0.40024998800000056,0.40174999799999966,0.39599999800000063,0.39774998999999944,175044000.0,1.0732298034001442,0
2014-01-16,0.3786819880000003,0.40149998699999934,0.4022499919999998,0.3984999949999999,0.40024998800000056,220652000.0,0.31230456901349957,0
2014-01-17,0.3770315350000004,0.39974999400000044,0.40625,0.3972499969999994,0.40149998699999934,340400000.0,-0.4358637750092931,0
2014-01-21,0.37844631099999937,0.40125000499999963,0.40375000200000066,0.3970000149999997,0.40024998800000056,246076000.0,0.37523727892789793,0
2014-01-22,0.37797474899999983,0.4007500109999995,0.4025000040000002,0.39599999800000063,0.4020000100000001,337940000.0,-0.12460909502044482,0
2014-01-23,0.3765599430000002,0.3992500010000004,0.40375000200000066,0.39625000999999926,0.39950001200000074,185028000.0,-0.374300675939343,0
2014-01-24,0.36689248699999943,0.38899999899999926,0.39750000799999974,0.38899999899999926,0.39599999800000063,246696000.0,-2.567314207721205,0
2014-01-27,0.36453443799999974,0.3865000009999999,0.39449998699999966,0.3842499850000003,0.38899999899999926,233812000.0,-0.642673009364203,0
2014-01-28,0.3680714070000004,0.39024999699999974,0.39050000900000015,0.3842499850000003,0.3857499959999995,167996000.0,0.9702447581623863,0
2014-01-29,0.36453443799999974,0.3865000009999999,0.39100000300000026,0.3862499889999995,0.38874998700000063,162944000.0,-0.9609214679891509,0
2014-01-30,0.37066513299999926,0.3930000069999995,0.3937500119999999,0.3874999880000001,0.38874998700000063,202896000.0,1.6817609270846967,0
2014-01-31,0.3701936299999993,0.39250001299999937,0.3947499990000001,0.38725000600000037,0.3874999880000001,335348000.0,-0.12722493412067326,0
2014-02-03,0.36524191500000036,0.38725000600000037,0.3957499860000002,0.3857499959999995,0.3952499930000002,431728000.0,-1.3375813569718287,0
2014-02-04,0.36736390000000085,0.3894999919999993,0.39024999699999974,0.38499999000000074,0.38699999500000004,280692000.0,0.5810163886737385,0
2014-02-05,0.3640630250000001,0.3860000069999998,0.3880000110000008,0.38299998599999974,0.38675001300000034,214676000.0,-0.8985841006127759,0
2014-02-06,0.36877879500000077,0.39100000300000026,0.3919999900000004,0.3860000069999998,0.3865000009999999,168380000.0,1.2953357278048028,0
2014-02-07,0.3742020729999993,0.3967500029999993,0.3972499969999994,0.38850000499999915,0.3919999900000004,157248000.0,1.4705882240108492,0
2014-02-10,0.37538096299999957,0.39800000199999985,0.40325000900000063,0.39599999800000063,0.39625000999999926,324372000.0,0.3150596069434686,0
2014-02-11,0.3831621710000004,0.40625,0.40724998700000015,0.39825001400000026,0.40024998800000056,235384000.0,2.072863808679082,0
2014-02-12,0.396838099,0.4207499919999993,0.42375001299999937,0.40749999900000056,0.40749999900000056,744528000.0,3.5692288000000127,0
2014-02-13,0.4093350769999997,0.4339999849999998,0.43650001299999985,0.42375001299999937,0.43125000600000085,902836000.0,3.149136839436939,0
2014-02-14,0.42230355699999933,0.44775000199999937,0.4487499889999995,0.4297499949999999,0.4300000070000003,817536000.0,3.1682067915278944,0
2014-02-18,0.4220679099999991,0.44749999000000074,0.44949999500000004,0.44374999399999915,0.4480000139999998,428988000.0,-0.0558374090191438,0
2014-02-19,0.42772683499999964,0.45350000300000026,0.4575000110000005,0.44549998599999974,0.44749999000000074,450340000.0,1.3407850578946334,0
2014-02-20,0.442817539,0.46950000500000044,0.4704999920000006,0.4537500140000006,0.4544999900000004,398088000.0,3.5281150814016726,0
2014-02-21,0.4395163360000005,0.46599999100000034,0.47475001199999944,0.4629999999999992,0.46875,451052000.0,-0.7454768823697888,0
2014-02-24,0.44588282700000015,0.4727500080000002,0.4762499929999997,0.46075001400000026,0.4650000040000002,403112000.0,1.4485015301212822,0
2014-02-25,0.44386956099999963,0.4684999879999996,0.4720000029999998,0.4634999929999992,0.46999999900000056,242184000.0,-0.8989994559661652,0
2014-02-26,0.44315889499999983,0.46775001299999985,0.4745000000000008,0.46625000200000066,0.46750000099999944,360884000.0,-0.16008004678965682,0
2014-02-27,0.43818500599999943,0.46250000600000085,0.4724999959999998,0.4612500070000003,0.46775001299999985,388848000.0,-1.122395906806739,0
2014-02-28,0.43534284799999945,0.4595000149999997,0.4645000100000001,0.45274999699999974,0.46000000799999974,321692000.0,-0.6486466942878355,0
2014-03-03,0.4332109390000003,0.4572499990000001,0.4572499990000001,0.4452500050000001,0.44925001300000034,375948000.0,-0.48966614288358246,0
2014-03-04,0.43771129799999997,0.46200001200000074,0.4650000040000002,0.45875000999999926,0.4595000149999997,260344000.0,1.038821872146145,0
2014-03-05,0.4415009320000003,0.46599999100000034,0.46625000200000066,0.4595000149999997,0.461499989,241472000.0,0.8657962978581013,0
2014-03-06,0.43534284799999945,0.4595000149999997,0.4692499940000001,0.45875000999999926,0.4667499960000008,290144000.0,-1.3948446621321997,0
2014-03-07,0.4348689910000001,0.45899999100000066,0.46224999400000044,0.4555000069999995,0.461499989,268452000.0,-0.10881914769904633,0
2014-03-10,0.42847377100000017,0.4522500039999997,0.4595000149999997,0.4502500000000005,0.4575000110000005,300888000.0,-1.4705854318851186,0
2014-03-11,0.43273729100000047,0.45675000499999996,0.46075001400000026,0.45300000900000015,0.4544999900000004,297220000.0,0.995025087937873,0
2014-03-12,0.4339215759999995,0.4580000040000005,0.46075001400000026,0.45274999699999974,0.4544999900000004,239428000.0,0.27367246553178237,0
2014-03-13,0.42018392700000007,0.44350001199999944,0.46075001400000026,0.4412499959999998,0.45899999100000066,385172000.0,-3.165937090253823,0
2014-03-14,0.42207866899999935,0.44549998599999974,0.44949999500000004,0.4390000099999991,0.4390000099999991,460048000.0,0.4509524116991459,0
2014-03-17,0.42207866899999935,0.44549998599999974,0.4499999880000001,0.4449999929999997,0.4467499850000003,299656000.0,0.0,0
2014-03-18,0.4320266840000002,0.4559999999999995,0.45899999100000066,0.4452500050000001,0.44725000899999934,293904000.0,2.3569055735054523,0
2014-03-19,0.43960618999999923,0.46399998699999934,0.4727500080000002,0.4582499860000002,0.4595000149999997,366168000.0,1.7543831140350852,0
2014-03-20,0.4398430589999993,0.46424999799999966,0.4682500059999999,0.4595000149999997,0.461499989,191800000.0,0.053881682544099085,0
2014-03-21,0.43913248199999977,0.4634999929999992,0.4720000029999998,0.4609999949999999,0.4682500059999999,566116000.0,-0.1615519662317766,0
2014-03-24,0.43700075099999935,0.4612500070000003,0.46750000099999944,0.4544999900000004,0.46375000499999963,306096000.0,-0.4854338800389102,0
2014-03-25,0.43700075099999935,0.4612500070000003,0.4667499960000008,0.4577499930000002,0.46625000200000066,304424000.0,0.0,0
2014-03-26,0.4270527659999992,0.4507499930000005,0.4742499890000005,0.4467499850000003,0.4654999970000002,557756000.0,-2.2764257649106168,0
2014-03-27,0.42136821200000085,0.444750011,0.45350000300000026,0.4397499860000007,0.44975000600000037,540728000.0,-1.3311108359795432,0
2014-03-28,0.42397358999999923,0.44749999000000074,0.4502500000000005,0.4427500070000008,0.44400000599999956,398820000.0,0.6183201645834302,0
2014-03-31,0.4242104290000004,0.44775000199999937,0.4522500039999997,0.4452500050000001,0.4482499959999995,273404000.0,0.055868604600406435,0
2014-04-01,0.44173777099999967,0.46625000200000066,0.47174999099999937,0.45649999399999963,0.46200001200000074,656272000.0,4.131769942459984,0
2014-04-02,0.43889555300000005,0.4632500109999995,0.4672499899999991,0.4612500070000003,0.46625000200000066,239948000.0,-0.6434297023338087,0
2014-04-03,0.4436326620000006,0.4682500059999999,0.4794999959999995,0.46399998699999934,0.46424999799999966,599548000.0,1.079329709934962,0
2014-04-04,0.4298949840000006,0.4537500140000006,0.47350001300000066,0.4517500099999996,0.4707500039999992,368032000.0,-3.0966346640046827,0
2014-04-07,0.43131604799999934,0.45524999500000085,0.46399998699999934,0.45149999899999926,0.4539999960000003,428576000.0,0.3305743148693363,0
2014-04-08,0.44671195699999977,0.47150000899999966,0.4727500080000002,0.4544999900000004,0.45524999500000085,470692000.0,3.5694704400820454,0
2014-04-09,0.4462381010000005,0.4709999860000007,0.4777500030000006,0.4672499900000009,0.47374999500000037,421968000.0,-0.1060494147307689,0
2014-04-10,0.43534284799999945,0.4595000149999997,0.47549998799999926,0.4580000040000005,0.4690000120000004,372748000.0,-2.4416075035721962,0
2014-04-11,0.4291844959999995,0.45300000900000015,0.4629999999999992,0.4469999970000007,0.4559999999999995,353112000.0,-1.414582325965752,0
2014-04-14,0.4339215759999995,0.4580000040000005,0.4597499969999994,0.45300000900000015,0.4559999999999995,290184000.0,1.1037516337003117,0
2014-04-15,0.43700075099999935,0.4612500070000003,0.46375000499999963,0.4539999960000003,0.45849999800000063,304636000.0,0.7096076357239411,0
2014-04-16,0.4379481080000005,0.46224999400000044,0.46399998699999934,0.45649999399999963,0.4634999929999992,235136000.0,0.2167993463033202,0
2014-04-17,0.43960618999999923,0.46399998699999934,0.4682500059999999,0.4595000149999997,0.46050000199999985,153531999.99999994,0.37858150842939864,0
2014-04-21,0.44315889499999983,0.46775001299999985,0.4690000120000004,0.4612500070000003,0.46424999799999966,117004000.0,0.8081952812641013,0
2014-04-22,0.4469486180000004,0.47174999099999937,0.47475001199999944,0.46599999100000034,0.4684999879999996,255120000.0,0.8551529425612214,0
2014-04-23,0.4521595240000007,0.47725001000000056,0.47850000899999934,0.47174999099999937,0.4724999959999998,261580000.0,1.1658758039064798,0
2014-04-24,0.45618605599999995,0.4815000000000005,0.48649999500000085,0.48050001300000034,0.48050001300000034,391492000.0,0.8905164821264133,0
2014-04-25,0.4436326620000006,0.4682500059999999,0.4850000140000006,0.4672499900000009,0.48050001300000034,313600000.0,-2.75181599169263,0
2014-04-28,0.44173777099999967,0.46625000200000066,0.4745000000000008,0.46050000199999985,0.4720000029999998,226788000.0,-0.42712311251951185,0
2014-04-29,0.4426852760000006,0.4672499900000009,0.4690000120000004,0.46200001200000074,0.46799999499999956,171300000.0,0.2144746371496975,0
2014-04-30,0.43747437000000033,0.4617500010000004,0.4670000079999994,0.46075001400000026,0.4665000139999993,305740000.0,-1.1770977244964675,0
2014-05-01,0.4398430589999993,0.46424999799999966,0.46974998700000015,0.46050000199999985,0.46875,198104000.0,0.5414178656385049,0
2014-05-02,0.43652701399999927,0.46075001400000026,0.4665000139999993,0.4580000040000005,0.4665000139999993,156376000.0,-0.7539007033016798,0
2014-05-05,0.4412640930000009,0.46575000900000063,0.4692499940000001,0.4597499969999994,0.46024998999999944,239260000.0,1.0851860766302623,0
2014-05-06,0.43226358299999923,0.4562500119999999,0.4742499890000005,0.45500001299999937,0.4702500099999991,416188000.0,-2.0397201967633283,0
2014-05-07,0.43273729100000047,0.45675000499999996,0.46050000199999985,0.4517500099999996,0.4562500119999999,293900000.0,0.10958750396701245,0
2014-05-08,0.43818500599999943,0.46250000600000085,0.46974998700000015,0.45274999699999974,0.45500001299999937,432728000.0,1.258894567499791,0
2014-05-09,0.42752635499999947,0.45124998700000063,0.45274999699999974,0.4427500070000008,0.4485000069999998,539532000.0,-2.4324365089846034,0
2014-05-12,0.44007983800000083,0.4645000100000001,0.4654999970000002,0.4519999919999993,0.4522500039999997,299856000.0,2.9362932701868516,0
2014-05-13,0.43297412999999985,0.45699998699999966,0.46575000900000063,0.4555000069999995,0.4582499860000002,221104000.0,-1.6146443140012012,0
2014-05-14,0.4287106690000009,0.4524999859999994,0.45899999100000066,0.4522500039999997,0.4572499990000001,214320000.0,-0.9846829601769747,0
2014-05-15,0.4263420999999994,0.4499999880000001,0.4539999960000003,0.44549998599999974,0.45149999899999926,325896000.0,-0.5524857629498392,0
2014-05-16,0.42539465399999976,0.4490000009999999,0.4522500039999997,0.4465000030000006,0.4465000030000006,283960000.0,-0.2222193392591887,0
2014-05-19,0.43913248199999977,0.4634999929999992,0.46599999100000034,0.4517500099999996,0.4537500140000006,360076000.0,3.2293968747674873,0
2014-05-20,0.4340164959999999,0.4559999999999995,0.46274998800000056,0.4537500140000006,0.461499989,256200000.0,-1.6181214915358066,0
2014-05-21,0.4340164959999999,0.4559999999999995,0.4617500010000004,0.45324999099999985,0.4577499930000002,216712000.0,0.0,0
2014-05-22,0.4359201190000004,0.4580000040000005,0.46050000199999985,0.45500001299999937,0.45500001299999937,130364000.0,0.43859736842104535,0
2014-05-23,0.4399651589999998,0.46224999400000044,0.4645000100000001,0.4577499930000002,0.46050000199999985,182656000.0,0.9279454067428361,0
2014-05-27,0.44781753400000035,0.4704999920000006,0.4704999920000006,0.4634999929999992,0.4650000040000002,209680000.0,1.7847481032092771,0
2014-05-28,0.4516246319999997,0.4745000000000008,0.47749999200000026,0.46775001299999985,0.4722500150000002,224676000.0,0.8501611196626735,0
2014-05-29,0.4509107770000007,0.47374999500000037,0.4782499970000007,0.4727500080000002,0.4742499890000005,171884000.0,-0.15806217070600814,0
2014-05-30,0.45210063500000075,0.47499999399999915,0.4762499929999997,0.47124999799999934,0.47374999500000037,239128000.0,0.26385203444698746,0
2014-06-02,0.45067277599999933,0.47350001300000066,0.4794999959999995,0.46950000500000044,0.4765000050000001,181500000.0,-0.31578547767308063,0
2014-06-03,0.44876930100000045,0.47150000899999966,0.47499999399999915,0.4652499849999998,0.4745000000000008,243212000.0,-0.42238731680879216,0
2014-06-04,0.44924515499999984,0.4720000029999998,0.47549998799999926,0.46999999900000056,0.4702500099999991,161235999.99999994,0.10604326414764831,0
2014-06-05,0.4511487780000003,0.4740000070000008,0.47549998799999926,0.46999999900000056,0.4727500080000002,188696000.0,0.4237296583237571,0
2014-06-06,0.4528144600000008,0.4757499989999996,0.4799999889999995,0.4745000000000008,0.4762499929999997,161052000.0,0.36919661902030665,0
2014-06-09,0.45329022399999985,0.4762499929999997,0.48074999500000004,0.4720000029999998,0.47525000599999956,247456000.0,0.10509595397814042,0
2014-06-10,0.4556697009999997,0.47874999000000074,0.48100000600000037,0.4724999959999998,0.4745000000000008,217608000.0,0.5249337609964044,0
2014-06-11,0.4616184830000005,0.4850000140000006,0.48625001299999937,0.47699999800000015,0.47699999800000015,266228000.0,1.3054880690441362,0
2014-06-12,0.46447384400000047,0.48800000499999996,0.49024999100000066,0.48074999500000004,0.4850000140000006,337148000.0,0.6185548275056352,0
2014-06-13,0.4649496969999998,0.4884999990000001,0.49325001200000074,0.4837499859999994,0.4930000010000004,227852000.0,0.10245778583546361,0
2014-06-16,0.4635221059999992,0.4869999889999992,0.49024999100000066,0.48274999899999926,0.48625001299999937,198620000.0,-0.3070644837401493,0
2014-06-17,0.4666153790000003,0.49024999100000066,0.4922499949999999,0.4850000140000006,0.4875000119999999,157608000.0,0.6673515551147036,0
2014-06-18,0.4661394059999999,0.48974999800000063,0.49200001400000026,0.48449999099999985,0.4889999930000002,215536000.0,-0.10198735526339986,0
2014-06-19,0.455431849,0.47850000899999934,0.4832499919999993,0.47499999399999915,0.48074999500000004,474592000.0,-2.2970881155572775,0
2014-06-20,0.4504349829999992,0.47325000200000034,0.4815000000000005,0.46950000500000044,0.4797500069999998,353148000.0,-1.0971801256538738,0
2014-06-23,0.4452000560000009,0.46775001299999985,0.46799999499999956,0.461499989,0.4670000079999994,414200000.0,-1.1621741102496586,0
2014-06-24,0.4382995370000007,0.46050000199999985,0.4707500039999992,0.45849999800000063,0.4670000079999994,275780000.0,-1.5499755849285202,0
2014-06-25,0.44282051899999963,0.4652499849999998,0.4654999970000002,0.4575000110000005,0.4617500010000004,215420000.0,1.0314838174528385,0
2014-06-26,0.43687197600000083,0.45899999100000066,0.4654999970000002,0.4575000110000005,0.4652499849999998,256908000.0,-1.3433625365941615,0
2014-06-27,0.43734782900000013,0.4595000149999997,0.46224999400000044,0.4557499889999992,0.45849999800000063,302820000.0,0.10893769276782983,0
2014-06-30,0.4411549269999995,0.4634999929999992,0.4647499919999998,0.4577499930000002,0.4577499930000002,180512000.0,0.8705066092326463,0
2014-07-01,0.4461519119999995,0.46875,0.47150000899999966,0.461499989,0.4629999999999992,321180000.0,1.1326876114968965,0
2014-07-02,0.4444861109999998,0.4670000079999994,0.4690000120000004,0.46424999799999966,0.4670000079999994,179284000.0,-0.373331626666662,0
2014-07-03,0.4485313299999998,0.47124999799999934,0.4724999959999998,0.46274998800000056,0.46274998800000056,136891999.99999994,0.9100620829111339,0
2014-07-07,0.44496211400000085,0.46750000099999944,0.4722500150000002,0.4667499960000008,0.4720000029999998,127496000.0,-0.7957553349421942,0
2014-07-08,0.4413927789999992,0.46375000499999963,0.4682500059999999,0.4592500029999993,0.46625000200000066,221940000.0,-0.8021381801023741,0
2014-07-09,0.45471790400000067,0.4777500030000006,0.4797500069999998,0.46424999799999966,0.46775001299999985,387668000.0,3.018867460713004,0
2014-07-10,0.45233860599999964,0.47525000599999956,0.47725001000000056,0.4650000040000002,0.46875,266308000.0,-0.5232856063425273,0
2014-07-11,0.45329022399999985,0.4762499929999997,0.4777500030000006,0.4740000070000008,0.4757499989999996,191188000.0,0.21041283269336297,0
2014-07-14,0.4590010049999993,0.48225000499999915,0.4835000039999997,0.4765000050000001,0.4782499970000007,272636000.0,1.2598450578874765,0
2014-07-15,0.460904717,0.48425000900000015,0.4855000080000007,0.4797500069999998,0.4830000099999996,395440000.0,0.41472347937041576,0
2014-07-16,0.46042874499999975,0.4837499859999994,0.49000000999999926,0.48100000600000037,0.48625001299999937,319728000.0,-0.10325719993945492,0
2014-07-17,0.4592390660000003,0.48249998700000063,0.4875000119999999,0.4782499970000007,0.4782499970000007,324832000.0,-0.2583977335763654,0
2014-07-18,0.4387754499999996,0.4609999949999999,0.4762499929999997,0.46024998999999944,0.4724999959999998,567816000.0,-4.45595701124859,0
2014-07-21,0.4413927789999992,0.46375000499999963,0.4670000079999994,0.4592500029999993,0.4592500029999993,243364000.0,0.596531459832228,0
2014-07-22,0.4394894239999996,0.4617500010000004,0.46974998700000015,0.46075001400000026,0.4672499900000009,298816000.0,-0.4312677042450974,0
2014-07-23,0.43020936799999987,0.4519999919999993,0.46224999400000044,0.45149999899999926,0.46200001200000074,297352000.0,-2.111534158935502,0
2014-07-24,0.43092322300000063,0.45274999699999974,0.4557499889999992,0.44949999500000004,0.4544999900000004,254576000.0,0.1659303126713363,0
2014-07-25,0.42330887900000036,0.444750011,0.4522500039999997,0.44400000599999956,0.45124998700000063,266132000.0,-1.766976488792782,0
2014-07-28,0.42164319799999994,0.4429999890000005,0.4467499850000003,0.4354999960000008,0.4467499850000003,330352000.0,-0.39348441972270054,0
2014-07-29,0.4230709370000003,0.4444999989999996,0.4505000110000008,0.4429999890000005,0.4432500000000008,217972000.0,0.33860271721135593,0
2014-07-30,0.43020936799999987,0.4519999919999993,0.45324999099999985,0.44600001000000056,0.44725000899999934,246184000.0,1.6872875178566726,0
2014-07-31,0.41640850900000004,0.4375,0.4499999880000001,0.43674999499999956,0.4465000030000006,401880000.0,-3.2079628886365175,0
2014-08-01,0.4209293719999998,0.44225001300000066,0.444750011,0.4359999900000009,0.4375,219884000.0,1.0857172571428597,0
2014-08-04,0.41997766499999933,0.4412499959999998,0.44549998599999974,0.4390000099999991,0.4417499899999999,241724000.0,-0.22612028730455425,0
2014-08-05,0.42021554699999975,0.4415000080000002,0.4480000139999998,0.43625000099999944,0.43999999799999934,298136000.0,0.05665994385641859,0
2014-08-06,0.41973969300000036,0.4410000150000002,0.4465000030000006,0.4352500139999993,0.43849998700000015,223456000.0,-0.11324869556966766,0
2014-08-07,0.4154566820000003,0.43650001299999985,0.4487499889999995,0.4334999919999998,0.444750011,407696000.0,-1.0204085820722741,0
2014-08-08,0.45210063500000075,0.47499999399999915,0.47749999200000026,0.4555000069999995,0.4555000069999995,894348000.0,8.820155751060653,0
2014-08-11,0.4497210979999995,0.4724999959999998,0.47749999200000026,0.47124999799999934,0.47549998799999926,344624000.0,-0.5263153750692529,0
2014-08-12,0.4497210979999995,0.4724999959999998,0.47499999399999915,0.4672499900000009,0.4722500150000002,296152000.0,0.0,0
2014-08-13,0.45233860599999964,0.47525000599999956,0.4792500139999998,0.4702500099999991,0.47325000200000034,256596000.0,0.5820127033397959,0
2014-08-14,0.44734162099999963,0.46999999900000056,0.47699999800000015,0.46799999499999956,0.47699999800000015,255992000.0,-1.1046832054116829,0
2014-08-15,0.4530523120000005,0.476000011,0.47874999000000074,0.4670000079999994,0.47150000899999966,369796000.0,1.276598300588505,0
2014-08-18,0.4592390660000003,0.48249998700000063,0.4830000099999996,0.47325000200000034,0.4779999850000003,284076000.0,1.365541144913962,0
2014-08-19,0.46294352399999994,0.48425000900000015,0.4867500069999995,0.47874999000000074,0.48050001300000034,248260000.0,0.36269886987581046,0
2014-08-20,0.46007549800000014,0.4812499880000001,0.48475000300000026,0.4799999889999995,0.48249998700000063,221468000.0,-0.6195190385633986,0
2014-08-21,0.45577338300000036,0.47674998599999974,0.48249998700000063,0.476000011,0.4799999889999995,272796000.0,-0.9350653739652715,0
2014-08-22,0.456012458,0.47699999800000015,0.48100000600000037,0.47325000200000034,0.4762499929999997,251224000.0,0.0524409034801554,0
2014-08-25,0.4567293820000007,0.4777500030000006,0.48225000499999915,0.47674998599999974,0.47900000199999937,153380000.0,0.15723375327980627,0
2014-08-26,0.4648555820000002,0.48625001299999937,0.4872499999999995,0.47725001000000056,0.47900000199999937,269636000.0,1.779175289717383,0
2014-08-27,0.4595974680000001,0.48074999500000004,0.4869999889999992,0.4799999889999995,0.4832499919999993,182972000.0,-1.1311090700166226,0
2014-08-28,0.4634214639999996,0.48475000300000026,0.4857499900000004,0.4782499970000007,0.4797500069999998,179704000.0,0.8320349540513305,0
2014-08-29,0.4648555820000002,0.48625001299999937,0.4872499999999995,0.4812499880000001,0.48649999500000085,207932000.0,0.3094399155681993,0
2014-09-02,0.46605044600000056,0.4875000119999999,0.4875000119999999,0.4830000099999996,0.4875000119999999,192636000.0,0.25706919621202307,0
2014-09-03,0.470352471,0.49200001400000026,0.49375000600000085,0.4867500069999995,0.49000000999999926,259456000.0,0.923077310611431,0
2014-09-04,0.4787175060000006,0.5007500050000004,0.5037500260000005,0.4909999969999994,0.49125000799999974,491832000.0,1.7784534046781486,0
2014-09-05,0.4772835369999999,0.49924999499999956,0.5024999979999993,0.4959999919999998,0.5002499819999997,253792000.0,-0.2995526680024674,0
2014-09-08,0.47298145299999916,0.4947499929999992,0.4997499879999996,0.492749989,0.49875000099999944,319288000.0,-0.9013524376700333,0
2014-09-09,0.4670064749999998,0.4884999990000001,0.4957500100000001,0.48800000499999996,0.4925000070000003,198588000.0,-1.2632630800259559,0
2014-09-10,0.46867948799999937,0.49024999100000066,0.49200001400000026,0.4857499900000004,0.49125000799999974,172376000.0,0.35823787176711974,0
2014-09-11,0.4638994039999993,0.4852499960000003,0.4884999990000001,0.4799999889999995,0.4867500069999995,250720000.0,-1.0198868111758852,0
2014-09-12,0.4569685159999999,0.4779999850000003,0.48824998699999966,0.47749999200000026,0.48824998699999966,262536000.0,-1.4940774981479832,0
2014-09-15,0.45075443400000026,0.47150000899999966,0.4802500009999999,0.46950000500000044,0.4794999959999995,294152000.0,-1.3598276577351798,0
2014-09-16,0.4574464260000006,0.47850000899999934,0.48100000600000037,0.46875,0.4702500099999991,219936000.0,1.484623513549077,0
2014-09-17,0.45768541099999993,0.47874999000000074,0.4832499919999993,0.47499999399999915,0.47725001000000056,173584000.0,0.05224263224621328,0
2014-09-18,0.46461644799999924,0.48600000100000074,0.48649999500000085,0.4802500009999999,0.4817500110000008,219604000.0,1.5143626425976553,0
2014-09-19,0.456012458,0.47699999800000015,0.48800000499999996,0.4762499929999997,0.4875000119999999,601316000.0,-1.8518524653254098,0
2014-09-22,0.4514714479999995,0.4722500150000002,0.4867500069999995,0.47174999099999937,0.4867500069999995,221464000.0,-0.9958035681165711,0
2014-09-23,0.44955945000000064,0.4702500099999991,0.47549998799999926,0.46799999499999956,0.46974998700000015,196144000.0,-0.4235055450448222,0
2014-09-24,0.4521884319999998,0.4729999899999999,0.4745000000000008,0.46950000500000044,0.46999999900000056,159592000.0,0.5847910561447955,0
2014-09-25,0.4423894579999992,0.46274998800000056,0.47374999500000037,0.4617500010000004,0.4724999959999998,298440000.0,-2.1670194961314837,0
2014-09-26,0.4433453380000003,0.46375000499999963,0.4672499899999991,0.46224999400000044,0.46424999799999966,241188000.0,0.21610308502051367,0
2014-09-29,0.442628354,0.4629999999999992,0.46625000200000066,0.4555000069999995,0.46000000799999974,208540000.0,-0.1617261438088824,0
2014-09-30,0.44095545999999963,0.4612500070000003,0.4645000100000001,0.4557499889999992,0.4609999949999999,277204000.0,-0.37796825053996175,0
2014-10-01,0.4366534049999995,0.45675000499999996,0.4652499849999998,0.4555000069999995,0.46200001200000074,350976000.0,-0.9756101748958912,0
2014-10-02,0.43474143699999956,0.45475000100000074,0.4582499860000002,0.44424998799999926,0.4559999999999995,288996000.0,-0.437877170904466,0
2014-10-03,0.4356974660000006,0.4557499889999992,0.46375000499999963,0.4557499889999992,0.4575000110000005,239140000.0,0.21989840523386484,0
2014-10-06,0.4330684540000007,0.45300000900000015,0.4612500070000003,0.4499999880000001,0.4575000110000005,199032000.0,-0.6033966135762348,0
2014-10-07,0.42852735499999994,0.4482499959999995,0.4555000069999995,0.44775000199999937,0.45100000499999915,301896000.0,-1.0485679703374995,0
2014-10-08,0.4364144799999998,0.45649999399999963,0.45875000999999926,0.44424998799999926,0.44775000199999937,260172000.0,1.8404903677902151,0
2014-10-09,0.4280494749999999,0.44775000199999937,0.45500001299999937,0.44400000599999956,0.4544999900000004,306956000.0,-1.916756213582782,0
2014-10-10,0.4027153549999998,0.4212499859999994,0.44574999800000015,0.4210000039999997,0.44424998799999926,691376000.0,-5.918484842351823,0
2014-10-13,0.4012814460000005,0.41975000499999915,0.43250000499999963,0.4192500110000008,0.42399999500000085,397628000.0,-0.35607858750172916,0
2014-10-14,0.4106024210000001,0.42950001400000026,0.4412499959999998,0.4230000080000007,0.42550000499999996,376620000.0,2.322813313605554,0
2014-10-15,0.41681638400000054,0.4359999900000009,0.43825000500000044,0.4205000099999996,0.4232499900000004,404428000.0,1.5133820228466988,0
2014-10-16,0.4170554580000001,0.43625000099999944,0.4412499959999998,0.42724999800000063,0.4282500149999997,351116000.0,0.05734197379223538,0
2014-10-17,0.41633841400000016,0.4354999960000008,0.4465000030000006,0.4337500040000002,0.4415000080000002,290716000.0,-0.17192091651135888,0
2014-10-20,0.4199233650000007,0.4392499920000006,0.4432500000000008,0.43250000499999963,0.4354999960000008,200336000.0,0.8610783087125373,0
2014-10-21,0.4378484189999998,0.4580000040000005,0.45849999800000063,0.4412499959999998,0.44249999500000037,351092000.0,4.2686425364806935,0
2014-10-22,0.42757147600000067,0.44725000899999934,0.45875000999999926,0.44725000899999934,0.4572499990000001,239512000.0,-2.3471604598501283,0
2014-10-23,0.4371314349999995,0.4572499990000001,0.46050000199999985,0.4517500099999996,0.45500001299999937,214476000.0,2.235883688936946,0
2014-10-24,0.44167247400000065,0.46200001200000074,0.4647499919999998,0.4572499990000001,0.46000000799999974,210156000.0,1.038821872146145,0
2014-10-27,0.4419113699999997,0.46224999400000044,0.46399998699999934,0.45675000499999996,0.4617500010000004,145092000.0,0.0541086566032245,0
2014-10-28,0.45242750599999937,0.47325000200000034,0.47374999500000037,0.46050000199999985,0.4609999949999999,192580000.0,2.3796664451660288,0
2014-10-29,0.44955945000000064,0.4702500099999991,0.4740000070000008,0.46599999100000034,0.47124999799999934,168340000.0,-0.6339127284356594,0
2014-10-30,0.4466914830000004,0.4672499900000009,0.4709999860000007,0.4612500070000003,0.4690000120000004,170260000.0,-0.6379627721857961,0
2014-10-31,0.4670064749999998,0.4884999990000001,0.4887500110000005,0.47549998799999926,0.4779999850000003,256316000.0,4.547888593855287,0
2014-11-03,0.4748934509999998,0.4967499970000002,0.5015000100000009,0.4942499999999992,0.4997499879999996,308732000.0,1.6888429921982473,0
2014-11-04,0.4811075630000001,0.5032500029999998,0.5049999950000004,0.49175000199999985,0.5,360196000.0,1.3085065001017027,0
2014-11-05,0.4811075630000001,0.5032500029999998,0.5065000059999996,0.4995000059999999,0.5062500239999999,335652000.0,0.0,0
2014-11-06,0.4832584559999997,0.5055000189999994,0.5062500239999999,0.4964999849999998,0.5042499899999999,394088000.0,0.4470970663859042,0
2014-11-07,0.47298145299999916,0.4947499929999992,0.5172500010000007,0.48974999800000063,0.5112500190000002,450800000.0,-2.1266123829759898,0
2014-11-10,0.4784784910000006,0.5005000230000007,0.5037500260000005,0.4930000010000004,0.4942499999999992,293388000.0,1.1622092130074924,0
2014-11-11,0.47274249800000057,0.4945000109999995,0.5002499819999997,0.49024999100000066,0.49750000200000066,212992000.0,-1.1988035413137088,0
2014-11-12,0.4696355160000003,0.49125000799999974,0.49399998800000056,0.48449999099999985,0.492749989,204584000.0,-0.6572301168260242,0
2014-11-13,0.46724537000000055,0.4887500110000005,0.49375000600000085,0.48475000300000026,0.4930000010000004,225328000.0,-0.5089052334427691,0
2014-11-14,0.47298145299999916,0.4947499929999992,0.4947499929999992,0.48449999099999985,0.4892500040000005,160247999.99999994,1.2276177728822724,0
2014-11-17,0.47083041099999967,0.4925000070000003,0.4977500139999993,0.4892500040000005,0.4925000070000003,158732000.00000006,-0.45477231568146204,0
2014-11-18,0.4820635020000008,0.5042499899999999,0.5055000189999994,0.49149998999999944,0.492749989,207772000.0,2.3857833163442033,0
2014-11-19,0.48026332300000085,0.5002499819999997,0.5040000080000002,0.49500000499999963,0.5024999979999993,240300000.0,-0.7932589150869362,0
2014-11-20,0.4881837959999995,0.5084999799999999,0.5090000030000006,0.49524998699999934,0.4967499970000002,220968000.0,1.6491750718343745,0
2014-11-21,0.4908238950000001,0.5112500190000002,0.5137500169999996,0.5070000290000003,0.5130000110000008,198976000.0,0.5408139839061521,0
2014-11-24,0.49394404899999955,0.514500022,0.516749978,0.5105000139999998,0.5124999880000001,136003999.99999994,0.6356973846880276,0
2014-11-25,0.49370393200000073,0.5142499800000007,0.5180000069999995,0.5124999880000001,0.5134999750000002,190240000.0,-0.048599026104612086,0
2014-11-26,0.5021043419999991,0.5230000019999999,0.5235000250000006,0.5109999779999992,0.5112500190000002,219264000.0,1.7015113933499748,0
2014-11-28,0.5033044820000008,0.5242499709999997,0.5272499919999998,0.5199999809999998,0.5247499940000004,124832000.0,0.23899980788146813,0
2014-12-01,0.49394404899999955,0.514500022,0.5249999760000001,0.5137500169999996,0.5220000149999997,190060000.0,-1.8597900885720886,0
2014-12-02,0.494664341,0.5152500270000004,0.5174999830000004,0.5092499850000003,0.5139999989999993,245952000.0,0.14577356033620426,0
2014-12-03,0.507384837,0.5285000209999993,0.5287500020000007,0.5162500140000006,0.5177500249999998,284424000.0,2.5715659011503744,0
2014-12-04,0.5028244849999997,0.5237500070000003,0.5297499899999991,0.5202500220000008,0.5277500150000005,185332000.0,-0.8987727173619287,0
2014-12-05,0.5057045220000003,0.5267500280000004,0.5295000079999994,0.5237500070000003,0.523999989,165679999.99999994,0.5727963646595446,0
2014-12-08,0.4992242460000007,0.5199999809999998,0.53125,0.5157499909999999,0.5260000229999999,226944000.0,-1.2814516642038143,0
2014-12-09,0.497544199,0.5182499889999992,0.5195000170000004,0.5090000030000006,0.516749978,239448000.0,-0.33653693537346596,0
2014-12-10,0.4865037500000007,0.5067499879999993,0.5187500119999999,0.5062500239999999,0.516749978,204364000.0,-2.2190065111607593,0
2014-12-11,0.4862636029999994,0.5065000059999996,0.5132499930000005,0.5055000189999994,0.5097500089999993,135652000.0,-0.04933044024069133,0
2014-12-12,0.47114294800000067,0.4907500149999997,0.5042499899999999,0.49024999100000066,0.4997499879999996,323964000.0,-3.1095737045262806,0
2014-12-15,0.46970295899999925,0.4892500040000005,0.5055000189999994,0.48774999399999963,0.4964999849999998,254696000.0,-0.3056568424149697,0
2014-12-16,0.4644226430000007,0.4837499859999994,0.4964999849999998,0.4835000039999997,0.4887500110000005,185308000.0,-1.1241733173291912,0
2014-12-17,0.48338338699999994,0.5034999849999995,0.5042499899999999,0.47749999200000026,0.49349999400000044,345596000.0,4.082687249938233,0
2014-12-18,0.48530358100000015,0.5055000189999994,0.5157499909999999,0.5007500050000004,0.5097500089999993,226156000.0,0.3972262283185479,0
2014-12-19,0.49010389999999937,0.5105000139999998,0.5124999880000001,0.5042499899999999,0.5090000030000006,325528000.0,0.9891186571844734,0
2014-12-22,0.4987443979999995,0.5195000170000004,0.5195000170000004,0.5082499980000001,0.5099999900000007,148976000.0,1.7629780123767036,0
2014-12-23,0.4956243039999997,0.5162500140000006,0.5260000229999999,0.5157499909999999,0.5235000250000006,109280000.0,-0.625602096948541,0
2014-12-24,0.49370393200000073,0.5142499800000007,0.5182499889999992,0.5137500169999996,0.5174999830000004,45644000.0,-0.3874157764187536,0
2014-12-26,0.4941842259999998,0.5147500039999997,0.5174999830000004,0.5130000110000008,0.5142499800000007,52636000.0,0.09723364500666687,0
2014-12-29,0.49346408199999914,0.5139999989999993,0.5174999830000004,0.5107499959999995,0.5132499930000005,82944000.0,-0.14570276720191622,0
2014-12-30,0.48890397000000085,0.5092499850000003,0.5130000110000008,0.5084999799999999,0.5105000139999998,112120000.00000006,-0.9241272391520172,0
2014-12-31,0.48122343400000034,0.5012500289999995,0.5127500299999994,0.4997499879999996,0.5099999900000007,166300000.0,-1.5709290595266157,0
2015-01-02,0.48314347900000065,0.5032500029999998,0.5070000290000003,0.49524998699999934,0.5032500029999998,113680000.0,0.3989972836490274,0
2015-01-05,0.4749831259999997,0.4947499929999992,0.5047500130000007,0.4925000070000003,0.5032500029999998,197952000.0,-1.6890233381677722,0
2015-01-06,0.46058240500000025,0.4797500069999998,0.4959999919999998,0.4792500139999998,0.49549999799999966,197764000.0,-3.0318314729112172,0
2015-01-07,0.4593823550000007,0.47850000899999934,0.4875000119999999,0.47699999800000015,0.4832499919999993,321808000.0,-0.26055195034108136,0
2015-01-08,0.47666320199999923,0.4964999849999998,0.4995000059999999,0.4837499859999994,0.48399999699999974,283780000.0,3.7617503994655133,0
2015-01-09,0.4785832170000006,0.4984999900000009,0.5022500159999996,0.49149998999999944,0.4982500079999994,209540000.0,0.40282075738633516,0
2015-01-12,0.47258299599999987,0.4922499949999999,0.5,0.48774999399999963,0.4997499879999996,190732000.0,-1.25376030599319,0
2015-01-13,0.47186288199999993,0.49149998999999944,0.5059999820000005,0.48800000499999996,0.4959999919999998,236720000.0,-0.15236262216721252,0
2015-01-14,0.47378307600000014,0.49349999400000044,0.49500000499999963,0.4850000140000006,0.48625001299999937,155260000.00000006,0.40691842130047284,0
2015-01-15,0.4704229529999999,0.49000000999999926,0.5,0.48974999800000063,0.49700000900000063,188932000.0,-0.709216624630804,0
2015-01-16,0.4790633920000005,0.49900001299999985,0.4995000059999999,0.48774999399999963,0.4892500040000005,181512000.0,1.8367352686380567,0
2015-01-20,0.4805033210000005,0.5005000230000007,0.5052499770000001,0.4942499999999992,0.5024999979999993,140307999.99999994,0.3006031985814728,0
2015-01-21,0.4872237150000007,0.5074999929999997,0.5087500210000009,0.4942499999999992,0.4977500139999993,144780000.0,1.3985953403243157,0
2015-01-22,0.4956243039999997,0.5162500140000006,0.5177500249999998,0.5032500029999998,0.5084999799999999,159712000.00000006,1.7241420927467832,0
2015-01-23,0.4970640539999991,0.5177500249999998,0.5187500119999999,0.5124999880000001,0.516749978,120416000.00000006,0.29055902359742536,0
2015-01-26,0.4949041310000002,0.5155000090000001,0.5180000069999995,0.5122500060000004,0.5155000090000001,133240000.0,-0.43457573951830586,0
2015-01-27,0.47114294800000067,0.4907500149999997,0.5080000160000004,0.48974999800000063,0.5074999929999997,357948000.0,-4.801162670784754,0
2015-01-28,0.4634626209999997,0.48274999899999926,0.49875000099999944,0.48249998700000063,0.4967499970000002,272728000.0,-1.6301611320378662,0
2015-01-29,0.47474312800000007,0.4945000109999995,0.49724999100000034,0.48074999500000004,0.4830000099999996,235340000.0,2.433974526015481,0
2015-01-30,0.46082237399999926,0.4799999889999995,0.4967499970000002,0.4792500139999998,0.4909999969999994,298200000.0,-2.932259186542263,0
2015-02-02,0.47090292000000034,0.4905000029999993,0.4925000070000003,0.47350001300000066,0.4830000099999996,259604000.0,2.1875029667969503,0
2015-02-03,0.4826634530000007,0.5027499790000007,0.5032500029999998,0.49149998999999944,0.49399998800000056,183468000.0,2.4974466717791133,0
2015-02-04,0.4838635920000005,0.5040000080000002,0.5097500089999993,0.4997499879999996,0.5012500289999995,181516000.0,0.24863829979395735,0
2015-02-05,0.49178379800000016,0.5122500060000004,0.5124999880000001,0.5040000080000002,0.5044999719999996,140447999.99999994,1.6369043390967564,0
2015-02-06,0.48962363599999925,0.5099999900000007,0.5177500249999998,0.5077499749999994,0.5117499829999996,210524000.0,-0.4392417713314889,0
2015-02-09,0.4891439379999998,0.5095000269999996,0.5109999779999992,0.5037500260000005,0.5070000290000003,273944000.0,-0.09803196270651293,0
2015-02-10,0.5028244849999997,0.5237500070000003,0.523999989,0.5077499749999994,0.5099999900000007,226204000.0,2.796855592708347,0
2015-02-11,0.4994643629999995,0.5202500220000008,0.5249999760000001,0.516749978,0.5249999760000001,320832000.0,-0.668254883670083,0
2015-02-12,0.5352263449999999,0.5575000049999996,0.5625,0.5467500090000001,0.5500000119999999,676904000.0,7.160015651090146,0
2015-02-13,0.5354659559999995,0.5577499869999993,0.5584999919999998,0.5477499960000003,0.5562499760000001,310084000.0,0.044839820225650584,0
2015-02-17,0.5371459129999998,0.5594999789999999,0.5622500180000003,0.5532500149999997,0.5567499999999992,203340000.0,0.3137592184291771,0
2015-02-18,0.5309057829999997,0.5529999730000004,0.5597500209999993,0.5519999860000002,0.5587499739999995,170948000.0,-1.1617526798870514,0
2015-02-19,0.5323457719999993,0.5544999839999996,0.5609999899999991,0.5519999860000002,0.5600000020000007,169432000.0,0.2712497419959048,0
2015-02-20,0.5361860390000004,0.5584999919999998,0.5587499739999995,0.5500000119999999,0.5540000200000001,157752000.0,0.7213720677041513,0
2015-02-23,0.5318661329999994,0.5540000200000001,0.5582500100000001,0.5512499809999998,0.5582500100000001,125008000.00000006,-0.8057246310578248,0
2015-02-24,0.5375277999999994,0.5577499869999993,0.5577499869999993,0.5490000249999998,0.5540000200000001,149356000.0,0.6768893257440567,0
2015-02-25,0.5334318879999991,0.5534999969999994,0.5580000280000004,0.5509999990000001,0.5554999709999997,123820000.0,-0.7619883637935532,0
2015-02-26,0.534877539,0.5550000070000003,0.5582500100000001,0.5504999759999993,0.5540000200000001,152864000.00000006,0.27100451818069526,0
2015-02-27,0.5315044520000001,0.5515000220000008,0.5547500250000006,0.5494999889999992,0.5534999969999994,157492000.0,-0.6306279199740472,0
2015-03-02,0.5445151330000009,0.5649999979999993,0.5680000189999994,0.5492500069999995,0.5500000119999999,301512000.0,2.447864997546634,0
2015-03-03,0.5343955759999997,0.5544999839999996,0.5634999870000001,0.5527499910000007,0.5607500079999994,160344000.0,-1.8584095641005605,0
2015-03-04,0.5404191609999991,0.5607500079999994,0.5619999769999993,0.5502499939999996,0.5525000099999993,226840000.0,1.1271459297282904,0
2015-03-05,0.5507792229999993,0.5715000030000006,0.5724999900000007,0.5592499970000002,0.5607500079999994,323056000.0,1.9170744265063044,0
2015-03-06,0.543310344,0.5637500289999995,0.5709999799999999,0.5632500050000004,0.5682500000000008,257392000.0,-1.3560759333889227,0
2015-03-09,0.544755876,0.5652499790000007,0.5695000290000003,0.5627499819999997,0.5640000099999991,222388000.0,0.2660665051601896,0
2015-03-10,0.5541524290000002,0.5749999880000001,0.5787500140000006,0.5667499899999999,0.5677499770000001,527212000.0,1.7249021428092703,0
2015-03-11,0.5512611869999997,0.5720000269999996,0.5824999809999998,0.5705000160000004,0.5749999880000001,262120000.0,-0.5217323587144107,0
2015-03-12,0.5462015270000009,0.5667499899999999,0.5707499980000001,0.5559999940000004,0.5665000080000002,406972000.0,-0.9178385930390776,0
2015-03-13,0.5469244720000006,0.5674999950000004,0.5690000059999996,0.5562499760000001,0.5640000099999991,359288000.0,0.132334364928699,0
2015-03-16,0.5534297230000007,0.5742499829999996,0.5777500270000004,0.5682500000000008,0.5720000269999996,236956000.0,1.1894252087173873,0
2015-03-17,0.5601758359999991,0.5812500119999999,0.5814999939999996,0.5690000059999996,0.5730000139999998,299900000.0,1.2189863660823308,0
2015-03-18,0.5510203839999992,0.5717499850000003,0.5842499730000004,0.5665000080000002,0.5812500119999999,413844000.0,-1.6344132135691192,0
2015-03-19,0.5594531889999992,0.5805000069999995,0.5824999809999998,0.5695000290000003,0.5737500190000002,310756000.0,1.5303930440855318,0
2015-03-20,0.5654762390000005,0.5867499709999997,0.5902500150000005,0.5797500010000007,0.5852500200000001,462084000.0,1.0766518388689805,0
2015-03-23,0.5471651550000001,0.5677499770000001,0.5767499800000007,0.5674999950000004,0.5692499879999993,426012000.0,-3.2381755328625417,0
2015-03-24,0.5396963360000004,0.5600000020000007,0.5699999929999997,0.5575000049999996,0.5659999849999995,330480000.0,-1.3650330803976374,0
2015-03-25,0.5069292189999999,0.5260000229999999,0.5597500209999993,0.5242499709999997,0.5597500209999993,542552000.0,-6.071424799744907,0
2015-03-26,0.505242527,0.5242499709999997,0.5264999869999993,0.5115000009999999,0.5152500270000004,311920000.0,-0.3327094911552919,0
2015-03-27,0.5151210430000006,0.5345000029999998,0.5364999770000001,0.5187500119999999,0.5272499919999998,318288000.0,1.9551802702913124,0
2015-03-30,0.517289281,0.5367500189999994,0.5394999980000001,0.5299999710000005,0.5370000000000008,253252000.0,0.420957153858037,0
2015-03-31,0.5042788389999995,0.5232499839999996,0.5357499719999996,0.5227500200000001,0.5352500080000002,357276000.0,-2.515143832719635,0
2015-04-01,0.5062062740000002,0.5252500179999995,0.5270000100000001,0.5162500140000006,0.5252500179999995,330768000.0,0.3822329787209311,0
2015-04-02,0.5074109440000001,0.5264999869999993,0.5297499899999991,0.5220000149999997,0.5282499789999999,192204000.0,0.23797600326782575,0
2015-04-06,0.5221080780000005,0.5417500139999998,0.5435000060000004,0.5187500119999999,0.5242499709999997,515864000.0,2.896491429543002,0
2015-04-07,0.5266857740000006,0.5465000270000004,0.5525000099999993,0.5387499929999997,0.5417500139999998,413964000.0,0.8767905634055051,0
2015-04-08,0.5305408239999991,0.5504999759999993,0.5525000099999993,0.5417500139999998,0.5469999909999999,366432000.0,0.731921098331445,0
2015-04-09,0.5428283809999996,0.5632500050000004,0.5649999979999993,0.5460000039999997,0.5462499859999994,379432000.0,2.3160816631897507,0
2015-04-10,0.5483698839999995,0.5690000059999996,0.5692499879999993,0.5617499949999996,0.5637500289999995,258728000.0,1.0208612426022112,0
2015-04-13,0.543310344,0.5637500289999995,0.5709999799999999,0.5612499710000005,0.5677499770000001,236724000.0,-0.9226673013426945,0
2015-04-14,0.5387327079999995,0.5590000150000005,0.5637500289999995,0.5534999969999994,0.5615000129999999,220276000.0,-0.8425745021114817,0
2015-04-15,0.5452377199999994,0.5657500029999998,0.5699999929999997,0.5577499869999993,0.5605000259999997,243560000.0,1.2075112377233133,0
2015-04-16,0.5418646339999995,0.5622500180000003,0.5672500130000007,0.5582500100000001,0.5625,155284000.00000006,-0.6186451580098451,0
2015-04-17,0.534877539,0.5550000070000003,0.5605000259999997,0.5502499939999996,0.5504999759999993,293636000.0,-1.2894638982474893,0
2015-04-20,0.5322273370000001,0.5522500279999996,0.5609999899999991,0.5512499809999998,0.5575000049999996,231624000.0,-0.49549170546225874,0
2015-04-21,0.5315044520000001,0.5515000220000008,0.5590000150000005,0.5487499830000004,0.5590000150000005,230456000.0,-0.13580913752347934,0
2015-04-22,0.5375277999999994,0.5577499869999993,0.5584999919999998,0.5462499859999994,0.5547500250000006,207420000.0,1.1332665005768572,0
2015-04-23,0.5353595020000004,0.5554999709999997,0.5607500079999994,0.5412499900000007,0.5475000140000006,259380000.0,-0.4034094222220008,0
2015-04-24,0.5307816269999996,0.5507500170000004,0.5554999709999997,0.5444999930000005,0.555249989,240960000.0,-0.8550772723622702,0
2015-04-27,0.534877539,0.5550000070000003,0.5647500159999996,0.5477499960000003,0.5525000099999993,248456000.0,0.7716731491267392,0
2015-04-28,0.5375277999999994,0.5577499869999993,0.5597500209999993,0.5487499830000004,0.5540000200000001,234484000.0,0.4954918856424628,0
2015-04-29,0.5334318879999991,0.5534999969999994,0.5592499970000002,0.5512499809999998,0.5537499790000009,195156000.0,-0.7619883637935532,0
2015-04-30,0.534877539,0.5550000070000003,0.5577499869999993,0.5494999889999992,0.5507500170000004,218844000.0,0.27100451818069526,0
2015-05-01,0.5481292010000001,0.5687500239999999,0.5705000160000004,0.5569999810000006,0.5594999789999999,256968000.0,2.4774805092930396,0
2015-05-04,0.544755876,0.5652499790000007,0.5720000269999996,0.5634999870000001,0.5682500000000008,200720000.0,-0.6153925015043193,0
2015-05-05,0.5307816269999996,0.5507500170000004,0.5640000100000009,0.5482500199999993,0.5632500050000004,292928000.0,-2.5652299935777445,0
2015-05-06,0.5324683189999995,0.5525000099999993,0.5590000150000005,0.5452499989999993,0.5537499790000009,316484000.0,0.3177472439369833,0
2015-05-07,0.5418646339999995,0.5622500180000003,0.5640000100000009,0.5485000010000007,0.5502499939999996,534564000.0,1.7647072983763223,0
2015-05-08,0.5018694400000001,0.5207499860000002,0.5460000039999997,0.5122500060000004,0.5252500179999995,1146552000.0,-7.381063703229618,0
2015-05-11,0.4970506429999997,0.5157499909999999,0.5210000279999996,0.5095000269999996,0.5134999750000002,544144000.0,-0.9601526902393465,0
2015-05-12,0.5018694400000001,0.5207499860000002,0.5249999760000001,0.5117499829999996,0.5120000240000007,388800000.0,0.9694609960739786,0
2015-05-13,0.5047605629999996,0.5237500070000003,0.5285000209999993,0.5187500119999999,0.5245000120000007,308524000.0,0.5760962228811284,0
2015-05-14,0.512952447,0.5322499870000001,0.5350000260000005,0.523999989,0.5252500179999995,293052000.0,1.6229078542045805,0
2015-05-15,0.5131932500000005,0.5325000289999995,0.5370000000000008,0.5292500259999997,0.5345000029999998,215824000.0,0.04697830081863419,0
2015-05-18,0.5124706630000002,0.5317500230000007,0.5350000260000005,0.5287500020000007,0.53125,324972000.0,-0.1408461895126223,0
2015-05-19,0.5092755560000004,0.5260000229999999,0.5317500230000007,0.5249999760000001,0.5299999710000005,253808000.0,-1.08133516714487,0
2015-05-20,0.5092755560000004,0.5260000229999999,0.5325000289999995,0.5254999999999992,0.5262500049999996,196824000.0,0.0,0
2015-05-21,0.5056447389999992,0.5222499969999994,0.5285000209999993,0.5217499730000004,0.5262500049999996,239692000.0,-0.7129326684459203,0
2015-05-22,0.5049187540000002,0.5214999910000007,0.5254999999999992,0.5202500220000008,0.5235000250000006,212592000.0,-0.14361053217966102,0
2015-05-26,0.5017717479999995,0.5182499889999992,0.5224999789999991,0.5142499800000007,0.5189999939999996,259732000.0,-0.6232026953189362,0
2015-05-27,0.5286396149999995,0.5460000039999997,0.5485000010000007,0.5199999809999998,0.5217499730000004,432332000.0,5.354561618717191,0
2015-05-28,0.535901248,0.5534999969999994,0.555249989,0.5450000169999996,0.5460000039999997,327656000.0,1.3736250815118867,0
2015-05-29,0.5356590749999999,0.5532500149999997,0.5569999810000006,0.5525000099999993,0.5534999969999994,335168000.0,-0.04516386655010196,0
2015-06-01,0.5417101980000005,0.5594999789999999,0.5649999979999993,0.5532500149999997,0.5567499999999992,372660000.0,1.1296816684225552,0
2015-06-02,0.5310601590000008,0.5485000010000007,0.5590000150000005,0.547999978,0.5559999940000004,224304000.0,-1.966037249842345,0
2015-06-03,0.5252510309999998,0.5425000190000002,0.5542500019999999,0.5414999720000004,0.5500000119999999,250788000.0,-1.0938891502390247,0
2015-06-04,0.5346909760000003,0.5522500279999996,0.5540000200000001,0.5392500160000004,0.5392500160000004,323712000.0,1.7972366190829536,0
2015-06-05,0.5388059619999996,0.5565000179999995,0.5590000150000005,0.5447499750000002,0.5504999759999993,313320000.0,0.7695771452274291,0
2015-06-08,0.5264610649999995,0.5437499880000001,0.5584999919999998,0.5375000239999999,0.5547500250000006,342812000.0,-2.2911104380233915,0
2015-06-09,0.5291236640000001,0.5465000270000004,0.5504999759999993,0.5432500240000007,0.5442500110000008,256888000.0,0.5057543100120521,0
2015-06-10,0.5196835990000004,0.5367500189999994,0.5435000060000004,0.5337499979999993,0.5400000209999991,529460000.0,-1.7840818880691556,0
2015-06-11,0.5252510309999998,0.5425000190000002,0.5462499859999994,0.5367500189999994,0.5367500189999994,283052000.0,1.0712621884415796,0
2015-06-12,0.510969996,0.5277500150000005,0.5422499779999992,0.5264999869999993,0.5389999749999994,323728000.0,-2.7188946513198253,0
2015-06-15,0.5100016000000007,0.5267500280000004,0.5292500259999997,0.5210000279999996,0.5249999760000001,306548000.0,-0.18948118836148442,0
2015-06-16,0.5162949559999994,0.5332499740000003,0.5339999790000007,0.5205000040000005,0.5257499810000006,256892000.0,1.2339716477433038,0
2015-06-17,0.5223463769999999,0.5394999980000001,0.5425000190000002,0.5317500230000007,0.5329999920000006,233544000.0,1.172062691933684,0
2015-06-18,0.5310601590000008,0.5485000010000007,0.5519999860000002,0.5425000190000002,0.5440000299999994,299404000.0,1.6682118690202419,0
2015-06-19,0.5293656589999998,0.5467500090000001,0.5529999730000004,0.5417500139999998,0.5485000010000007,355656000.0,-0.3190505007856781,0
2015-06-22,0.5271871689999994,0.5444999930000005,0.5507500170000004,0.5362499950000004,0.5477499960000003,514236000.0,-0.4115255533539641,0
2015-06-23,0.5136324170000002,0.5304999949999996,0.5497499700000006,0.5262500049999996,0.5454999800000007,414064000.0,-2.57116587327485,0
2015-06-24,0.5085493329999995,0.5252500179999995,0.5325000289999995,0.5227500200000001,0.5297499900000009,253368000.0,-0.9896280960379533,0
2015-06-25,0.5124222039999999,0.5292500259999997,0.5325000289999995,0.5252500179999995,0.5252500179999995,350460000.0,0.7615436197852654,0
2015-06-26,0.5020139809999993,0.5184999700000006,0.5254999999999992,0.5162500140000006,0.5249999760000001,421296000.0,-2.031186673952101,0
2015-06-29,0.48700687300000034,0.5030000210000001,0.5177500249999998,0.5022500159999996,0.5124999880000001,391724000.0,-2.9893828152005586,0
2015-06-30,0.4867645799999991,0.5027499790000007,0.5082499980000001,0.49924999499999956,0.5059999820000005,315916000.0,-0.04971013708964245,0
2015-07-01,0.49378407000000024,0.5099999900000007,0.5224999789999991,0.5055000189999994,0.5152500270000004,302892000.0,1.4420708707777008,0
2015-07-02,0.4942682979999997,0.5105000139999998,0.5137500169999996,0.507250011,0.5097500089999993,145763999.99999994,0.09804392349106461,0
2015-07-06,0.48821705599999987,0.5042499899999999,0.5132499930000005,0.5005000230000007,0.5062500239999999,214776000.0,-1.2242945795492122,0
2015-07-07,0.47901922500000005,0.4947499929999992,0.5032500029999998,0.47900000199999937,0.5012500289999995,594252000.0,-1.8839855604161793,0
2015-07-08,0.47563040300000026,0.49125000799999974,0.49500000499999963,0.4872499999999995,0.49200001400000026,332492000.0,-0.7074249721111148,0
2015-07-09,0.4698211249999993,0.4852499960000003,0.5012500289999995,0.48225000499999915,0.49900001299999985,357588000.0,-1.2213764686595185,0
2015-07-10,0.47805094699999984,0.49375000600000085,0.4982500079999994,0.49024999100000066,0.49149998999999944,216708000.0,1.7516764698747078,0
2015-07-13,0.48119759599999945,0.49700000900000063,0.4997499879999996,0.49375000600000085,0.49875000099999944,212472000.0,0.6582284476974731,0
2015-07-14,0.48143961999999974,0.49724999100000034,0.4982500079999994,0.4907500149999997,0.4977500139999993,249216000.0,0.050298188223973916,0
2015-07-15,0.47805094699999984,0.49375000600000085,0.49924999499999956,0.4892500040000005,0.4959999919999998,265732000.0,-0.7038682882550273,0
2015-07-16,0.48870119500000087,0.5047500130000007,0.5047500130000007,0.49500000499999963,0.4967499970000002,282848000.0,2.2278494919147462,0
2015-07-17,0.48579657099999984,0.5017499920000006,0.5034999849999995,0.49524998699999934,0.5030000210000001,220372000.0,-0.5943577855836435,0
2015-07-20,0.4768405849999997,0.4925000070000003,0.5037500260000005,0.49125000799999974,0.5017499920000006,188412000.0,-1.8435446233151187,0
2015-07-21,0.47901922500000005,0.4947499929999992,0.5017499920000006,0.49149998999999944,0.49149998999999944,149720000.0,0.45684994274528545,0
2015-07-22,0.4698211249999993,0.4852499960000003,0.49125000799999974,0.4792500139999998,0.49125000799999974,356472000.0,-1.92016111862785,0
2015-07-23,0.47563040300000026,0.49125000799999974,0.4984999899999991,0.4852499960000003,0.48625001299999937,169916000.0,1.2364785264212586,0
2015-07-24,0.4700631200000007,0.4855000080000007,0.49524998699999934,0.4835000039999997,0.4947499929999992,188844000.0,-1.1704834414984933,0
2015-07-27,0.46740070000000067,0.48274999899999926,0.48824998699999966,0.47725001000000056,0.4812499880000001,192420000.0,-0.5664282089980932,0
2015-07-28,0.47756686800000026,0.49325001200000074,0.4964999849999998,0.47900000199999937,0.48399999699999974,198308000.0,2.1750415373900545,0
2015-07-29,0.4833760260000002,0.49924999499999956,0.5032500029999998,0.49024999100000066,0.4922499949999999,232680000.0,1.2164182167318405,0
2015-07-30,0.48458626899999935,0.5005000230000007,0.5055000189999994,0.4979999960000008,0.4979999960000008,190180000.0,0.2503811742651907,0
2015-07-31,0.48289197699999953,0.49875000099999944,0.5027499790000007,0.4957500100000001,0.5024999979999993,218340000.0,-0.34965472918668805,0
2015-08-03,0.49112170899999974,0.507250011,0.5077499749999994,0.4962500040000002,0.5027499790000007,397132000.0,1.704262653224542,0
2015-08-04,0.4930581150000002,0.5092499850000003,0.5107499959999995,0.5034999849999995,0.5055000189999994,260100000.0,0.3942777637514938,0
2015-08-05,0.49814117000000024,0.514500022,0.5222499969999994,0.5134999750000002,0.5217499730000004,234628000.0,1.0309351310044734,0
2015-08-06,0.4949944619999993,0.5112500190000002,0.5170000199999993,0.5027499790000007,0.5132499930000005,655676000.0,-0.6316818000058344,0
2015-08-07,0.5562334660000001,0.5745000240000007,0.5842499730000004,0.5469999909999999,0.5615000129999999,1405248000.0,12.371638660027129,0
2015-08-10,0.5755975249999992,0.5945000050000004,0.5987499950000004,0.5669999719999996,0.5705000160000004,662304000.0,3.4812846239324013,0
2015-08-11,0.5726928709999992,0.5914999840000004,0.5972499849999995,0.5857499839999996,0.5857499839999996,435008000.0,-0.5046292640485284,0
2015-08-12,0.5741451980000001,0.5929999949999996,0.5972499849999995,0.5820000170000004,0.5820000170000004,384048000.0,0.25359442782333375,0
2015-08-13,0.569304228,0.5879999999999992,0.5950000289999995,0.586499989,0.59375,276884000.0,-0.8431694843437643,0
2015-08-14,0.5697885159999991,0.5885000229999999,0.5920000079999994,0.5839999910000007,0.5874999760000001,214652000.0,0.0850379251700728,0
2015-08-17,0.5661573410000003,0.5847499969999994,0.5874999760000001,0.5774999859999994,0.5874999760000001,273880000.0,-0.6372176471435842,0
2015-08-18,0.5610044599999995,0.577000022,0.5845000149999997,0.5724999900000007,0.5805000069999995,287084000.0,-1.3253484463036203,0
2015-08-19,0.5588167310000003,0.5747500060000004,0.5827500220000008,0.5684999820000005,0.5762500169999996,249248000.0,-0.38995076502786885,0
2015-08-20,0.5386421079999995,0.5540000200000001,0.5709999799999999,0.5512499809999998,0.5682500000000008,426932000.0,-3.6102628592230013,0
2015-08-21,0.5218701960000001,0.5367500189999994,0.5592499970000002,0.5362499950000004,0.5500000119999999,382664000.0,-3.1137184796491635,0
2015-08-24,0.5033970480000001,0.5177500249999998,0.545750022,0.5,0.5067499879999993,682284000.0,-3.539821765707285,0
2015-08-25,0.49294507499999973,0.5070000290000003,0.5425000190000002,0.5070000290000003,0.5404999850000003,622684000.0,-2.076290773718459,0
2015-08-26,0.5301345590000004,0.5452499989999993,0.545750022,0.5195000170000004,0.5235000250000006,614976000.0,7.544372349532957,0
2015-08-27,0.5500662330000008,0.5657500029999998,0.5659999849999995,0.5477499960000003,0.5509999990000001,463764000.0,3.7597439775511,0
2015-08-28,0.55249697,0.5682500000000008,0.5717499850000003,0.5617499949999996,0.5657500029999998,320944000.0,0.44189076212872713,0
2015-08-31,0.5464202169999997,0.5619999769999993,0.5695000290000003,0.5597500209999993,0.5655000210000001,219352000.0,-1.0998720633523917,0
2015-09-01,0.5240578060000001,0.5389999749999994,0.5550000070000003,0.5350000260000005,0.545750022,353408000.0,-4.092527213751129,0
2015-09-02,0.5398572680000004,0.555249989,0.5554999709999997,0.5444999930000005,0.5537499790000009,344044000.0,3.0148450377943004,0
2015-09-03,0.5413156749999999,0.5567499999999992,0.5662500260000005,0.5557500120000007,0.5634999870000001,262556000.0,0.27015056816146465,0
2015-09-04,0.5286761519999992,0.5437499880000001,0.5559999940000004,0.5435000060000004,0.5472499729999996,287972000.0,-2.3349819488100554,0
2015-09-08,0.5512816909999998,0.5669999719999996,0.5692499879999993,0.5547500250000006,0.5569999810000006,238448000.0,4.275859220800582,0
2015-09-09,0.5403434039999997,0.5557500120000007,0.5734999779999992,0.5544999839999996,0.5687500239999999,289392000.0,-1.9841200274344994,0
2015-09-10,0.5488508939999992,0.5644999740000003,0.5715000030000006,0.5500000119999999,0.5525000099999993,357076000.0,1.5744420712671126,0
2015-09-11,0.550552368,0.5662500260000005,0.5699999929999997,0.5559999940000004,0.5582500100000001,301584000.0,0.3100180833666366,0
2015-09-14,0.5515247579999993,0.5672500130000007,0.5707499980000001,0.5642499920000006,0.5690000059999996,192460000.0,0.17659813758668097,0
2015-09-15,0.5576014520000001,0.5734999779999992,0.5764999989999993,0.5657500029999998,0.5674999950000004,327976000.0,1.1018007680503983,0
2015-09-16,0.5614907149999997,0.5774999859999994,0.5807499889999992,0.5682500000000008,0.5724999900000007,173508000.0,0.6974730869126589,0
2015-09-17,0.5665950179999992,0.5827500220000008,0.5927500129999999,0.5814999939999996,0.5874999760000001,268712000.0,0.9090971648958668,0
2015-09-18,0.5661087039999995,0.5822499990000001,0.5872499940000004,0.5712500209999991,0.5747500060000004,326412000.0,-0.08580402936476661,0
2015-09-21,0.5719425079999993,0.5882499810000006,0.5895000100000001,0.5799999830000004,0.5830000040000005,281840000.0,1.0304820970897133,0
2015-09-22,0.5563859939999993,0.5722500089999993,0.5795000199999993,0.5692499879999993,0.5755000110000008,228356000.0,-2.719927329670413,0
2015-09-23,0.5590597390000003,0.5749999880000001,0.5784999729999996,0.5705000160000004,0.5727499720000004,161632000.0,0.4805555188728716,0
2015-09-24,0.5697548989999994,0.5860000250000006,0.5920000079999994,0.5625,0.5715000030000006,382440000.0,1.9130499529680156,0
2015-09-25,0.5738868119999996,0.5902500150000005,0.6017500160000004,0.5845000149999997,0.5932499769999993,369692000.0,0.7252542352707003,0
2015-09-28,0.5663520099999992,0.5824999809999998,0.5939999819999997,0.5787500140000006,0.5902500150000005,395584000.0,-1.3130086917490291,0
2015-09-29,0.5763179059999999,0.5927500129999999,0.59375,0.5805000069999995,0.5887500049999996,380736000.0,1.7596622033194453,0
2015-09-30,0.5991663930000009,0.6162499790000009,0.6169999839999996,0.5947499870000001,0.5982499719999996,556380000.0,3.964566087660293,0
2015-10-01,0.5874987839999992,0.6042500139999998,0.6179999709999997,0.5867499709999997,0.6162499790000009,489296000.0,-1.9472560501296199,0
2015-10-02,0.6028124090000002,0.6200000049999996,0.6200000049999996,0.5947499870000001,0.601000011,386144000.0,2.6065354795341333,0
2015-10-05,0.6178827289999997,0.6355000139999998,0.6432499889999992,0.6207500100000001,0.6240000129999999,482024000.0,2.500001431451615,0
2015-10-06,0.6259041429999996,0.6437500119999999,0.6464999910000007,0.6262500290000013,0.6287500260000005,453216000.0,1.2981900579470462,0
2015-10-07,0.6324667930000007,0.6504999999999992,0.6570000050000004,0.6347500090000002,0.6452500220000008,310152000.0,1.0485418056970675,0
2015-10-08,0.6361128090000001,0.6542500259999997,0.6560000180000003,0.6367499829999996,0.6477500200000001,460068000.0,0.5764836279784857,0
2015-10-09,0.6336823109999994,0.6517500280000004,0.6570000050000004,0.639500022,0.6507499810000006,423248000.0,-0.38211660690098403,0
2015-10-12,0.6404880879999997,0.6587499979999993,0.6625000239999999,0.647750020000001,0.6524999739999995,227588000.0,1.0740268046447898,0
2015-10-13,0.6417036060000001,0.6600000260000005,0.6639999749999994,0.6512500049999996,0.6535000209999993,298444000.0,0.1897575717336064,0
2015-10-14,0.6650379900000001,0.6840000150000005,0.694750011,0.6600000259999996,0.6607499719999996,612148000.0,3.636361826446355,0
2015-10-15,0.6667397019999992,0.6857500079999994,0.6997500060000004,0.6782500150000006,0.6852499840000004,526048000.0,0.2558469242138761,0
2015-10-16,0.6771919729999993,0.6965000030000006,0.7030000090000001,0.6862499709999996,0.6880000230000007,448396000.0,1.5676259386933955,0
2015-10-19,0.6759763359999997,0.6952499749999994,0.702000022,0.6872500180000003,0.6987500190000002,294712000.0,-0.17947279176107056,0
2015-10-20,0.6750041840000005,0.6942499879999993,0.6974999900000007,0.6869999770000002,0.6922500130000007,264824000.0,-0.14383128888281194,0
2015-10-21,0.666253567,0.6852499840000004,0.7027500270000004,0.6840000149999996,0.6984999779999992,386280000.0,-1.2963635802036189,0
2015-10-22,0.6903174520000004,0.7099999790000009,0.7122499940000004,0.6922500129999998,0.6932500000000008,306884000.0,3.6118198581380767,0
2015-10-23,0.6949356790000003,0.7147499919999998,0.7195000050000004,0.7055000070000013,0.7162500020000007,381776000.0,0.6690159352807479,0
2015-10-26,0.6917757990000002,0.711499989,0.7170000079999994,0.7049999830000013,0.7152500150000005,247436000.0,-0.45470486692918977,0
2015-10-27,0.6912894850000004,0.7110000250000006,0.7154999970000002,0.7074999809999998,0.7080000040000005,208268000.0,-0.0702690102220016,0
2015-10-28,0.6968801619999994,0.7167500259999997,0.7167500259999997,0.7049999830000013,0.7154999970000002,217036000.0,0.8087202247285541,0
2015-10-29,0.6728164549999995,0.6919999719999996,0.7124999760000001,0.6907500029999998,0.7052500249999998,327168000.0,-3.453094259113443,0
2015-10-30,0.6895881890000002,0.7092499730000004,0.7142500280000004,0.6942499880000002,0.6995000240000007,301160000.0,2.492774811846399,0
2015-11-02,0.6976093649999999,0.7174999710000005,0.7182499769999993,0.7072499990000001,0.711499989,190088000.0,1.1632003262691537,0
2015-11-03,0.6927483680000002,0.7124999760000001,0.7172499899999991,0.7045000200000002,0.7132499810000006,376768000.0,-0.6968634428000442,0
2015-11-04,0.6813237670000003,0.7007499930000005,0.7157499789999999,0.6974999899999998,0.7105000019999999,442264000.0,-1.6491204766019618,0
2015-11-05,0.6735455389999991,0.6927499770000001,0.7062500119999999,0.6907500029999998,0.704249978,478800000.0,-1.1416362582824857,0
2015-11-06,0.7668843269999996,0.7887499929999997,0.7985000010000007,0.7455000280000004,0.7612500190000002,1172272000.0,13.857815833604858,0
2015-11-09,0.7634810810000001,0.7852500080000002,0.7875000239999999,0.7742499709999997,0.7810000180000003,492568000.0,-0.4437381972819954,0
2015-11-10,0.7488974329999998,0.7702500220000008,0.7792500259999997,0.7537500259999996,0.7749999760000001,552260000.0,-1.9102178729299646,0
2015-11-11,0.7416051629999991,0.7627500299999994,0.7762500049999996,0.7599999899999998,0.7707499860000002,619896000.0,-0.9737087680342871,0
2015-11-12,0.7389311789999997,0.7599999900000007,0.7680000069999995,0.7567499880000002,0.7609999779999992,291080000.0,-0.3605427586807153,0
2015-11-13,0.7243472339999997,0.7450000049999996,0.7639999989999993,0.741249979,0.7607499959999995,292940000.0,-1.9736822628116046,0
2015-11-16,0.7389311789999997,0.7599999900000007,0.7605000139999998,0.7487499709999996,0.7547500130000007,344280000.0,2.0134207918562463,0
2015-11-17,0.7389311789999997,0.7599999900000007,0.7664999960000003,0.7567499880000002,0.7620000240000007,257048000.0,0.0,0
2015-11-18,0.7571088079999999,0.7757499810000006,0.7767500280000004,0.7519999740000012,0.7602499720000004,350216000.0,2.0723672641101087,0
2015-11-19,0.7593047019999997,0.7779999970000002,0.7857499719999996,0.7722499970000003,0.7785000209999993,254072000.0,0.2900439645644015,0
2015-11-20,0.7658925649999997,0.7847499849999995,0.7892500160000004,0.7789999840000004,0.7837499979999993,239744000.0,0.8676077154277984,0
2015-11-23,0.7544247510000002,0.7730000019999999,0.7912499900000007,0.7702500219999999,0.7912499900000007,242552000.0,-1.4972899935767559,0
2015-11-24,0.7605246309999991,0.7792500259999997,0.7860000130000007,0.7695000170000004,0.7730000019999999,195428000.0,0.8085412656958946,0
2015-11-25,0.7595487829999996,0.7782499789999999,0.7870000000000008,0.7755000000000001,0.7777500150000005,138299999.99999994,-0.12833454817234857,0
2015-11-27,0.7658925649999997,0.7847499849999995,0.7872499820000005,0.7757499809999997,0.7797499900000009,86996000.00000006,0.835207989128639,0
2015-11-30,0.7739440799999988,0.7929999829999996,0.7965000270000004,0.7847499850000004,0.7854999899999999,327244000.0,1.0512899850517288,0
2015-12-01,0.7990754840000003,0.8187500240000007,0.8195000290000003,0.7992500070000004,0.8000000119999999,409496000.0,3.2471679132431985,0
2015-12-02,0.7929756640000001,0.8124999999999991,0.8284999729999996,0.8107500080000003,0.8199999930000006,294240000.0,-0.7633616875472593,0
2015-12-03,0.7912678120000001,0.8107500080000003,0.8274999859999994,0.8067500000000001,0.8190000060000004,246656000.0,-0.21538363076923916,0
2015-12-04,0.8234747050000006,0.8437500000000009,0.8452500100000009,0.8107500080000003,0.8107500080000003,458756000.0,4.070304245991441,0
2015-12-07,0.8078593019999998,0.8277500270000004,0.8435000180000003,0.8252500300000003,0.8435000180000003,333588000.0,-1.8962930962962976,0
2015-12-08,0.8188388939999989,0.8389999870000002,0.8424999710000005,0.8122500180000003,0.8174999950000004,314488000.0,1.35910113355997,0
2015-12-09,0.7980993989999998,0.8177499769999992,0.84375,0.8092499970000002,0.8387500049999996,372676000.0,-2.532778346753428,0
2015-12-10,0.8046872619999998,0.8245000239999998,0.8289999960000003,0.8174999950000004,0.8202499750000012,236596000.0,0.8254414172854219,0
2015-12-11,0.7927315830000001,0.8122500180000003,0.8220000269999996,0.8105000259999997,0.8162500259999996,227320000.0,-1.4857496232165146,0
2015-12-14,0.7946835160000001,0.8142499919999997,0.8187500239999999,0.8044999840000004,0.8130000230000007,275892000.0,0.2462264026690475,0
2015-12-15,0.8044432400000003,0.8242499829999996,0.8299999830000004,0.8190000059999996,0.8234999780000001,307296000.0,1.2281229472827393,0
2015-12-16,0.8093230129999993,0.8292499780000009,0.8320000170000004,0.8187500239999999,0.8259999750000002,236356000.0,0.6066114774794018,0
2015-12-17,0.7971235510000003,0.8167499900000008,0.8389999869999993,0.8162500259999987,0.8305000070000004,254160000.0,-1.507384785242638,0
2015-12-18,0.784191787000001,0.8034999970000003,0.8192499879999993,0.802500010000001,0.81099999,395896000.0,-1.622282603272518,0
2015-12-21,0.8027355069999986,0.8224999899999998,0.8232499959999995,0.8050000070000003,0.8122500180000012,284216000.0,2.3646537736079054,0
2015-12-22,0.8034673330000013,0.8232499960000004,0.8314999939999996,0.8182499999999999,0.8249999880000001,130012000.00000006,0.09118614092629151,0
2015-12-23,0.8066390750000005,0.8264999990000002,0.8297500010000007,0.8230000139999998,0.8245000239999989,122523999.99999994,0.3947771655986809,0
2015-12-24,0.8093230129999993,0.8292499780000009,0.8312500119999999,0.8227499720000013,0.8240000009999999,52448000.0,0.3327258322235016,0
2015-12-28,0.8085908889999995,0.8284999729999996,0.8284999729999996,0.8090000149999987,0.8205000160000004,142024000.0,-0.0904437768944999,0
2015-12-29,0.8217666749999992,0.8420000080000003,0.8445000050000004,0.8267499799999998,0.8289999960000003,203660000.0,1.6294550923298567,0
2015-12-30,0.8146908880000012,0.8347499970000003,0.8485000130000007,0.8345000149999988,0.8412500019999998,180344000.0,-0.8610464288736686,0
2015-12-31,0.8041992779999996,0.8240000010000008,0.8372499940000004,0.8240000010000008,0.8335000280000004,148528000.00000006,-1.287810247215837,0
2016-01-04,0.7898038029999999,0.8092499970000002,0.8144999740000003,0.8009999990000001,0.807250022999999,358076000.0,-1.7900490269538327,0
2016-01-05,0.802491367,0.8222500090000002,0.8360000250000006,0.8124999999999991,0.8245000239999989,490272000.0,1.606427191620985,0
2016-01-06,0.7693083290000011,0.7882500290000003,0.8125,0.7789999840000004,0.8087499740000004,449344000.0,-4.134992961733131,0
2016-01-07,0.7388093470000001,0.7570000290000003,0.7737500070000003,0.7469999789999999,0.7684999700000006,645304000.0,-3.964478128804483,0
2016-01-08,0.7229498030000006,0.7407500149999997,0.7674999830000004,0.7392500039999996,0.766749978,398472000.0,-2.1466332070642413,0
2016-01-11,0.7241697909999996,0.7419999839999996,0.7472500209999993,0.7287499899999998,0.7415000200000001,409372000.0,0.16874370228665558,0
2016-01-12,0.7363693120000008,0.7544999719999996,0.7655000090000001,0.7492499949999996,0.7552499770000001,469356000.0,1.6846345376740457,0
2016-01-13,0.7139220829999999,0.7315000299999994,0.7652500270000004,0.7307500240000007,0.7602499720000004,481672000.0,-3.0483688341342963,0
2016-01-14,0.6995263699999992,0.7167500259999997,0.7250000239999999,0.6955000160000004,0.7164999840000004,600236000.0,-2.016405112109143,0
2016-01-15,0.6614636179999991,0.6777499910000007,0.6962500210000009,0.6660000089999993,0.6880000230000007,841452000.0,-5.441232449986688,0
2016-01-19,0.6668314340000006,0.6832500100000001,0.7112500070000003,0.6804999709999997,0.6917499899999999,457140000.0,0.8115114825578695,0
2016-01-20,0.6704913969999993,0.6869999769999993,0.6957499980000001,0.6612499949999995,0.6702499989999993,481180000.0,0.5488425825270093,0
2016-01-21,0.6782994270000007,0.6949999929999997,0.7057499889999992,0.680249989,0.6945000290000003,481456000.0,1.1644856285053518,0
2016-01-22,0.6941586139999991,0.7112500070000003,0.7160000209999993,0.7067499760000002,0.7082499860000002,257996000.0,2.3381315343408815,0
2016-01-25,0.6934267280000004,0.7105000019999999,0.7192500230000007,0.7089999909999989,0.7110000250000006,270728000.0,-0.10544885660718206,0
2016-01-26,0.7002583740000006,0.7174999710000005,0.7204999920000006,0.7047500009999998,0.7120000120000007,227944000.0,0.9852173089789806,0
2016-01-27,0.6919627189999993,0.7089999910000007,0.71875,0.6955000160000004,0.7164999840000004,231700000.0,-1.1846662499725658,0
2016-01-28,0.6843989490000002,0.7012500169999996,0.7172499899999991,0.6874999999999991,0.7147499919999998,276776000.0,-1.093085204284583,0
2016-01-29,0.714654028,0.7322499750000002,0.7337499859999994,0.7045000200000002,0.7072499990000001,310504000.0,4.4206712653812374,0
2016-02-01,0.7148981689999996,0.7325000169999996,0.7362499830000004,0.7252500060000004,0.7315000299999994,289884000.0,0.03414708208082651,0
2016-02-02,0.6846429109999992,0.7014999989999993,0.7287499900000007,0.6965000029999997,0.7250000239999999,341908000.0,-4.2320842703816535,0
2016-02-03,0.6880588529999994,0.7049999830000004,0.7112500070000003,0.6887500290000004,0.7070000170000004,326772000.0,0.4989285823220557,0
2016-02-04,0.6883029940000007,0.7052500249999998,0.7212499979999993,0.6982499960000013,0.7059999700000006,348140000.0,0.03546695120983934,0
2016-02-05,0.6448720100000003,0.6607499719999996,0.7082499860000002,0.6587499979999993,0.7005000110000008,600428000.0,-6.30982650443721,0
2016-02-08,0.6153491740000003,0.6305000189999994,0.6539999840000004,0.6212499740000004,0.6507499810000006,608852000.0,-4.578123992716565,0
2016-02-09,0.6219368579999998,0.6372500060000004,0.6637499929999997,0.6200000049999996,0.6230000259999997,425372000.0,1.0705768115131686,0
2016-02-10,0.620472908,0.6357499959999995,0.6597499849999995,0.632250011,0.6412500140000006,335800000.0,-0.23538799307598612,0
2016-02-11,0.6173012849999999,0.6324999929999997,0.6389999989999993,0.6194999809999997,0.6194999810000006,340144000.0,-0.5112077106485757,0
2016-02-12,0.6277926560000004,0.6432499889999992,0.6445000170000004,0.6187499760000001,0.6424999830000004,340816000.0,1.6996041294817799,0
2016-02-16,0.6585357189999996,0.6747499700000006,0.6757500170000004,0.6505000000000001,0.6524999739999995,485352000.0,4.897004514367742,0
2016-02-17,0.6748833059999999,0.6915000080000002,0.6980000139999998,0.6804999709999997,0.6832500100000001,771468000.0,2.4824066313037463,0
2016-02-18,0.7329536080000008,0.7509999870000001,0.7745000120000007,0.7475000019999998,0.7482500079999994,1068660000.0,8.604479871531701,0
2016-02-19,0.7427129150000003,0.7609999779999992,0.7677500249999998,0.741249979,0.7469999789999999,525628000.0,1.3315567474170953,0
2016-02-22,0.7690645460000001,0.7879999879999993,0.7967500090000001,0.7705000040000005,0.7720000149999997,449668000.0,3.5479646229372275,0
2016-02-23,0.7710163000000003,0.7900000209999991,0.7975000140000006,0.7779999970000002,0.7817500230000007,369380000.0,0.25381129828139226,0
2016-02-24,0.776384234,0.7954999799999998,0.7967500090000001,0.7649999860000003,0.7867500189999994,336852000.0,0.696197323265646,0
2016-02-25,0.7780920269999987,0.7972499729999996,0.8012499809999998,0.7829999919999997,0.7985000010000007,349616000.0,0.2199865548708102,0
2016-02-26,0.7729683520000004,0.7919999959999995,0.8029999730000004,0.783999978999999,0.8009999990000001,361964000.0,-0.6585107780241906,0
2016-02-29,0.7679480910000009,0.7839999790000007,0.8004999759999993,0.7835000159999996,0.7902500030000006,323344000.0,-1.0101031616671974,0
2016-03-01,0.801986694,0.8187500240000007,0.8187500239999999,0.7847499850000004,0.7860000130000007,348700000.0,4.432403817704689,0
2016-03-02,0.8066393729999994,0.8234999780000001,0.8264999989999993,0.8127499819999997,0.8142499919999997,233812000.0,0.5801470364292793,0
2016-03-03,0.7995378969999996,0.8162500259999996,0.8259999750000002,0.805249989,0.822499989999999,302004000.0,-0.8803827800466513,0
2016-03-04,0.7970891,0.8137500290000013,0.8232499959999995,0.8075000049999996,0.822499989999999,175304000.0,-0.3062783363390609,0
2016-03-07,0.7919465900000002,0.8084999919999998,0.8147500159999996,0.797999978,0.8092499969999993,239968000.0,-0.6451658141815031,0
2016-03-08,0.7774985430000001,0.7937499880000001,0.8050000070000003,0.791249989999999,0.8002499939999996,274940000.0,-1.8243666228756172,0
2016-03-09,0.7770088319999999,0.7932500240000007,0.8019999860000002,0.7829999919999997,0.8007500170000004,222788000.0,-0.06298759150342725,0
2016-03-10,0.7757846120000007,0.7919999959999995,0.8025000099999993,0.7760000229999999,0.797999978,286084000.0,-0.15758310270154174,0
2016-03-11,0.7890078430000003,0.8054999709999997,0.8057500120000007,0.7942500110000008,0.8037499790000009,277400000.0,1.7045423065886078,0
2016-03-14,0.7909669279999987,0.8075000049999996,0.8107500079999994,0.797999978,0.8017500039999996,190312000.0,0.24829721564321172,0
2016-03-15,0.7870489359999997,0.8034999970000003,0.8084999919999998,0.7892500159999996,0.8032500149999997,226216000.0,-0.49535702479654997,0
2016-03-16,0.8105575439999999,0.8274999860000003,0.8302500249999998,0.7937499880000001,0.7975000140000006,363644000.0,2.9869308138902317,0
2016-03-17,0.8037009839999998,0.8205000160000004,0.8284999729999996,0.8092499970000002,0.8245000239999989,353680000.0,-0.8459178390850086,0
2016-03-18,0.8279440400000002,0.84525001,0.8562499880000001,0.8249999880000001,0.8302500249999998,545512000.0,3.0164525920009178,0
2016-03-21,0.8303929570000008,0.8477500080000002,0.8479999899999999,0.8287500139999997,0.8377500180000013,337780000.0,0.2957702419903008,0
2016-03-22,0.8289235830000008,0.8462499980000002,0.8522499799999999,0.8357499839999987,0.8450000290000004,242012000.0,-0.17694013398346087,0
2016-03-23,0.8431267140000003,0.8607500200000002,0.8669999839999996,0.8462499980000002,0.850000023999999,429008000.0,1.7134442581115295,0
2016-03-24,0.8443510530000005,0.8619999890000001,0.8634999990000001,0.8502500060000004,0.8529999850000012,244956000.0,0.14521858506606478,0
2016-03-28,0.8529220820000001,0.8707500099999992,0.8744999769999993,0.859499990999999,0.860499978,265388000.0,1.0150836556449105,0
2016-03-29,0.8666353820000001,0.8847500090000002,0.8867499829999996,0.8650000100000002,0.8669999839999996,261812000.0,1.607809226439172,0
2016-03-30,0.8756958250000002,0.8939999939999996,0.90625,0.8874999879999992,0.8880000109999999,376700000.0,1.0454913711111402,0
2016-03-31,0.8725125790000003,0.8907499909999999,0.8999999760000001,0.883750021,0.8980000019999999,379884000.0,-0.36353501362551555,0
2016-04-01,0.8852463959999994,0.9037500019999998,0.9042500259999997,0.8784999850000004,0.8852499720000004,348292000.0,1.4594455381813143,0
2016-04-04,0.8766755459999995,0.8949999809999998,0.9160000089999993,0.8914999960000003,0.9112499950000013,393940000.0,-0.9681904266264141,0
2016-04-05,0.8754512670000008,0.8937500119999999,0.9020000100000001,0.8834999799999999,0.8870000239999998,339568000.0,-0.13966134374699957,0
2016-04-06,0.8766755459999995,0.8949999809999998,0.8955000040000005,0.8657500149999997,0.8824999929999997,453376000.0,0.13985666945086628,0
2016-04-07,0.8676150439999999,0.8857499960000004,0.8972499969999994,0.8820000289999994,0.8892499799999998,378104000.0,-1.0335178990355742,0
2016-04-08,0.8732470870000002,0.8914999959999994,0.8987500070000003,0.8827499750000003,0.8930000069999995,255936000.0,0.6491673752149651,0
2016-04-11,0.8786345119999996,0.8970000149999997,0.9117500189999994,0.8939999939999996,0.8967499730000013,387524000.0,0.6169398793805625,0
2016-04-12,0.87765497,0.8960000279999996,0.9012500049999996,0.8784999850000004,0.8999999760000001,292764000.0,-0.1114812690387823,0
2016-04-13,0.8996943829999999,0.9185000060000004,0.9187499880000001,0.8999999760000001,0.8999999760000001,350716000.0,2.5111581804548866,0
2016-04-14,0.9021431800000004,0.9210000039999997,0.9250000119999999,0.9122499819999996,0.9160000090000002,416564000.0,0.2721826873891109,0
2016-04-15,0.909244835,0.9282500149999997,0.9365000129999999,0.9177500009999999,0.920750022,436972000.0,0.7871890302402207,0
2016-04-18,0.905326605,0.9242500070000004,0.9265000220000008,0.9152500029999997,0.926500021999999,307320000.0,-0.43091924970235507,0
2016-04-19,0.8891645070000003,0.90775001,0.9294999839999996,0.902000010000001,0.9277499909999998,309152000.0,-1.7852309304878466,0
2016-04-20,0.8925928470000004,0.9112499949999995,0.9167500139999998,0.905250012999999,0.9062499999999991,200172000.0,0.38556705716807915,0
2016-04-21,0.8916133640000004,0.9102500079999993,0.9157500269999996,0.90625,0.9114999770000001,178280000.0,-0.10973794298896333,0
2016-04-22,0.8881850839999998,0.9067500229999998,0.9194999930000005,0.9037500019999998,0.9132500290000012,223540000.0,-0.3845080987903704,0
2016-04-25,0.8925928470000004,0.9112499949999995,0.9162499900000007,0.9045000079999994,0.9070000050000004,191972000.0,0.4962748150931118,0
2016-04-26,0.8933275939999996,0.9119999999999999,0.9272500279999996,0.9079999919999997,0.9167500139999998,214536000.0,0.08230507589741531,0
2016-04-27,0.9136524799999988,0.9327499870000002,0.9332500100000001,0.9079999919999997,0.9097499850000004,352396000.0,2.2752178728070227,0
2016-04-28,0.8864708540000006,0.9049999710000005,0.9325000049999996,0.9027500150000005,0.9269999860000002,381224000.0,-2.975075463603305,0
2016-04-29,0.8700638410000003,0.8882499929999987,0.9032499789999999,0.8784999850000004,0.9012500049999996,321904000.0,-1.8508263576507922,0
2016-05-02,0.8815731409999987,0.899999976000001,0.9054999949999996,0.8924999830000004,0.8967499730000013,256076000.0,1.322823877579249,0
2016-05-03,0.8710433240000004,0.8892499799999989,0.8934999700000006,0.8815000059999987,0.8897500039999988,224024000.0,-1.194444031851849,0
2016-05-04,0.8512079720000001,0.8690000180000004,0.8792499899999999,0.8600000139999997,0.8784999850000013,525764000.0,-2.2771956654977887,0
2016-05-05,0.8563503619999997,0.8742499949999996,0.8845000269999996,0.867749989,0.8762500290000004,246884000.0,0.6041400335160763,0
2016-05-06,0.8651661869999998,0.8832499979999993,0.8855000139999998,0.8709999920000007,0.8727499840000004,183240000.0,1.0294541665968326,0
2016-05-09,0.8639416100000004,0.8820000290000003,0.8892499800000007,0.8747500180000003,0.8855000139999998,333336000.0,-0.1415192757238004,0
2016-05-10,0.8805935380000003,0.898999989,0.9004999999999992,0.8790000080000002,0.8874999880000001,269676000.0,1.927433043202309,0
2016-05-11,0.8830423950000004,0.9014999870000002,0.9114999770000001,0.8967499730000004,0.9017500280000004,328176000.0,0.27808654400327537,0
2016-05-12,0.8710433240000004,0.8892499799999989,0.9120000000000008,0.8732500080000012,0.9079999919999988,670540000.0,-1.358847163244603,0
2016-05-13,1.0035240649999997,1.0245000120000007,1.0249999760000001,0.9750000239999999,0.9797499780000001,2110256000.0,15.209450103108257,0
2016-05-16,1.033154607000001,1.0547499660000001,1.070000052000001,1.0134999750000002,1.016749978,973032000.0,2.952655309485719,0
2016-05-17,1.035359024999999,1.0570000410000002,1.0644999740000012,1.036499977,1.0499999519999994,628392000.0,0.21332780967353582,0
2016-05-18,1.0618059640000004,1.0839999909999998,1.0962500569999998,1.0499999520000003,1.0499999519999994,541072000.0,2.5543944136895202,0
2016-05-19,1.0664585830000002,1.0887500050000005,1.0965000390000004,1.0782500509999995,1.0797499420000003,398880000.0,0.4381931770698788,0
2016-05-20,1.0855594870000003,1.108250022,1.112750053000001,1.09375,1.0954999920000006,391084000.0,1.7910463293178136,0
2016-05-23,1.0872734790000003,1.1100000139999997,1.1172499659999993,1.1032500269999996,1.1130000350000007,413636000.0,0.15790588452611054,0
2016-05-24,1.113666534,1.1339999440000001,1.1375000479999997,1.107499957,1.110499978,415788000.0,2.1621558285854325,0
2016-05-25,1.1090017559999996,1.1292500500000004,1.1422499420000012,1.1202499870000011,1.1375000480000006,458076000.0,-0.4188619254464343,0
2016-05-26,1.1207861900000013,1.1412500139999997,1.1495000119999998,1.128000021,1.1312500239999999,309964000.0,1.062648967781743,0
2016-05-27,1.1269243960000006,1.1475000380000004,1.1492500310000002,1.1387499570000008,1.142500043,277416000.0,0.5476472221975337,0
2016-05-31,1.1470569370000003,1.1679999829999996,1.1705000400000003,1.151749969,1.152500033,412524000.0,1.786487522538982,0
2016-06-01,1.1492666009999999,1.1702500579999997,1.181499957999999,1.1590000390000004,1.162500023999999,387132000.0,0.1926434103381114,0
2016-06-02,1.1573687790000005,1.1785000559999999,1.1885000469999998,1.1649999620000004,1.1764999629999995,329208000.0,0.704977363051773,0
2016-06-03,1.141164422000001,1.1619999409999995,1.168499947,1.1414999960000003,1.167000055,461076000.0,-1.4000945452649294,0
2016-06-06,1.1352725029999986,1.1560000180000003,1.1740000249999998,1.1499999760000001,1.1649999619999996,322512000.0,-0.5163445184718674,0
2016-06-07,1.1374815700000003,1.1582499740000003,1.1694999930000005,1.157750009999999,1.162999988000001,193400000.0,0.19463286894170206,0
2016-06-08,1.133799195,1.1545000080000012,1.1627500059999996,1.1449999809999998,1.158499956,234616000.0,-0.32376137139460415,0
2016-06-09,1.1632610559999996,1.1844999790000008,1.1862499710000014,1.1480000019999999,1.1505000590000005,472168000.0,2.5985249711665492,0
2016-06-10,1.1342903379999996,1.1549999710000005,1.1809999939999996,1.1534999609999987,1.1705000400000012,400024000.0,-2.490503041199277,0
2016-06-13,1.1487760539999998,1.1697499750000002,1.1924999949999995,1.15625,1.15625,475588000.0,1.2770566554412444,0
2016-06-14,1.1509852409999999,1.1720000509999995,1.1775000099999993,1.1540000439999991,1.167000055,298344000.0,0.19235529370282833,0
2016-06-15,1.1627700330000001,1.1840000150000005,1.1942499880000002,1.1687500479999997,1.1817500590000005,301036000.0,1.023887668755763,0
2016-06-16,1.1674349310000007,1.1887500289999995,1.1907500030000007,1.163750052000001,1.175250053,246456000.0,0.4011836097822963,0
2016-06-17,1.1470569370000003,1.1679999829999996,1.190500021000001,1.1632499690000007,1.1902500390000004,471000000.0,-1.7455348470069243,0
2016-06-20,1.1676807399999998,1.18900001,1.2042499780000009,1.18599999,1.1867500540000009,293768000.0,1.7979475432920333,0
2016-06-21,1.160560608,1.1817500590000005,1.1972500090000002,1.1799999479999999,1.1940000059999996,212508000.0,-0.6097519713225141,0
2016-06-22,1.1595782039999998,1.1807500119999998,1.192000031,1.1787500380000004,1.1842499970000002,202620000.0,-0.08462423948142339,0
2016-06-23,1.190513492,1.2122499940000004,1.213500023,1.191249967,1.192000031,297880000.0,2.667794340873564,0
2016-06-24,1.1227506399999996,1.143249989,1.1840000150000005,1.1325000520000001,1.162500023999999,1017684000.0,-5.691895676759218,0
2016-06-27,1.1107205149999997,1.1310000420000001,1.1425000429999992,1.114249945000001,1.1337499619999996,449088000.0,-1.071502043985595,0
2016-06-28,1.1269243960000006,1.1475000380000004,1.153749943000001,1.1317499880000002,1.152500033,381920000.0,1.4588855337991369,0
2016-06-29,1.1453384160000004,1.1662499899999998,1.1752500529999992,1.1545000079999994,1.1575000289999995,318932000.0,1.633982690987934,0
2016-06-30,1.15417695,1.175250053000001,1.1825000049999996,1.1587500569999998,1.1682499650000002,430940000.0,0.7717095886105918,0
2016-07-01,1.1455841060000012,1.1664999720000004,1.1840000150000005,1.1625000240000007,1.1687500479999997,218488000.0,-0.7445293006083431,0
2016-07-05,1.1625248189999997,1.183750033,1.1857500080000003,1.1507500410000002,1.159999967000001,371084000.0,1.478787948054916,0
2016-07-06,1.169890046,1.191249967,1.1982500550000008,1.1694999930000005,1.1755000349999998,273104000.0,0.6335741322847532,0
2016-07-07,1.200334429999999,1.2222499849999995,1.2265000339999999,1.1937500239999999,1.1992499829999996,395400000.0,2.6023100825823375,0
2016-07-08,1.2484554049999996,1.2712500100000002,1.2772500510000002,1.2304999829999996,1.2352499960000003,481932000.0,4.009001890067521,0
2016-07-11,1.2771813869999997,1.3005000349999998,1.3099999430000002,1.287999988000001,1.2894999980000001,448776000.0,2.3008869042211444,0
2016-07-12,1.2963318820000005,1.3200000520000001,1.3320000170000013,1.2984999419999994,1.3150000569999998,436760000.0,1.4994245655671978,0
2016-07-13,1.295840621,1.3194999690000007,1.330000043000001,1.3174999950000004,1.322499989999999,324604000.0,-0.037885074265131546,0
2016-07-14,1.3090987209999998,1.332999945000001,1.3450000289999995,1.315500021000001,1.3265000580000006,316892000.0,1.0231130213842476,0
2016-07-15,1.2938759329999998,1.3174999949999995,1.3235000370000005,1.2960000039999997,1.3159999850000004,428616000.0,-1.1627869947136493,0
2016-07-18,1.3005052800000012,1.3242499829999996,1.3357499839999996,1.3192499880000002,1.333750010000001,252992000.0,0.5123330569728024,0
2016-07-19,1.31400907,1.3380000590000005,1.3432500359999997,1.3209999799999999,1.3235000370000005,382652000.0,1.0383293318116715,0
2016-07-20,1.331195354,1.3554999829999987,1.362750053,1.3370000120000007,1.3424999710000005,296460000.0,1.3079165342547938,0
2016-07-21,1.3066430089999992,1.3305000069999986,1.356750011,1.3259999749999993,1.3524999619999996,361308000.0,-1.8443361352664889,0
2016-07-22,1.342243074999999,1.3667500019999999,1.3667500019999999,1.325500010999999,1.3352500200000001,315768000.0,2.724539256616487,0
2016-07-25,1.367041110999999,1.3919999600000006,1.3952499629999986,1.3689999579999999,1.375,312528000.0,1.8474452506347827,0
2016-07-26,1.3903648850000003,1.4157500269999987,1.422999978,1.4022500509999993,1.4042500259999988,514508000.0,1.7061830231661856,0
2016-07-27,1.3763701920000004,1.4014999869999993,1.4305000310000002,1.3930000070000004,1.4279999730000004,446676000.0,-1.006536445575501,0
2016-07-28,1.3793165680000001,1.4045000079999994,1.4149999619999996,1.4002499579999999,1.40474999,221916000.0,0.21405786855708264,0
2016-07-29,1.401904106,1.427500010000001,1.4312499759999993,1.3845000270000005,1.4097499849999995,409588000.0,1.637593582697927,0
2016-08-01,1.3928201199999997,1.4182499650000011,1.4387500289999995,1.4090000390000004,1.4335000510000002,301120000.0,-0.6479891373170621,0
2016-08-02,1.375879169,1.401000023,1.4257500170000004,1.3875000480000006,1.4249999520000003,282748000.0,-1.2162836189458348,0
2016-08-03,1.3795617819999988,1.40474999,1.4075000289999995,1.3914999960000003,1.3992500310000002,299828000.0,0.267663593036227,0
2016-08-04,1.405095816000001,1.4307500119999998,1.4372500180000003,1.4087500569999998,1.411499977,272712000.0,1.8508647221987307,0
2016-08-05,1.4289109710000014,1.455000043,1.455749989,1.4402500390000004,1.4472500089999993,371588000.0,1.6949174067174555,0
2016-08-08,1.442168951000001,1.4685000180000003,1.4785000090000002,1.4529999490000005,1.4750000239999999,305064000.0,0.9278333059128396,0
2016-08-09,1.445851803000001,1.4722499849999995,1.4865000249999998,1.4685000180000003,1.4757499689999998,372344000.0,0.2553603645921054,0
2016-08-10,1.4365218879999997,1.4627499580000007,1.4874999519999994,1.457999945,1.4852499960000003,375740000.0,-0.6452726844483503,0
2016-08-11,1.4657385349999998,1.4924999479999999,1.4987499710000014,1.4674999709999996,1.4704999919999997,681064000.0,2.0338397439215727,0
2016-08-12,1.5477414129999998,1.5759999749999993,1.584499955000001,1.5157500509999995,1.5475000139999997,1425744000.0,5.5946418699640565,0
2016-08-15,1.546267748,1.5744999650000002,1.5874999760000001,1.553249955,1.577749968,573304000.0,-0.09517830100219671,0
2016-08-16,1.5369390250000006,1.5650000569999998,1.574749947,1.560250044,1.5722500090000002,287652000.0,-0.6033603182709513,0
2016-08-17,1.5013383630000003,1.5287499430000002,1.568500042000001,1.5164999960000003,1.5650000569999998,595212000.0,-2.3163011296938207,0
2016-08-18,1.5246627329999987,1.5525000100000002,1.5549999479999999,1.5204999449999992,1.5264999870000002,331684000.0,1.5535612680640964,0
2016-08-19,1.5285912750000001,1.5564999579999999,1.5682499409999995,1.544999956999999,1.551749945,291560000.0,0.25764560220518096,0
2016-08-22,1.534974933,1.5629999640000003,1.5652500390000004,1.542750001,1.5612499710000005,244748000.0,0.4176039945643195,0
2016-08-23,1.547396064,1.5727499720000004,1.5829999449999992,1.5682499409999986,1.5759999750000002,339764000.0,0.6238009100811404,0
2016-08-24,1.5235365630000004,1.5484999420000003,1.5789999960000003,1.5412499899999998,1.5782500509999995,298448000.0,-1.5418871678097856,0
2016-08-25,1.5134520530000009,1.5382499689999998,1.5497499700000006,1.519000053,1.5490000250000007,406032000.0,-0.6619291820419093,0
2016-08-26,1.5257506369999998,1.5507500170000004,1.559499978999999,1.5299999710000005,1.5422500369999996,300024000.0,0.8126148709189263,0
2016-08-29,1.5247668030000003,1.5497499699999997,1.563249946000001,1.547250032,1.5570000410000002,274652000.0,-0.06448795673300589,0
2016-08-30,1.5159118180000002,1.5407500269999996,1.5559999940000004,1.536499977,1.5477499960000003,285544000.0,-0.5807351620726209,0
2016-08-31,1.5087785719999998,1.5334999560000009,1.547999977999999,1.5290000439999991,1.5437500479999997,388544000.0,-0.47055465668994767,0
2016-09-01,1.5532989500000003,1.5787500139999997,1.584499955000001,1.533499956,1.5347499849999995,428492000.0,2.9507700879255694,0
2016-09-02,1.538048863000001,1.563249946,1.5837500100000002,1.5455000399999994,1.5820000169999995,323148000.0,-0.9817936888391943,0
2016-09-06,1.552561283000001,1.5779999490000005,1.5779999490000005,1.5607500080000003,1.5687500239999999,306812000.0,0.9435473218945001,0
2016-09-07,1.529686451,1.5547499660000001,1.5807499889999992,1.545750022,1.5729999540000001,397988000.0,-1.473383000724049,0
2016-09-08,1.5407549139999999,1.5659999849999995,1.568500042000001,1.5355000499999996,1.553249955,315808000.0,0.7235902393324167,0
2016-09-09,1.4640122649999991,1.4880000349999998,1.5575000050000005,1.4750000239999999,1.548750043,697760000.0,-4.9808397667385655,0
2016-09-12,1.4942659139999996,1.5187499520000003,1.5217499730000004,1.432999969,1.4682500360000006,598260000.0,2.06652663149971,0
2016-09-13,1.4726207259999997,1.4967499970000002,1.5325000290000004,1.4882500170000004,1.5149999860000003,471768000.0,-1.4485567536004829,0
2016-09-14,1.4856573339999999,1.5099999899999998,1.5149999860000003,1.487750053,1.5002499819999988,319048000.0,0.8852509120800045,0
2016-09-15,1.5419845580000002,1.5672500129999998,1.5690000059999996,1.5089999440000001,1.5125000479999997,515212000.0,3.7913922767641717,0
2016-09-16,1.545674205,1.5709999799999999,1.5812499520000003,1.5529999730000004,1.5727499720000004,902444000.0,0.23927050367809066,0
2016-09-19,1.5660896300000005,1.5917500259999997,1.6315000059999987,1.5802500250000007,1.5874999760000001,417128000.0,1.320817712550193,0
2016-09-20,1.5518229009999995,1.5772500039999997,1.6100000139999988,1.5685000420000001,1.6100000140000006,331112000.0,-0.9109484380809385,0
2016-09-21,1.595359802,1.6215000150000005,1.6245000359999997,1.5817500349999998,1.5820000169999995,336212000.0,2.8055166199257853,0
2016-09-22,1.5992952589999998,1.6254999640000003,1.6360000370000014,1.6162500379999996,1.6310000420000001,308732000.0,0.24668202053639288,0
2016-09-23,1.597573638,1.6237499710000005,1.6322499510000004,1.6165000200000001,1.6275000570000007,276132000.0,-0.10765875353780929,0
2016-09-26,1.5825699570000005,1.6085000039999997,1.6150000100000002,1.5882500410000002,1.605250000999999,230040000.0,-0.9391819721239703,0
2016-09-27,1.636682509999999,1.6634999510000013,1.6660000089999993,1.6015000339999999,1.602249979999999,402752000.0,3.419331480461718,0
2016-09-28,1.642586112,1.6694999930000005,1.670750022,1.6482499839999996,1.6660000090000002,319788000.0,0.36068783749547695,0
2016-09-29,1.6578361989999992,1.6849999429999993,1.6902500390000004,1.6512500049999996,1.6667499540000001,336684000.0,0.9284186921227455,0
2016-09-30,1.6853847499999999,1.7130000590000005,1.7297500370000005,1.6842499970000002,1.6942499880000002,429932000.0,1.6617280087350084,0
2016-10-03,1.6836631299999993,1.7112499479999999,1.737750053,1.7082500460000007,1.7130000589999996,242596000.0,-0.10216642963933875,0
2016-10-04,1.6799738410000007,1.7074999809999998,1.7424999479999999,1.6947499510000004,1.7137500049999996,281624000.0,-0.2191361352199217,0
2016-10-05,1.6782516239999996,1.7057499889999992,1.7395000460000007,1.7005000110000008,1.7220000029999998,305440000.0,-0.10248855165286841,0
2016-10-06,1.6563603879999986,1.6835000510000002,1.6957499980000001,1.6564999820000006,1.685250044,360212000.0,-1.3044079228189953,0
2016-10-07,1.644307971,1.6712499860000003,1.6992499830000005,1.6664999720000004,1.6947499510000013,286260000.0,-0.7276545666109913,0
2016-10-10,1.6504572629999998,1.6775000100000002,1.6890000100000009,1.6617499589999998,1.6799999479999999,287876000.0,0.37397301734367616,0
2016-10-11,1.6265978810000004,1.653249979,1.674499989,1.6404999490000005,1.6720000509999995,388540000.0,-1.445605416121576,0
2016-10-12,1.633977294000001,1.660750031,1.6694999929999996,1.6327500340000007,1.6464999909999998,419920000.0,0.45365504885936936,0
2016-10-13,1.607412815,1.6337499619999996,1.644999980999999,1.5924999709999996,1.6412500139999997,390116000.0,-1.6257756131873968,0
2016-10-14,1.623154640000001,1.6497499940000004,1.6649999619999996,1.6399999859999994,1.6537499430000002,330636000.0,0.9793439860535935,0
2016-10-17,1.6138074400000004,1.6402499679999991,1.6649999619999996,1.638000011,1.6495000119999998,195328000.0,-0.5758464030641508,0
2016-10-18,1.638404489,1.6652499439999993,1.6747499699999997,1.65625,1.6629999880000002,269372000.0,1.5241564693022402,0
2016-10-19,1.6349607709999994,1.6617499589999998,1.6694999929999996,1.6454999449999992,1.654000044,199060000.0,-0.2101777581564046,0
2016-10-20,1.6659531589999999,1.6932499410000004,1.6987500189999993,1.6575000289999995,1.6812499760000001,312084000.0,1.8955909599634335,0
2016-10-21,1.661280036,1.6885000469999998,1.6914999490000007,1.6725000139999988,1.6872500180000003,279508000.0,-0.2805193660420091,0
2016-10-24,1.739252329000001,1.7677500249999998,1.769749999,1.6997499470000008,1.7000000479999997,339836000.0,4.693513520524051,0
2016-10-25,1.767784476000001,1.7967499490000005,1.8075000050000005,1.7562500239999999,1.7647500039999997,397460000.0,1.640499142405627,0
2016-10-26,1.7749180789999999,1.8040000200000001,1.8237500190000002,1.7799999710000005,1.7817499640000003,333792000.0,0.40351029390790494,0
2016-10-27,1.7385143039999988,1.7669999600000006,1.8212499620000004,1.7597500090000002,1.8177499769999992,388664000.0,-2.0510010859090766,0
2016-10-28,1.7355625630000011,1.7640000580000006,1.8025000100000002,1.7607500550000008,1.7755000590000005,290856000.0,-0.16977374464682837,0
2016-10-31,1.750320673,1.779000044,1.7907500269999996,1.7687499519999994,1.769749999,252388000.0,0.8503393144446258,0
2016-11-01,1.6984213590000001,1.7262500520000001,1.7952500579999997,1.707249999,1.7855000499999996,473224000.0,-2.965148437062104,0
2016-11-02,1.6912882330000008,1.7189999819999988,1.763000010999999,1.7159999609999996,1.7395000459999999,295848000.0,-0.4199895601219694,0
2016-11-03,1.671610951,1.699000001,1.7285000090000002,1.6660000090000002,1.7269999980000001,309664000.0,-1.16346603894264,0
2016-11-04,1.6620177029999992,1.6892499920000006,1.7182500360000006,1.6644999979999993,1.6877499819999988,328780000.0,-0.5738675099624113,0
2016-11-07,1.7530264849999995,1.7817499640000012,1.7929999829999996,1.7374999520000003,1.7387499809999998,487580000.0,5.475801239488787,0
2016-11-08,1.750320673,1.779000044,1.794250011,1.7625000480000006,1.7884999510000004,429884000.0,-0.15433815381292737,0
2016-11-09,1.7208043340000003,1.7489999530000002,1.7725000380000004,1.718000054,1.7307499650000011,456532000.0,-1.6863457143343363,0
2016-11-10,1.6669371129999995,1.6942499879999993,1.7875000239999999,1.6690000300000003,1.7872500420000001,869280000.0,-3.130358288808943,0
2016-11-11,2.163795232999999,2.1992499829999996,2.2192499639999985,1.9624999760000001,1.987750053,2175344000.0,29.80669904540676,0
2016-11-14,2.0572915080000005,2.0910000800000006,2.2047500609999995,2.0905001159999994,2.202250003999999,1348796000.0,-4.922128172638929,0
2016-11-15,2.1200134750000004,2.154750109,2.1862499710000005,2.098249912,2.107249975000001,626092000.0,3.0487817580571175,0
2016-11-16,2.2538208960000006,2.2907500269999996,2.313999890999999,2.1587500570000007,2.183500051,987984000.0,6.311632956042246,0
2016-11-17,2.272515059,2.3097500800000006,2.369750023000001,2.2662498949999996,2.3077499869999993,832988000.0,0.8294249820388622,0
2016-11-18,2.2963736059999995,2.334000110999999,2.358249903,2.295000076000001,2.3097500800000006,576060000.0,1.0498984807914669,0
2016-11-21,2.287028074,2.3245000840000003,2.3587501050000004,2.3099999429999993,2.352250099,436436000.0,-0.40702770129388277,0
2016-11-22,2.303506851,2.3412499430000002,2.343499899,2.309499979,2.332499981,330368000.0,0.720578980198483,0
2016-11-23,2.3148391250000007,2.349250078,2.381249905,2.319250107000001,2.342999934999999,443236000.0,0.3417035854680561,0
2016-11-25,2.3195190429999997,2.3540000919999997,2.3775000570000007,2.335249901000001,2.360500097000001,195564000.0,0.20219277821815762,0
2016-11-28,2.3182876109999997,2.3527500630000002,2.3684999940000004,2.339999914,2.346750021,278736000.0,-0.053102334373245075,0
2016-11-29,2.297101736000001,2.331249952000001,2.3610000610000004,2.313250064999999,2.3499999050000007,444568000.0,-0.913828941633732,0
2016-11-30,2.271237612,2.305000066999999,2.3540000919999997,2.30250001,2.339999913999999,440500000.0,-1.1260004521385536,0
2016-12-01,2.1589062210000005,2.1909999849999995,2.304250001999999,2.1192500590000014,2.3025000099999993,1035524000.0,-4.945773478799643,0
2016-12-02,2.1788599489999996,2.211250067,2.2200000289999995,2.128000021,2.15625,478292000.0,0.924239257810866,0
2016-12-05,2.2633538249999994,2.296999931000001,2.3152499199999994,2.224999904999999,2.249749899,602284000.0,3.877890849149268,0
2016-12-06,2.300551414,2.3347499369999998,2.3432500360000006,2.2892498969999995,2.3052499290000013,498796000.0,1.64344828619849,0
2016-12-07,2.3419353960000002,2.3767499920000006,2.382499933,2.30250001,2.321000099,480804000.0,1.7989102102286436,0
2016-12-08,2.302767276999999,2.3369998929999998,2.415499926,2.326250076,2.3797500130000007,381544000.0,-1.6724560485451345,0
2016-12-09,2.2618758680000006,2.2955000400000003,2.356750011,2.267750025,2.355000019,382312000.0,-1.7757747068925633,0
2016-12-12,2.206941605,2.2397499079999994,2.2487499710000005,2.1884999280000006,2.246249914,601332000.0,-2.4286704869759035,0
2016-12-13,2.245863676,2.2792499070000014,2.307250023,2.2512500289999995,2.252249956,387796000.0,1.7635897141423218,0
2016-12-14,2.3759305479999995,2.4112501139999996,2.427750111000001,2.2892498969999995,2.3134999280000015,983980000.0,5.791388061247815,0
2016-12-15,2.4316024780000003,2.4677500719999994,2.498500109,2.4149999619999996,2.4224998949999987,746548000.0,2.3431811437542027,0
2016-12-16,2.4734807010000006,2.5102500919999997,2.517499924000001,2.4432499409999995,2.4957499500000004,1089528000.0,1.722217354270228,0
2016-12-19,2.5035340789999996,2.5407500270000005,2.5612499710000014,2.474999904999999,2.492500066999999,744656000.0,1.21501579054617,0
2016-12-20,2.5907368660000003,2.6292500499999996,2.653249978999999,2.6029999260000007,2.614500046,848056000.0,3.483224325869494,0
2016-12-21,2.606996059,2.6457500460000007,2.648750067000001,2.5927500720000003,2.641000032000001,576136000.0,0.6275552224483061,0
2016-12-22,2.6385262009999986,2.677750111,2.721750021,2.6632499690000007,2.6705000400000003,718612000.0,1.209489348715298,0
2016-12-23,2.7042992120000013,2.744499922000001,2.746000051,2.6567499640000003,2.6594998840000006,647692000.0,2.4927572862679437,0
2016-12-27,2.8900375369999995,2.933000088,2.9340000150000005,2.780499935,2.8015000820000004,1194272000.0,6.868288262243194,0
2016-12-28,2.6912438869999997,2.7312500479999997,2.9982500079999994,2.717250109,2.99000001,2295764000.0,-6.8786237281558416,0
2016-12-29,2.7449440959999984,2.785749912,2.787250042,2.569999933,2.6224999429999984,2175368000.0,1.9954183264878411,0
2016-12-30,2.6294112210000007,2.668499946999999,2.798000096999999,2.6575000289999995,2.7837500569999998,1212932000.0,-4.208919275019262,0
2017-01-03,2.5128939149999994,2.550250052999999,2.659250021,2.484499931,2.6099998950000005,1501996000.0,-4.431324577425588,0
2017-01-04,2.5715231900000006,2.609750032,2.6375000480000006,2.5382499690000015,2.5850000380000004,1199220000.0,2.3331037256525855,0
2017-01-05,2.506243466999999,2.543499947,2.645499944999999,2.5262498860000004,2.6132500170000004,984296000.0,-2.5385605589677396,0
2017-01-06,2.5397453310000015,2.5775001050000013,2.6062500479999997,2.5299999710000005,2.5712499620000004,822856000.0,1.3367469513849484,0
2017-01-09,2.6427147389999996,2.6819999219999993,2.700000047999999,2.587500095,2.5875000949999993,916248000.0,4.054308932802164,0
2017-01-10,2.62276125,2.661750078,2.7297499179999996,2.640749931,2.6952500340000007,880920000.0,-0.7550277624504775,0
2017-01-11,2.5904903410000006,2.6289999490000007,2.6549999710000005,2.603749989999999,2.650000095,525664000.0,-1.2303983484658332,0
2017-01-12,2.548120022,2.585999966,2.617500067,2.540499926,2.6057500840000003,625616000.0,-1.6356022759283717,0
2017-01-13,2.547873974,2.5857501029999996,2.625,2.5764999389999996,2.589999914,457820000.0,-0.00966214243175445,0
2017-01-17,2.4907233719999997,2.5277500150000014,2.579999924,2.5142500400000003,2.575000047999999,580612000.0,-2.2430662550378733,0
2017-01-18,2.536050080999999,2.573750019,2.580749989,2.4777500630000002,2.506000042,654424000.0,1.8198003650293781,0
2017-01-19,2.5904903410000006,2.6289999490000007,2.661499977,2.5745000840000003,2.5767500400000003,644872000.0,2.1466704066879894,0
2017-01-20,2.5621619219999996,2.6002500059999996,2.670000076000001,2.578000068999999,2.6519999500000004,492024000.0,-1.0935695533556555,0
2017-01-23,2.5887658600000005,2.627249956000001,2.6475000380000004,2.5924999710000005,2.5950000289999995,369904000.0,1.0383597707027459,0
2017-01-24,2.6439461709999996,2.6832499499999996,2.6895000930000004,2.6224999429999993,2.6375000479999997,428052000.0,2.1315061352312314,0
2017-01-25,2.6552774909999997,2.6947500709999996,2.732500075999999,2.6582500929999995,2.726249933,522760000.0,0.42858925609967624,0
2017-01-26,2.7010965349999996,2.7412500380000004,2.7487499710000005,2.667500019,2.69749999,458800000.0,1.7255762417604847,0
2017-01-27,2.7533199789999996,2.794250010999999,2.797250032,2.7212500569999998,2.7482500079999994,471996000.0,1.9334235208499306,0
2017-01-30,2.7102105620000003,2.7504999640000003,2.7752499580000007,2.6977500919999997,2.773000001999999,496004000.0,-1.5657169840841423,0
2017-01-31,2.68951869,2.729500055,2.7512500289999995,2.704999924,2.7237501139999996,362756000.0,-0.7634942474043949,0
2017-02-01,2.8070220950000007,2.8487501139999996,2.8529999260000007,2.7465000150000005,2.764499902999999,590004000.0,4.3689341123680725,0
2017-02-02,2.8424942489999996,2.884749889,2.89350009,2.8015000820000004,2.832499981,483240000.0,1.2637042056824033,0
2017-02-03,2.817614079,2.859499931,2.8975000380000004,2.847500086,2.886250019,372744000.0,-0.8752910640982048,0
2017-02-06,2.8897917270000004,2.9327499869999993,2.9332499500000004,2.849999905,2.849999905,506768000.0,2.5616386699608418,0
2017-02-07,2.934624672,2.9782500269999996,3.023000002,2.94749999,2.9674999710000005,746224000.0,1.5514462603934298,0
2017-02-08,2.9218156339999997,2.9652500150000005,2.9827499389999996,2.9094998840000006,2.9600000380000004,449580000.0,-0.43649834238715934,0
2017-02-09,2.866881847,2.9094998840000006,2.976500034,2.8900001050000004,2.9714999199999994,842568000.0,-1.8801156974279642,0
2017-02-10,2.79889369,2.8405001159999994,3.017499924,2.8150000570000007,2.9982500079999994,1651092000.0,-2.3715336226492245,0
2017-02-13,2.669811726,2.709500074,2.8494999409999986,2.704999924,2.8347499369999998,1180724000.0,-4.611865398705717,0
2017-02-14,2.6796650890000002,2.719500064999999,2.7537500859999993,2.6572499280000006,2.699749947,850632000.0,0.36907144221765,0
2017-02-15,2.6850843430000007,2.724999905,2.7449998860000004,2.6940000059999987,2.722500086,373020000.0,0.2022371711176918,0
2017-02-16,2.6419758799999995,2.6812500949999993,2.7360000609999995,2.6414999960000003,2.734750032,647176000.0,-1.6054976706503576,0
2017-02-17,2.6414833069999997,2.6807498929999998,2.685250044,2.619750023,2.667500019,563740000.0,-0.01865555178656164,0
2017-02-21,2.7360763550000007,2.776750088000001,2.7807500360000006,2.705499887000001,2.705749989,551952000.0,3.5810947992827025,0
2017-02-22,2.7318840029999993,2.769000053,2.795000076,2.749749899,2.7855000499999996,433772000.0,-0.2791045198303088,0
2017-02-23,2.4785749910000012,2.512249947,2.6597499849999995,2.4920001030000005,2.6375000479999997,1592888000.0,-9.27230412010397,0
2017-02-24,2.502499342000001,2.536499977,2.549999952000001,2.392499924,2.426749945000001,1029904000.0,0.9652713906495691,0
2017-02-27,2.5752618310000006,2.6102499960000003,2.6254999639999994,2.5390000340000007,2.555000067,715400000.0,2.9075505487378805,0
2017-02-28,2.5029938220000014,2.5369999409999995,2.6300001139999996,2.5195000170000004,2.6199998859999996,625360000.0,-2.8062467239632127,0
2017-03-01,2.5353040700000005,2.5697500709999987,2.609250069,2.5277500150000005,2.5947499280000006,504804000.0,1.2908999117710263,0
2017-03-02,2.441824435999999,2.474999905,2.571000099000001,2.4722499849999995,2.5567500590000014,754332000.0,-3.6871354560612524,0
2017-03-03,2.4277651309999992,2.4607501030000005,2.4692499640000003,2.405499934999999,2.464250088,864692000.0,-0.5757495978570448,0
2017-03-06,2.409019947000001,2.4417500499999996,2.4525001050000013,2.3792500499999987,2.424000025,883568000.0,-0.7721244419267248,0
2017-03-07,2.4354116920000006,2.468499899,2.4882500170000004,2.4287500380000004,2.4417500499999996,603400000.0,1.0955195434520615,0
2017-03-08,2.4309718609999997,2.4639999869999993,2.5325000289999995,2.4617500309999993,2.517499924,638712000.0,-0.18229338400310713,0
2017-03-09,2.4304785730000003,2.463500023,2.486249924000001,2.4349999429999993,2.447750091999999,478060000.0,-0.020290746860296416,0
2017-03-10,2.444784403,2.477999926,2.502249956,2.459500074,2.490250111,499740000.0,0.5885895216003467,0
2017-03-13,2.5121190549999994,2.5462501050000013,2.556250095,2.487750053000001,2.4885001179999993,774136000.0,2.754244593952415,0
2017-03-14,2.5103926659999987,2.544500113,2.568749905,2.5117499829999996,2.5592501159999994,522016000.0,-0.06872820531509394,0
2017-03-15,2.5293846130000004,2.5637500289999995,2.574749947,2.5079998970000004,2.556250095,615036000.0,0.7565303653024547,0
2017-03-16,2.5604627129999997,2.595249891,2.5957500929999995,2.560250044000001,2.5745000840000003,523100000.0,1.228663545341302,0
2017-03-17,2.6162054539999993,2.651750088,2.6530001159999985,2.595249890999999,2.6129999160000006,1119688000.0,2.1770619159232174,0
2017-03-20,2.6995718479999997,2.736249924,2.740250110999999,2.653249979,2.669500113,748568000.0,3.1865686130223336,0
2017-03-21,2.612259626,2.647749900999999,2.7490000719999994,2.6397500039999997,2.718750000000001,913484000.0,-3.2343545165138154,0
2017-03-22,2.6655349729999998,2.7017500400000003,2.706500053,2.632499933,2.6364998820000007,616764000.0,2.0394727983789274,0
2017-03-23,2.641363620999999,2.677249908000001,2.7139999869999984,2.667500019,2.6937499050000007,533940000.0,-0.9068245262244923,0
2017-03-24,2.6507356170000014,2.686749935,2.732249975000001,2.6605000499999996,2.724250077999999,439500000.0,0.35484274260735305,0
2017-03-27,2.6699745659999996,2.706249952000001,2.710249901,2.5894999500000004,2.639499903,506644000.0,0.725784589997569,0
2017-03-28,2.656162977000001,2.6922500130000007,2.7222499849999995,2.6817500590000005,2.707499981,432444000.0,-0.5173187713002347,0
2017-03-29,2.647530079000001,2.683500051000001,2.7122499940000004,2.681250095,2.699749947,349992000.0,-0.32500555140678733,0
2017-03-30,2.698339701,2.7349998950000005,2.749999999999999,2.6849999429999993,2.6907498840000006,525532000.0,1.919129607648351,0
2017-03-31,2.686746359,2.723249912,2.7472500800000015,2.7100000380000004,2.7252500059999996,440808000.0,-0.4296154826726295,0
2017-04-03,2.6731810570000007,2.709500074,2.7412500380000004,2.6854999070000005,2.7237501139999996,445232000.0,-0.5049054785391194,0
2017-04-04,2.485728741,2.5195000170000004,2.610500097,2.508500098999999,2.5850000380000004,1271280000.0,-7.012365816971744,0
2017-04-05,2.4672288889999994,2.500750065,2.5592501159999994,2.4874999520000003,2.5004999639999994,747048000.0,-0.7441933666793799,0
2017-04-06,2.4852344990000006,2.519000053,2.53125,2.460249901000001,2.506000042,635120000.0,0.7297805668556423,0
2017-04-07,2.4746291639999995,2.508249998,2.5432500840000003,2.4930000309999993,2.5255000589999996,429068000.0,-0.42675882389113795,0
2017-04-10,2.4114868640000005,2.4442501069999993,2.515749931,2.4400000570000016,2.5090000629999993,756332000.0,-2.5515754430791127,0
2017-04-11,2.4201197620000006,2.453000069,2.4725000859999993,2.4087500570000007,2.413749932999999,618148000.0,0.35798145103651535,0
2017-04-12,2.4001410009999997,2.4327499869999993,2.4674999710000005,2.42750001,2.453000069,414092000.0,-0.8255230913326139,0
2017-04-13,2.355251074,2.387249947,2.4302499290000004,2.387249947,2.4082500929999995,506892000.0,-1.870313030239057,0
2017-04-17,2.4474976060000015,2.4807500839999994,2.480999946999999,2.3949999810000007,2.400249957999999,497292000.0,3.9166463116901307,0
2017-04-18,2.4489777089999993,2.482249975,2.488500118,2.4400000570000016,2.4662499430000002,370116000.0,0.06046118912477194,0
2017-04-19,2.4585964679999996,2.4920001030000005,2.5244998929999998,2.485249996000001,2.5,380828000.0,0.3927939610514075,0
2017-04-20,2.4975671770000005,2.5315001010000007,2.5362501140000004,2.485249996000001,2.5067501070000002,404016000.0,1.5850720853681999,0
2017-04-21,2.5079262260000004,2.542000055000001,2.544749975,2.5090000629999993,2.5209999080000003,341896000.0,0.4147720158435897,0
2017-04-24,2.539250374,2.573750019,2.5869998929999998,2.552750111,2.573999882,371820000.0,1.2490150791912624,0
2017-04-25,2.583401203,2.6184999940000004,2.633249998000001,2.5667500499999996,2.588500022999999,388440000.0,1.7387071265525078,0
2017-04-26,2.5656421179999995,2.6005001070000002,2.634749889,2.5985000130000007,2.6322500709999987,327004000.0,-0.6874121459325977,0
2017-04-27,2.605599165,2.641000032,2.6494998930000007,2.589750051,2.6080000399999994,319700000.0,1.5573898609341663,0
2017-04-28,2.572547674,2.607500076000001,2.641000032000001,2.6017498969999995,2.6340000630000002,348248000.0,-1.2684572356718493,0
2017-05-01,2.6302642819999997,2.665999889,2.6712501050000004,2.611249924,2.6184999940000004,307732000.0,2.243521046785202,0
2017-05-02,2.552323341,2.5869998929999998,2.6400001050000004,2.563999891,2.638750076,629972000.0,-2.963240783540777,0
2017-05-03,2.571314811999999,2.6062500480000006,2.6159999369999998,2.5650000570000016,2.579999923999999,336904000.0,0.744111163362926,0
2017-05-04,2.5614502429999995,2.5962500570000016,2.6237499709999996,2.588249922,2.6124999520000003,209788000.0,-0.38369269317323207,0
2017-05-05,2.561695576,2.5964999199999994,2.60374999,2.568749905,2.5845000739999993,228428000.0,0.009623995936980378,0
2017-05-08,2.534811496999999,2.5692501070000002,2.6099998949999996,2.5577499869999993,2.6085000039999997,365240000.0,-1.0494825280025433,0
2017-05-09,2.539003610999999,2.5734999179999996,2.6232500079999994,2.566499949,2.575000047999999,847672000.0,0.16541056039742763,0
2017-05-10,2.991604328,3.0322499280000006,3.0455000400000003,2.8505001070000002,2.857249975,2129096000.0,17.82591896705863,0
2017-05-11,3.1201088430000006,3.162499905,3.260750055,2.997750044,3.0012500289999995,1939792000.0,4.2954894910628205,0
2017-05-12,3.154392958,3.197249889,3.24000001,3.1445000170000004,3.1657500269999996,962620000.0,1.0988137563280098,0
2017-05-15,3.312741518,3.3577499389999996,3.3602499960000003,3.234499931,3.2390000820000004,1087540000.0,5.019940748209684,0
2017-05-16,3.3744037149999997,3.4202499389999996,3.436000109,3.334000111,3.4094998840000006,1120700000.0,1.8613655315444344,0
2017-05-17,3.1501998899999997,3.193000078,3.3715000150000005,3.1887500289999995,3.3524999619999996,1271368000.0,-6.64424720570107,0
2017-05-18,3.282157421,3.3267500400000003,3.3357501030000005,3.176249981,3.2374999520000003,1156032000.0,4.188849318280541,0
2017-05-19,3.357958794,3.400000095,3.455499887,3.380500078,3.4257500170000004,1018372000.0,2.2018502778766047,0
2017-05-22,3.429561853,3.472500086,3.486999989,3.4332499500000004,3.4442501070000002,836608000.0,2.132352616890154,0
2017-05-23,3.3833899499999998,3.4257500170000004,3.494750023,3.392750025,3.492500067,681248000.0,-1.346294250314961,0
2017-05-24,3.4214143749999995,3.464250088,3.526750088,3.451999903,3.5239999290000004,815996000.0,1.1238435615251063,0
2017-05-25,3.4137597080000006,3.456500053,3.500750065,3.4110000130000007,3.5,608228000.0,-0.22371465116926004,0
2017-05-26,3.502153397,3.5460000039999997,3.6319999690000007,3.427750111,3.448250055,779140000.0,2.589323003837962,0
2017-05-30,3.576967239,3.6217501159999994,3.6572499280000006,3.576250076,3.5924999710000005,989652000.0,2.1362129699534993,0
2017-05-31,3.564126968,3.6087501050000004,3.6749999520000003,3.551249981,3.6672499179999996,887316000.0,-0.35894279239666593,0
2017-06-01,3.564373732,3.608999968,3.625750065,3.5629999639999994,3.624749899,503340000.0,0.006923809982128937,0
2017-06-02,3.5465970040000006,3.5910000800000006,3.632499933,3.5850000380000004,3.605999947,487456000.0,-0.4987500182765281,0
2017-06-05,3.654495239,3.70024991,3.713249922,3.562750101,3.5745000840000003,817376000.0,3.0423232404940492,0
2017-06-06,3.6379532809999997,3.683500051,3.742249966,3.670000076,3.6954998969999995,758728000.0,-0.45266831720562895,0
2017-06-07,3.6819019320000006,3.727999926,3.746999979,3.6925001139999996,3.708250046,612612000.0,1.2080867214300461,0
2017-06-08,3.9490573409999996,3.998500109,4.0,3.794749975,3.8364999290000004,1161744000.0,7.255906340380114,0
2017-06-09,3.693753719,3.74000001,4.212500095,3.568749905,4.118500233,3692928000.0,-6.464926646323121,0
2017-06-12,3.702889204,3.749249935,3.792500019,3.552750111,3.647000074,1697532000.0,0.24732419719966092,0
2017-06-13,3.7381982800000007,3.785000086,3.8692500590000005,3.6412498949999996,3.8599998949999996,1672504000.0,0.9535280821442615,0
2017-06-14,3.746098042,3.7929999829999996,3.851500034,3.712500095,3.7880001070000002,1184640000.0,0.2113579080114114,0
2017-06-15,3.7621476650000005,3.8092501159999994,3.839999914,3.662499905,3.674000025,963824000.0,0.42842428349147976,0
2017-06-16,3.743629694,3.790499926,3.867500067,3.756000042,3.8190000059999996,924960000.0,-0.4922278513884826,0
2017-06-19,3.8843672280000003,3.933000088,3.938250065,3.831500053,3.835249901,778176000.0,3.759402843476023,0
2017-06-20,3.8786883349999997,3.9272499080000003,4.043499947,3.923000097,3.9757499690000007,1095444000.0,-0.14620340379712937,0
2017-06-21,3.93745327,3.986749887,3.9904999730000004,3.892499924,3.955250025,682652000.0,1.515054564742524,0
2017-06-22,3.910293341,3.9592499730000004,4.008500099,3.9349999429999993,3.9949998860000004,469132000.0,-0.6897827749283159,0
2017-06-23,3.798196793,3.8457500929999995,3.9830000400000003,3.830499887,3.9670000079999994,1088588000.0,-2.8667015413022523,0
2017-06-26,3.7567162510000003,3.8037500380000004,3.9149999619999996,3.708250046,3.878999949,1063960000.0,-1.0921160757805914,0
2017-06-27,3.619186878,3.664499998,3.794749975,3.6587500570000007,3.7860000130000007,999492000.0,-3.6608620074629616,0
2017-06-28,3.7468400000000006,3.7937500479999997,3.7985000610000004,3.6437499520000003,3.7330000400000003,994948000.0,3.5270855524776046,0
2017-06-29,3.6216571329999994,3.667000055,3.767999887,3.601999998,3.7650001050000004,1064424000.0,-3.3410211900180564,0
2017-06-30,3.5693113800000003,3.6140000820000004,3.698250055,3.587500095,3.684499979,731060000.0,-1.4453223944661198,0
2017-07-03,3.4401788710000005,3.483249903,3.6412498949999996,3.4644999500000004,3.6262500289999995,709072000.0,-3.6178798016972546,0
2017-07-05,3.5320289129999995,3.576250076,3.6054999829999996,3.528249979,3.5474998949999996,820188000.0,2.6699253739992157,0
2017-07-06,3.542645931,3.5869998929999998,3.6345000269999996,3.493999958,3.546750069,746284000.0,0.3005890743530859,0
2017-07-07,3.6236319540000004,3.66899991,3.6875,3.621249914,3.6445000170000004,654972000.0,2.286033438696844,0
2017-07-10,3.7949867249999993,3.8424999710000005,3.849999905,3.7170000079999994,3.7434999940000004,958492000.0,4.728810718340948,0
2017-07-11,3.8488123420000004,3.897000074,3.904750109,3.8037500380000004,3.8462500570000007,757956000.0,1.4183501213095973,0
2017-07-12,4.012513638,4.062749863,4.074999809,3.914000034,3.957499981,1145208000.0,4.253266252311594,0
2017-07-13,3.9660949710000004,4.015749931,4.15749979,3.96875,4.074999809,1369132000.0,-1.156850251304764,0
2017-07-14,4.072758198,4.12375021,4.125249863,4.025249958,4.032249928,941948000.0,2.6894174402215754,0
2017-07-17,4.055475235,4.106249809,4.1875,4.043749809,4.158249855,930792000.0,-0.42438072406910665,0
2017-07-18,4.097696781,4.149000168,4.163750172,4.03249979,4.044499874,776640000.0,1.0411046816075409,0
2017-07-19,4.076462746,4.127500057,4.184999943,4.115250111,4.158249855,687044000.0,-0.518199810301867,0
2017-07-20,4.135720253,4.1875,4.187749863,4.097750187,4.148250103,699596000.0,1.453663044734399,0
2017-07-21,4.15053606,4.202499866,4.232500076,4.152249813,4.166749954,648332000.0,0.35820575522389486,0
2017-07-24,4.102387905,4.153749943,4.219500065,4.143000126,4.209750175,652524000.0,-1.1600220001053985,0
2017-07-25,4.08263588,4.133749962,4.148250103,4.08949995,4.13049984,496556000.0,-0.4814921763334645,0
2017-07-26,4.129794598,4.181499958,4.248250008,4.146249771,4.191999912,640404000.0,1.1551254052361237,0
2017-07-27,3.993501902,4.043499947,4.218500137,3.938999891,4.206749916,782856000.0,-3.3002514022744345,0
2017-07-28,4.058932781,4.109749794,4.134500027,3.982000113,4.007249832,513348000.0,1.6384282890655744,0
2017-07-31,4.012513638,4.062749863,4.159999847,4.015500069,4.12349987,559672000.0,-1.1436202531992956,0
2017-08-01,4.061399937,4.112249851,4.113999844,4.025000095,4.053249836,431384000.0,1.2183863065458045,0
2017-08-02,4.058932781,4.109749794,4.147749901,4.031750202,4.143750191,478444000.0,-0.0607953575435527,0
2017-08-03,4.110536098,4.162000179,4.165750027,4.092000008,4.109250069,442420000.0,1.2713763031579672,0
2017-08-04,4.12856102,4.180250168,4.251749992,4.162000179,4.184999943,589096000.0,0.4384908268885601,0
2017-08-07,4.255471706,4.308750153,4.309249878,4.199999809,4.209750175,717412000.0,3.0739783466471327,0
2017-08-08,4.204854965,4.257500172,4.363999844,4.217750072,4.347249985,755336000.0,-1.1894396096352122,0
2017-08-09,4.249546528,4.302750111,4.305250168,4.19175005,4.210750103,530784000.0,1.0628288237682693,0
2017-08-10,4.067574501,4.118500233,4.316500187,4.108250141,4.303999901,1328088000.0,-4.282142193871885,0
2017-08-11,3.8507881160000004,3.8989999290000004,3.974999905,3.8227500919999997,3.9284999369999998,1497196000.0,-5.3296173748207165,0
2017-08-14,4.157941341,4.210000038,4.213749886,3.980000019,3.991750002,1279020000.0,7.976407147044107,0
2017-08-15,4.122880936,4.174499989,4.241749763,4.139750004,4.215250015,764532000.0,-0.8432315600848561,0
2017-08-16,4.077695847,4.128749847,4.213500023,4.096000195,4.189750195,596632000.0,-1.0959430379818835,0
2017-08-17,3.986834526,4.03674984,4.137499809,4.034500122,4.120250225,525444000.0,-2.2282775757617945,0
2017-08-18,3.987575293,4.037499905,4.109000206,3.9909999369999998,4.091750145,601204000.0,0.018580913599541837,0
2017-08-21,3.9295518400000002,3.97874999,4.073750019,3.9342501159999994,4.062250137,623672000.0,-1.4551062881077659,0
2017-08-22,4.017033577,4.06374979,4.069749832,3.9927499290000004,4.012249947,450456000.0,2.136344334618534,0
2017-08-23,4.097351551,4.144999981,4.15625,4.021249771,4.03000021,579520000.0,1.9993896080890305,0
2017-08-24,4.082275391,4.129749775,4.18200016,4.103000164,4.177499771,469700000.0,-0.3679181199012005,0
2017-08-25,4.048172951,4.09525013,4.164500237,4.088749886,4.154250145,357200000.0,-0.8353931080485211,0
2017-08-28,4.076838493,4.124249935,4.127500057,4.05824995,4.114500046,389496000.0,0.7081326922514508,0
2017-08-29,4.070167065,4.117499828,4.139500141,4.056499958,4.064750195,324096000.0,-0.1636687181035268,0
2017-08-30,4.094385147,4.142000198,4.153250217,4.106750011,4.137499809,384400000.0,0.5950302616503311,0
2017-08-31,4.187304497,4.236000061,4.239999771,4.15500021,4.162499905,612684000.0,2.269431639462227,0
2017-09-01,4.212511539,4.261499882,4.297500134,4.239999771,4.24875021,445432000.0,0.6019787684795164,0
2017-09-05,4.100068092,4.147749901,4.21449995,4.089000225,4.209499836,695364000.0,-2.669247545458453,0
2017-09-06,4.097598553,4.145249844,4.195000172,4.110000134,4.181000233,397672000.0,-0.06027501801391111,0
2017-09-07,4.116626263,4.164500237,4.197249889,4.12375021,4.162250042,352868000.0,0.4643964471252371,0
2017-09-08,4.0452075,4.09224987,4.167749882,4.067749977,4.152750015,498856000.0,-1.7349108629670207,0
2017-09-11,4.176430225,4.224999905,4.235750198,4.132999897,4.138500214,567444000.0,3.243937667960628,0
2017-09-12,4.191504955,4.240250111,4.25,4.174250126,4.25,411488000.0,0.3609516294178494,0
2017-09-13,4.210286617,4.259250164,4.288499832,4.18200016,4.214749813,580960000.0,0.4480880255320452,0
2017-09-14,4.186316013,4.235000134,4.31400013,4.195000172,4.219749928,513712000.0,-0.5693497462291863,0
2017-09-15,4.450986862,4.50274992,4.50274992,4.316249847,4.321499825,1364792000.0,6.322308796413378,0
2017-09-18,4.634849548,4.68874979,4.78000021,4.621500015,4.628499985,1684460000.0,4.130806136353216,0
2017-09-19,4.629907608,4.683750153,4.746250153,4.615499973,4.637750149,874280000.0,-0.10663049264567626,0
2017-09-20,4.592590809,4.645999908,4.735499859,4.605249882,4.6875,724920000.0,-0.8059833203489797,0
2017-09-21,4.467050552,4.519000053,4.567500114,4.44024992,4.540999889,1075600000.0,-2.73353115615258,0
2017-09-22,4.423557281,4.474999905,4.557750225,4.465000153,4.507500172,491232000.0,-0.9736700040707036,0
2017-09-25,4.225855827,4.275000095,4.445000172,4.254000187,4.443749905,874580000.0,-4.469269592085046,0
2017-09-26,4.249579906,4.298999786,4.467000008,4.258749962,4.411250114,1125620000.0,0.5613962682262885,0
2017-09-27,4.342747211,4.393249989,4.406750202,4.318749905,4.390500069,713720000.0,2.192375149841408,0
2017-09-28,4.341510773,4.392000198,4.404500008,4.343999863,4.400499821,435244000.0,-0.028447982771973024,0
2017-09-29,4.417872906,4.469250202,4.493249893,4.431250095,4.477000237,619092000.0,1.7588797932016842,0
2017-10-02,4.423557281,4.474999905,4.549499989,4.425000191,4.519999981,503480000.0,0.12865028226496378,0
2017-10-03,4.432701111,4.484250069,4.514500141,4.439499855,4.481249809,390332000.0,0.20670757980720822,0
2017-10-04,4.469768524,4.521749973,4.544250011,4.453499794,4.490499973,427848000.0,0.8362580904941241,0
2017-10-05,4.467298985,4.519249916,4.550000191,4.488999844,4.546500206,437364000.0,-0.05528958953787688,0
2017-10-06,4.480396271,4.53249979,4.546000004,4.474999905,4.491250038,318800000.0,0.2931874591199479,0
2017-10-09,4.581468582,4.634749889,4.668250084,4.550749779,4.569749832,563492000.0,2.255931687533508,0
2017-10-10,4.668952942,4.723249912,4.823750019,4.681499958,4.785749912,974876000.0,1.9094886481370477,0
2017-10-11,4.718625069,4.773499966,4.775000095,4.693500042,4.739999771,529508000.0,1.0638872584813663,0
2017-10-12,4.720849037,4.77575016,4.827250004,4.748250007999999,4.77699995,528292000.0,0.047139290165021386,0
2017-10-13,4.808825969999999,4.864749908,4.875,4.791250229,4.8387498860000004,628728000.0,1.8635762972994296,0
2017-10-16,4.891365051,4.948249817,4.951250076,4.830999851,4.894999981,576640000.0,1.716427577555124,0
2017-10-17,4.886919022000001,4.943749905,4.972499847,4.908750057000001,4.927249908,478596000.0,-0.09093946680986953,0
2017-10-18,4.882717133,4.939499855000001,4.953499794,4.833000182999999,4.952750206,567316000.0,-0.08596814324488555,0
2017-10-19,4.88815403,4.945000172,4.949999809,4.81125021,4.861000061,570772000.0,0.11135372328094917,0
2017-10-20,4.865913391,4.922500134,4.989749908,4.913499832,4.962250233000001,451620000.0,-0.45500580823842895,0
2017-10-23,4.858993053,4.915500163999999,4.971250057,4.894999981,4.944499969,428696000.0,-0.1422035512330555,0
2017-10-24,4.909900665,4.967000008000001,4.96875,4.898499966,4.924749851,407244000.0,1.0477030267880716,0
2017-10-25,4.785843849,4.841499805,4.980500221,4.779250145,4.927000046,828160000.0,-2.526680144913751,0
2017-10-26,4.836010456,4.892250061,4.903999805,4.84525013,4.869500159999999,322744000.0,1.0482341845307719,0
2017-10-27,4.988488197,5.046500205999999,5.046750069,4.918749809,4.945000172,572192000.0,3.152948910556508,0
2017-10-30,5.037417412,5.096000195,5.152249813,5.030499935,5.046500206,504056000.0,0.9808775781114054,0
2017-10-31,5.110814571,5.170249939,5.197249889,5.122499943,5.128250122000001,411908000.0,1.4570200384381948,0
2017-11-01,5.120452404,5.179999828,5.249249935,5.114999771,5.233749866,502576000.0,0.18857674416192793,0
2017-11-02,5.089315414,5.148499966,5.195250034,5.091249943,5.150000094999999,342308000.0,-0.6081054642073536,0
2017-11-03,5.157274723,5.21724987,5.21724987,5.133500098999999,5.179999828,353640000.0,1.3353385346025926,0
2017-11-06,5.180502892,5.240749836,5.249499798,5.167500019,5.179999828,389944000.0,0.4504282253209313,0
2017-11-07,5.239813328,5.300749779,5.322500229,5.25150013,5.263750076,427700000.0,1.1448732505384251,0
2017-11-08,5.168888092,5.229000092,5.300000191,5.181000233,5.296249866,522988000.0,-1.35357619188613,0
2017-11-09,5.073993206000001,5.132999897,5.158249854999999,5.009250164000001,5.131750107,978564000.0,-1.83591878582815,0
2017-11-10,5.34138298,5.40350008,5.466750145,5.290750027,5.327000141,1253256000.0,5.2698263866729045,0
2017-11-13,5.254642487,5.315750122,5.429249763,5.300250053000001,5.40350008,582376000.0,-1.6239466401562375,0
2017-11-14,5.292945862,5.354499817,5.3699998860000004,5.280749798,5.324999809,529292000.0,0.7289600547555564,0
2017-11-15,5.189151287,5.249499798,5.300000191,5.195000172,5.298749924,501948000.0,-1.9609678324506552,0
2017-11-16,5.229436398,5.290249825,5.355000019,5.28125,5.324500084,441768000.0,0.7762649503391783,0
2017-11-17,5.223257542,5.28399992,5.383749962,5.2687501910000005,5.34800005,515664000.0,-0.11814007290288364,0
2017-11-20,5.290475845,5.352000237,5.364250183,5.262499809000001,5.299749851,396100000.0,1.286909879438447,0
2017-11-21,5.339160919,5.401249885999999,5.413000107,5.360000134,5.392250061,399176000.0,0.9202101423598785,0
2017-11-22,5.315172671999999,5.373250008,5.425000191,5.340250015,5.425000191,356640000.0,-0.5183962710663459,0
2017-11-24,5.365372658,5.4239997859999995,5.425000191,5.364999771,5.389750004,180752000.0,0.9444894230575818,0
2017-11-27,5.295633793,5.353499889,5.434000015,5.350249767,5.432750225,422896000.0,-1.2997769133761605,0
2017-11-28,5.210812092,5.267749786000001,5.368249893,5.205999851,5.358749866,512752000.0,-1.6017578178378789,0
2017-11-29,4.857421875,4.91050005,5.252999783,4.780749798,5.250249862999999,1396788000.0,-6.781828114719057,0
2017-11-30,4.963514328,5.017749786,5.066999912,4.916250229,4.980000019,823768000.0,2.184089907503428,0
2017-12-01,4.888582230000001,4.941999912,5.003250122,4.811749935,4.982749939,811548000.0,-1.5096383285461923,0
2017-12-04,4.616061687,4.666500092,5.007500172,4.612500191,5.00124979,1240844000.0,-5.574662584089507,0
2017-12-05,4.642767906,4.693500042,4.817500114,4.514500141,4.559999943,981488000.0,0.5785910097009905,0
2017-12-06,4.68035984,4.731500149,4.753499985,4.620999812999999,4.642499924,467032000.0,0.8096326123352426,0
2017-12-07,4.747870445,4.799749851,4.840000153,4.752999783,4.798999786000001,542600000.0,1.4424537641497093,0
2017-12-08,4.735505104,4.787250042,4.86950016,4.778749943000001,4.850249767,466876000.0,-0.26042625945172926,0
2017-12-11,4.813898087,4.866499901,4.86950016,4.78550005,4.801499844,372748000.0,1.6554359664675333,0
2017-12-12,4.719430447,4.770999908,4.846000195,4.74725008,4.822500229000001,455016000.0,-1.9623958685455967,0
2017-12-13,4.604190826,4.654500008,4.81374979,4.646999836,4.8125,554280000.0,-2.4418340441519026,0
2017-12-14,4.61136055,4.66174984,4.733500004,4.614999771,4.647999763,438164000.0,0.15575963019740513,0
2017-12-15,4.737236977,4.789000034,4.809500217,4.640500069,4.706250191,670036000.0,2.729665862979891,0
2017-12-18,4.894023418,4.947500229,4.950500011,4.800000191,4.829999923999999,477704000.0,3.3096720374757194,0
2017-12-19,4.849757195,4.902750015,4.943250179,4.874000071999999,4.938000202,373100000.0,-0.9045015043697258,0
2017-12-20,4.866819859,4.920000076,4.951749802,4.863749981,4.942500114,288820000.0,0.35184459634334253,0
2017-12-21,4.844315529,4.897250175,4.948750019,4.888750076,4.923500061,300904000.0,-0.4623963546459109,0
2017-12-22,4.82898283,4.881750107,4.891250134,4.78125,4.860000134,466276000.0,-0.3165055377225001,0
2017-12-26,4.882647991000001,4.93599987,4.943749905,4.795499802,4.825749874000001,355080000.0,1.1112769357491281,0
2017-12-27,4.875968933,4.929249763,4.999249935,4.90775013,4.922500134,329488000.0,-0.1367525765352262,0
2017-12-28,4.881659508,4.934999943,4.984499931,4.928750038,4.953249931,240248000.0,0.11665426335591977,0
2017-12-29,4.78521204,4.837500095,4.961500168,4.837500095,4.961500168,279964000.0,-1.9756808333563969,0
2018-01-02,4.929879665,4.983749866,4.987500191,4.862500191,4.894499779,355616000.0,3.0232510207320207,0
2018-01-03,5.254335403,5.311749935,5.342500210000001,5.09375,5.102499962,914704000.0,6.581391077382781,0
2018-01-04,5.282032013,5.339749813000001,5.451250076000001,5.317249774999999,5.394000053,583268000.0,0.527130951995769,0
2018-01-05,5.326795101,5.385000228999999,5.422749996,5.27699995,5.354750156,580124000.0,0.8474257705826327,0
2018-01-08,5.4900107380000005,5.550000190999999,5.625,5.46449995,5.510000229,881216000.0,3.0640660164027445,0
2018-01-09,5.488528252,5.548500061,5.595499991999999,5.46600008,5.555500031,497000000.0,-0.027029368439157597,0
2018-01-10,5.531558037,5.592000008,5.595499991999999,5.400000095,5.454999924,582664000.0,0.7839947106742962,0
2018-01-11,5.541448116,5.602000237,5.656750202,5.580249786,5.625,406032000.0,0.1788309904451557,0
2018-01-12,5.51424551,5.574500084,5.624750137,5.533500195,5.590000153,359916000.0,-0.49089881893198406,0
2018-01-16,5.44327116,5.50274992,5.687749863,5.417250156,5.601250172,702348000.0,-1.2871138742277188,0
2018-01-17,5.557274818,5.618000031,5.627999783,5.422500134,5.517499924,538408000.0,2.0944093894057936,0
2018-01-18,5.550350666,5.611000061,5.665999889,5.566999912,5.598499775,408632000.0,-0.12459896691658923,0
2018-01-19,5.690568924,5.752749920000001,5.777249813,5.675000191,5.702250004,609380000.0,2.526285108874826,0
2018-01-22,5.779101372,5.84224987,5.843999863,5.702499866,5.760749817,550944000.0,1.5557768240340941,0
2018-01-23,5.908191204,5.972750187,5.99574995,5.877500057,5.896249771,475228000.0,2.2337339193607697,0
2018-01-24,5.831281185,5.894999981,6.012249947,5.838749886,5.975999832,579972000.0,-1.30174883538956,0
2018-01-25,5.844882011,5.908750057,5.993750095,5.893750191,5.949999809,409884000.0,0.23324980567120956,0
2018-01-26,6.017496586,6.083250046,6.083499908,5.940000057,5.953000069,516356000.0,2.953247088075295,0
2018-01-29,6.10454607,6.171249866,6.202750206,6.015250206,6.068500042,455116000.0,1.4465921889543987,0
2018-01-30,6.002410412,6.06799984,6.16050005,5.960249901,6.027750015,570832000.0,-1.6730812759478075,0
2018-01-31,6.078577995,6.144999981,6.231750011,6.111249924,6.144249916,478576000.0,1.2689542358326866,0
2018-02-01,5.947510719,6.012499809,6.172500134,5.951499939,5.962999821,519224000.0,-2.156227378513953,0
2018-02-02,5.774898052000001,5.837999821,5.949250221,5.779250145,5.925000191,718464000.0,-2.9022867949000886,0
2018-02-05,5.284753323,5.34250021,5.830749989,5.125,5.675000191,1165204000.0,-8.487489314707197,0
2018-02-06,5.578543186,5.639500140999999,5.642499924,5.099999904999999,5.110000134,1114800000.0,5.559193623316672,0
2018-02-07,5.658174038,5.719999790000001,5.874249935,5.667500019,5.739500046,802932000.0,1.4274252502407991,0
2018-02-08,5.379221915999999,5.438000202,5.88049984,5.437749863,5.847000122,1144000000.0,-4.930062908271548,0
2018-02-09,5.7392869,5.802000046,5.972249985,5.438000202,5.956250191,1674604000.0,6.693634249335401,0
2018-02-12,5.639131546,5.700749874,5.887000084,5.625750065,5.883999825,1093172000.0,-1.7450908513832797,0
2018-02-13,5.75288868,5.815750122,5.8625001910000005,5.631249905,5.664000033999999,625524000.0,2.0172828231684647,0
2018-02-14,5.970262527,6.03550005,6.064750195,5.763750076,5.775000095,744988000.0,3.778531116196393,0
2018-02-15,6.095890999,6.162499905,6.209249973,6.038000107,6.119750023,698900000.0,2.104214297869156,0
2018-02-16,6.030109406,6.096000195,6.25,6.086750031,6.135000229,637656000.0,-1.0791028158238847,0
2018-02-20,6.159692287,6.227000237,6.296750069,6.114999771,6.118750095,686240000.0,2.1489507514689254,0
2018-02-21,5.972489357,6.037749767,6.299250126,6.03399992,6.292250156,892292000.0,-3.039191629952076,0
2018-02-22,5.992037296,6.053750038,6.140749931,5.987500191,6.068250179,534364000.0,0.2650038775613206,0
2018-02-23,6.08557415,6.148250103,6.148250103,6.063000202,6.114250183,415300000.0,1.5610169631519843,0
2018-02-26,6.101658344,6.164500237,6.199500084,6.101500034,6.195000172,469312000.0,0.26430502545873313,0
2018-02-27,6.08878994,6.151500225,6.222750187,6.128250122,6.137499809,455436000.0,-0.2108850920626515,0
2018-02-28,5.988327026,6.050000191,6.202499866,6.038249969,6.162499905,523116000.0,-1.6500045564088461,0
2018-03-01,5.7460703849999994,5.805250168,6.102250099,5.703000069,6.047749996,1040120000.0,-4.045454797903824,0
2018-03-02,5.853216648,5.913499832,5.920000076,5.546249866,5.696499825,913428000.0,1.8646856012631385,0
2018-03-05,5.831193924,5.891250134,5.931250095,5.737999916,5.862750053,620776000.0,-0.37625261912750396,0
2018-03-06,5.992283344,6.053999901,6.073500156,5.934000015,5.977499962,636808000.0,2.7625675925849302,0
2018-03-07,5.984364986,6.046000004,6.098750114,5.948750019,5.949999809,581208000.0,-0.1321423378067621,0
2018-03-08,5.968033791,6.029500008,6.073750019,5.984749794,6.073750019,411912000.0,-0.2729076412352427,0
2018-03-09,6.070727825,6.133250237,6.146249771,6.06125021,6.077499866,505524000.0,1.7207103219561093,0
2018-03-12,6.180348873,6.243999958,6.324999809,6.166749954,6.175000191,605060000.0,1.805726437377042,0
2018-03-13,6.129619122,6.192749977,6.362500191,6.151000023,6.287250042,619772000.0,-0.8207876576670547,0
2018-03-14,6.155108929,6.218500137,6.263750076,6.155499935,6.236249924,505496000.0,0.41581139389830213,0
2018-03-15,6.169955254,6.233500004,6.315499783,6.190999985,6.232250214,401952000.0,0.24121358317177322,0
2018-03-16,6.198164463,6.262000084,6.28125,6.211999893,6.25,399456000.0,0.45720830964486314,0
2018-03-19,5.963581085,6.025000095,6.233749866,5.925000191,6.204500198,713772000.0,-3.7847330856088157,0
2018-03-20,6.175893784,6.239500046,6.278749943,6.027999878,6.027999878,554696000.0,3.560165105690327,0
2018-03-21,6.150653839,6.214000225,6.300000191,6.18324995,6.232999802,438688000.0,-0.4086837216444428,0
2018-03-22,5.984613419,6.046249866,6.197000027,6.008500099,6.150000095,551196000.0,-2.6995550841004357,0
2018-03-23,5.764877796,5.824250221,6.0625,5.813000202,6.059999943,735620000.0,-3.6716915430236474,0
2018-03-26,6.049693584,6.111999989,6.113249779,5.897500038,5.949999809,611424000.0,4.94054611463095,0
2018-03-27,5.580525875000001,5.638000011,6.25,5.496250153,6.193749905,1409000000.0,-7.755235256103987,0
2018-03-28,5.477338314,5.533750057,5.734749793999999,5.425000191,5.603250027,945904000.0,-1.8490591308372384,0
2018-03-29,5.730729103,5.789750099,5.8874998089999995,5.517499924,5.602749825,916628000.0,4.626158380177814,0
2018-04-02,5.46991539,5.526249886,5.866250038,5.4375,5.718500137000001,922092000.0,-4.551150023651484,0
2018-04-03,5.576319218,5.633749962,5.758749962,5.533750057,5.695000172,667432000.0,1.9452626684930863,0
2018-04-04,5.598342419,5.656000137,5.666500092,5.349999905000001,5.375249863,789168000.0,0.3949443115168316,0
2018-04-05,5.478081703,5.534500121999999,5.728250027,5.462250233,5.715000153,701240000.0,-2.148161457868092,0
2018-04-06,5.301647663,5.356249809,5.539999962,5.326749802,5.430749893,662988000.0,-3.2207120619880847,0
2018-04-09,5.33035183,5.385250092,5.549250126,5.364999771,5.420000076,499524000.0,0.5414288734493011,0
2018-04-10,5.639666557,5.697750092,5.724999905,5.560249805,5.618000031,761676000.0,5.802887417693592,0
2018-04-11,5.598342419,5.656000137,5.724500179,5.623000145,5.682750225,460244000.0,-0.7327445803321342,0
2018-04-12,5.805211544,5.864999771,5.882999897,5.705249786,5.75,593920000.0,3.6951843871569467,0
2018-04-13,5.72850132,5.787499905,5.937749863,5.738749981,5.929249763,503036000.0,-1.321395891321342,0
2018-04-16,5.728254318,5.787250042,5.821000099,5.691999912,5.794250011,350792000.0,-0.004317287327881836,0
2018-04-17,5.877961159,5.938499928,5.960000038,5.783750057,5.840000153,447224000.0,2.613501834244736,0
2018-04-18,5.849009991,5.909249783,5.981249809,5.819250107,5.887499809,391364000.0,-0.49255107105559137,0
2018-04-19,5.667628288,5.725999832,5.827499866,5.670000076,5.793749809,471996000.0,-3.101069640467413,0
2018-04-20,5.659462929,5.717750072,5.802499771000001,5.68625021,5.71724987,386200000.0,-0.14407544956420715,0
2018-04-23,5.539943218,5.597000122,5.787499905,5.570750237,5.735750198,427508000.0,-2.111843793091217,0
2018-04-24,5.47362566,5.53000021,5.719999789999999,5.464000225,5.623000145,414596000.0,-1.1970682604891314,0
2018-04-25,5.361282825,5.416500092,5.539500237,5.257500172,5.5,588492000.0,-2.0524432855310915,0
2018-04-26,5.573101521,5.63049984,5.638750076,5.513249874,5.579999924000001,375824000.0,3.950886077082716,0
2018-04-27,5.600568771,5.658249855,5.757500172,5.615499973,5.737500191,400848000.0,0.49285171456465715,0
2018-04-30,5.565184116,5.622499943,5.724999905,5.603000163999999,5.674749851,327844000.0,-0.6318192535879064,0
2018-05-01,5.620613098,5.678500175,5.681250095,5.554999828,5.614250183,253788000.0,0.9960023578073907,0
2018-05-02,5.600072861000001,5.65775013,5.719999789999999,5.631249905,5.675000191,268248000.0,-0.36541418262789893,0
2018-05-03,5.765371323,5.824749947,5.851250172,5.644249916,5.690000057,443144000.0,2.9517001133452236,0
2018-05-04,5.915574551,5.976500034,5.979750156,5.778250217,5.795750141,400660000.0,2.605263545745129,0
2018-05-07,6.153623581,6.217000008,6.274750233,6.072249889,6.082250118,687616000.0,4.0240939116842345,0
2018-05-08,6.196184158,6.260000229,6.262750149,6.167749882,6.21724987,506616000.0,0.6916554760280968,0
2018-05-09,6.329312325,6.394499779,6.396749973,6.25274992,6.280250072,596760000.0,2.148555033223798,0
2018-05-10,6.436955452,6.503250122,6.512499809,6.429999828,6.447999954,994080000.0,1.7006856948708293,0
2018-05-11,6.298382282,6.363249779,6.494750023,6.263500214,6.319499969,1214456000.0,-2.152775002861862,0
2018-05-14,6.318919659,6.383999825,6.462250233,6.360000134,6.401750088,523140000.0,0.32609196119377515,0
2018-05-15,6.0764184,6.138999939,6.322500229,6.037499905,6.319749832,963528000.0,-3.8377176177319283,0
2018-05-16,6.087553501,6.150249958,6.212999821,6.062749863,6.099999905,553828000.0,0.18325491304422847,0
2018-05-17,6.129619122,6.192749977,6.287499905,6.135749817,6.15199995,519784000.0,0.6910291336162278,0
2018-05-18,6.085822582,6.148499966,6.309249878,6.143499851,6.245250225,483716000.0,-0.7145454146275099,0
2018-05-21,6.043753624,6.105999947,6.250750065,6.012249947,6.247000217,640624000.0,-0.6912258149957995,0
2018-05-22,6.005646706,6.067500114,6.144999981,6.006249905,6.11950016,518264000.0,-0.6305246206055881,0
2018-05-23,6.129201889,6.188499928,6.189750195,6.006249905,6.006999969,442956000.0,1.9942284586168757,0
2018-05-24,6.13291502,6.192249775,6.235000134,6.131000042,6.18475008,437372000.0,0.060593795647201354,0
2018-05-25,6.172286034,6.231999874,6.24849987,6.169000149,6.204999924,292112000.0,0.641933068664069,0
2018-05-29,6.155200481,6.214749813,6.283500195,6.167500019,6.213749886,352684000.0,-0.2767981602818659,0
2018-05-30,6.264146805,6.324749947,6.333499908,6.223750114,6.24875021,390996000.0,1.7699849118608446,0
2018-05-31,6.244338036,6.304749966,6.380000114,6.281750202,6.292500019,493868000.0,-0.31621773457599645,0
2018-06-01,6.378787041,6.440499783,6.446750164,6.341249943,6.349999905,421968000.0,2.153135615719348,0
2018-06-04,6.557804585,6.621250153,6.643499851,6.442500114,6.474999905,642024000.0,2.806464965298172,0
2018-06-05,6.563252449,6.626749992,6.664750099,6.579249859,6.624499798,391712000.0,0.08306345286634986,0
2018-06-06,6.565232277,6.628749847,6.631999969,6.519249916,6.535749912,371356000.0,0.030178518918244635,0
2018-06-07,6.509522915,6.572500229,6.637000084,6.481249809,6.625,369448000.0,-0.848570534389026,0
2018-06-08,6.494170666,6.55700016,6.599999905,6.480000019,6.499000072,360456000.0,-0.2358321561041321,0
2018-06-11,6.453068256,6.515500069,6.586249828,6.502500057,6.544250011,265372000.0,-0.6329127647909161,0
2018-06-12,6.501599789,6.564499855,6.576749802,6.491499901,6.542250156,319160000.0,0.7520495047361964,0
2018-06-13,6.497142315,6.559999943,6.641749859,6.550749779,6.565999985,338208000.0,-0.06854919794951897,0
2018-06-14,6.608811855,6.672749996,6.730000019,6.590499878,6.605500221,430016000.0,1.7187508228611037,0
2018-06-15,6.567956448,6.631499767,6.686999798,6.583749771,6.614999771,432260000.0,-0.61818933760035,0
2018-06-18,6.563748837,6.627250195,6.644999981,6.559500217,6.586999893,356268000.0,-0.06408161274689128,0
2018-06-19,6.441926479,6.50425005,6.59100008,6.375500202,6.522999763,594932000.0,-1.8559755763076446,0
2018-06-20,6.494913578,6.557750225,6.611249924,6.506999969,6.545750141,369780000.0,0.8225417932694823,0
2018-06-21,6.366159916,6.427750111,6.608500004,6.420000076,6.590000153,359516000.0,-1.982388922109346,0
2018-06-22,6.213635445,6.273749828,6.462250233,6.258250237,6.448750019,434160000.0,-2.3958660548495048,0
2018-06-25,5.92071867,5.978000164,6.170000076,5.888500214,6.166250229,665816000.0,-4.7140812450005125,0
2018-06-26,5.991781712,6.049749851,6.141250134,5.997749805,6.09250021,478884000.0,1.2002289232456276,0
2018-06-27,5.836534977,5.893000126,6.160749912,5.887499809,6.09375,453892000.0,-2.5910116758644186,0
2018-06-28,5.963802814,6.021500111,6.033500195,5.875249863,5.882999897,338012000.0,2.1805528975479938,0
2018-06-29,5.865750313,5.922500134,6.099999905,5.921249866,6.087250233,392300000.0,-1.6441081985392292,0
2018-07-02,5.997972488,6.056000233,6.05975008,5.831500053,5.852250099,357572000.0,2.2541172812069687,0
2018-07-03,5.864264965,5.921000004,6.097000122,5.912499905,6.09100008,222732000.0,-2.2291978831897152,0
2018-07-05,6.010104656,6.068250179,6.073249817,5.9375,5.976749897,306216000.0,2.4869139486661584,0
2018-07-06,6.12400198,6.18324995,6.19175005,6.021999836,6.043499947,296352000.0,1.8951059631320488,0
2018-07-09,6.171541214,6.231249809,6.268000126,6.151750088,6.258250237,303880000.0,0.7762885115132789,0
2018-07-10,6.27058363,6.331250191,6.353499889,6.203000069,6.243750095,360016000.0,1.604820622912051,0
2018-07-11,6.128954411,6.188250065,6.272500038,6.177499771,6.237500191,367508000.0,-2.2586396317630486,0
2018-07-12,6.22056675,6.280749798,6.329249859,6.223999977,6.234000206,345508000.0,1.494763980582614,0
2018-07-13,6.173275471,6.232999802,6.299499989,6.190499783,6.299499989,246988000.0,-0.7602594839107524,0
2018-07-16,6.145543098,6.204999924,6.258500099,6.192500114,6.204999924,197036000.0,-0.44921994046936975,0
2018-07-17,6.281477928,6.34224987,6.357500076,6.129499912,6.155250072,362136000.0,2.211925023063066,0
2018-07-18,6.232204437,6.292500019,6.348750114,6.241000175,6.334750175,277640000.0,-0.7844195990341807,0
2018-07-19,6.240375519,6.300749779,6.334750175,6.258250237,6.273499966,235752000.0,0.13110464799508392,0
2018-07-20,6.212149143,6.272250175,6.337500095,6.261250019,6.298250198,222352000.0,-0.45232083481536733,0
2018-07-23,6.175504208,6.235249996,6.24725008,6.081999779,6.245500088,301584000.0,-0.5899027935377221,0
2018-07-24,6.1581707,6.217750072,6.371250153,6.199999809,6.283750057,354620000.0,-0.2806611444805984,0
2018-07-25,6.236413956,6.296750069,6.309500217,6.168749809,6.227250099,319112000.0,1.270556006355994,0
2018-07-26,6.309952736,6.370999813,6.408249855,6.259500027,6.276500225,325124000.0,1.1791756570670442,0
2018-07-27,6.240128517,6.300499916,6.414999962,6.245999813,6.407999992,295420000.0,-1.1065750913403782,0
2018-07-30,6.04476881,6.103250027,6.320750237,6.06799984,6.314750195,340340000.0,-3.1307021923623557,0
2018-07-31,6.062844276,6.121500015,6.197000027,6.053500175,6.092750072,283988000.0,0.29902081545511994,0
2018-08-01,6.102707386,6.16174984,6.209000111,6.097249985,6.153250217,283556000.0,0.6575157216592853,0
2018-08-02,6.205464363,6.265500069,6.269499779,6.030250072,6.089749813,269668000.0,1.6837786618094874,0
2018-08-03,6.242111206,6.302499771,6.326499939,6.273250103,6.290249825,214288000.0,0.590530709321424,0
2018-08-06,6.289896488,6.350749969,6.354249954,6.242750168,6.289750099,207508000.0,0.7655723879914422,0
2018-08-07,6.362196922,6.423749924,6.442500114,6.373000145,6.400000095,258132000.0,1.1494698320093866,0
2018-08-08,6.398594379,6.460499763,6.506000042,6.389750004,6.425000191,262100000.0,0.5720932389148059,0
2018-08-09,6.350065708,6.411499977,6.481249809,6.403749943,6.478499889,204280000.0,-0.7584519433098125,0
2018-08-10,6.308713913,6.369750023,6.402500153,6.317500114,6.328750134,256396000.0,-0.6511729571827218,0
2018-08-13,6.341646671,6.402999878,6.525000095,6.376749992,6.378499985,375208000.0,0.5219962303063763,0
2018-08-14,6.473124027,6.535749912,6.550000191,6.425499916,6.509500027,466220000.0,2.0732474860122085,0
2018-08-15,6.414937019,6.477000237,6.59100008,6.397500038,6.556749821,591136000.0,-0.8988972312439891,0
2018-08-16,6.374330044,6.43599987,6.550000191,6.375249863,6.547500134,801260000.0,-0.6330147521963148,0
2018-08-17,6.061852932,6.120500088,6.324250221,6.093249798,6.323500156,1143188000.0,-4.902109825555357,0
2018-08-20,6.136630058,6.196000099,6.329999924,5.967999935,6.079500198,854388000.0,1.2335595117141995,0
2018-08-21,6.272316456,6.333000183,6.337500095,6.192500114,6.212500095,673988000.0,2.211105258408752,0
2018-08-22,6.50754118,6.570499897,6.575500011,6.296500206,6.300000191,749856000.0,3.7501927544157265,0
2018-08-23,6.607078075,6.671000004,6.736999989,6.517499924,6.531499863,720684000.0,1.529565612593431,0
2018-08-24,6.740289211,6.805500031,6.820250034,6.675000191,6.679500103,531512000.0,2.0161898803680467,0
2018-08-27,6.831408501,6.897500038,6.972499847,6.803750038,6.835499763,505776000.0,1.3518478668860023,0
2018-08-28,6.793772221,6.859499931,6.914500237,6.738249779,6.891499996,475384000.0,-0.5509257961674341,0
2018-08-29,6.899309158,6.962250233,6.987500191,6.827000141,6.84800005,420108000.0,1.497927006830957,0
2018-08-30,6.882463932,6.945250034,7.043000221,6.907999992,6.930749893,346608000.0,-0.24417678812262977,0
2018-08-31,6.95356369,7.017000198,7.03000021,6.914999962,6.925000191,306592000.0,1.03308251896983,0
2018-09-04,7.028383255,7.09250021,7.13049984,6.974999905,7.003749847,391720000.0,1.0759585274277006,0
2018-09-05,6.897573948,6.960499763,7.110499859,6.878749847,7.074749947,393156000.0,-1.8611271496881687,0
2018-09-06,6.756363392,6.81799984,6.946499825,6.784749985,6.943999767,322796000.0,-2.0472656828104285,0
2018-09-07,6.735058308,6.796500206,6.923250198,6.679749966,6.724999905,295420000.0,-0.3153363817034016,0
2018-09-10,6.806159019,6.868249893,6.898250103,6.775000095,6.819250107,220140000.0,1.0556857915881235,0
2018-09-11,6.758345127,6.820000172,6.909999847,6.800499916,6.821499825,243112000.0,-0.702503865637949,0
2018-09-12,6.64438343,6.704999924,6.799499989,6.547999859,6.77974987,419092000.0,-1.6862206026349136,0
2018-09-13,6.722175598,6.783500195,6.875,6.754000187,6.771500111,305536000.0,1.1707721385501468,0
2018-09-14,6.848275185,6.910749912,6.977499962,6.837500095,6.874750137,386936000.0,1.8758710598076433,0
2018-09-17,6.78633976,6.848249912,6.934500217,6.828750134,6.885000229,205528000.0,-0.904388102533904,0
2018-09-18,6.714245796,6.775499821,6.955999851,6.768750191,6.852250099,299520000.0,-1.0623165324694317,0
2018-09-19,6.738029957,6.799499989,6.817500114,6.706250191,6.756750107,224860000.0,0.35421988980965935,0
2018-09-20,6.596818447,6.657000065,6.718999863,6.602499962,6.676249981,430584000.0,-2.095741219656322,0
2018-09-21,6.526708603,6.586249828,6.715000153,6.552750111,6.669000149,435128000.0,-1.0627945968031183,0
2018-09-24,6.582448959,6.642499924,6.645999908,6.467000008,6.554999828,293912000.0,0.8540534821631862,0
2018-09-25,6.649587154,6.710249901,6.735499859,6.622749805,6.709249973,280388000.0,1.0199469744096357,0
2018-09-26,6.61267519,6.672999859,6.756000042,6.657000065,6.715250015,268548000.0,-0.5551215312331159,0
2018-09-27,6.624564171,6.684999943,6.730000019,6.653250217,6.708499908,214428000.0,0.17983042489977397,0
2018-09-28,6.961986542,7.025499821,7.047999859,6.789999962,6.818250179,709396000.0,5.093491112988624,0
2018-10-01,7.16860342,7.234000206,7.301499844,7.065000057,7.104000092,622060000.0,2.9677658574094545,0
2018-10-02,7.097254753,7.162000179,7.318999767,7.139500141,7.206250191,383964000.0,-0.9953003172474717,0
2018-10-03,7.103447437,7.168250084,7.240499973,7.063250065,7.232999802,320552000.0,0.08726479815410748,0
2018-10-04,6.919127464,6.982250214,7.15625,6.904500008,7.131750107,391220000.0,-2.594773728879307,0
2018-10-05,6.685508251,6.746500015,7.019999981,6.688499928,6.957250118,426636000.0,-3.3764215227821692,0
2018-10-08,6.584183693,6.644249916,6.778999805,6.501999855,6.662499905,408612000.0,-1.5156021458928248,0
2018-10-09,6.578486919,6.638500214,6.718999863,6.570000172,6.62349987,273500000.0,-0.08653651010559482,0
2018-10-10,6.08672142,6.142250061,6.577750206,6.139999866,6.531499863,684940000.0,-7.475335346882305,0
2018-10-11,5.825109482,5.878250122,6.18900013,5.856500149,6.054249763,725436000.0,-4.298098194931188,0
2018-10-12,6.107779026,6.163499832,6.238500118,5.991250038,6.137750149,608236000.0,4.852629678557263,0
2018-10-15,5.831302166,5.884500027,6.150000095,5.883500099,6.150000095,449760000.0,-4.526645779261229,0
2018-10-16,6.090191364,6.145750046,6.157000065,5.948500156,5.998250008,408712000.0,4.43962983773134,0
2018-10-17,6.021565437,6.076499939,6.247000217,6.02699995,6.208499908,329668000.0,-1.1267966721990597,0
2018-10-18,5.934113979,5.988249779,6.185249805,5.927249908,6.146500111,524020000.0,-1.4523189481759902,0
2018-10-19,5.677456379,5.729249954,6.06374979,5.692500114,6.044000149,613608000.0,-4.325133963320605,0
2018-10-22,5.72824192,5.780499935,5.882999897,5.676750182999999,5.782000065,368844000.0,0.8945321187150856,0
2018-10-23,5.4765391349999994,5.526500225000001,5.604750156,5.417749881999999,5.510749817,626436000.0,-4.394078589328787,0
2018-10-24,4.940182209,4.985249996,5.534749985,4.971250057,5.487750053,884288000.0,-9.793724906615742,0
2018-10-25,5.149025917000001,5.196000099000001,5.243750094999999,4.842000008,4.886750221,951720000.0,4.22747310905367,0
2018-10-26,4.912435532,4.957250118000001,5.120999813,4.828000069,4.957749844,664784000.0,-4.59488022423149,0
2018-10-29,4.598548889,4.640500069,5.103250027,4.400249958,5.099750042,758016000.0,-6.389632184381144,0
2018-10-30,5.029120445,5.0749998089999995,5.085000038,4.640500069,4.663750172,807192000.0,9.363209428712116,0
2018-10-31,5.223100662,5.270750046,5.314750195,5.100249767,5.241250038,745772000.0,3.8571476722591536,0
2018-11-01,5.403454781,5.452750206,5.462250233,5.179749965999999,5.307499886,566528000.0,3.4530220255487354,0
2018-11-02,5.324426173999999,5.373000145000001,5.550000191,5.255249977,5.443250179,452960000.0,-1.462565824347617,0
2018-11-05,5.246387482,5.294250011,5.383250237,5.131999969,5.359749794,379332000.0,-1.4656640959387124,0
2018-11-06,5.228800297,5.276500225,5.371250153,5.238999844,5.286250114,299012000.0,-0.33526535322511153,0
2018-11-07,5.296432018,5.344749927999999,5.435249805,5.279500008,5.34375,483812000.0,1.2934653669989915,0
2018-11-08,5.10319519,5.149750233000001,5.285749912,5.095749854999999,5.284999847,511352000.0,-3.6484344006150415,0
2018-11-09,5.095265388,5.141749858999999,5.232999802,5.026000023,5.059999943,413240000.0,-0.15535460241805632,0
2018-11-12,4.695662022,4.738500118,5.071750164,4.716499805,5.049499989000001,617116000.0,-7.842655750632455,0
2018-11-13,4.937704086,4.982749939,5.105249881999999,4.830999851,4.837250233,644712000.0,5.154580878286241,0
2018-11-14,4.885183334,4.929749966,5.171999931,4.820750237,5.15749979,526580000.0,-1.0636691314803604,0
2018-11-15,5.014008044999999,5.059750079999999,5.132500172,4.8874998089999995,4.923749924000001,840708000.0,2.637052891051228,0
2018-11-16,4.073586464,4.110750198,4.266499996,4.040249825,4.083000183,1963520000.0,-18.755864756071116,0
2018-11-19,3.584796667,3.617500067,4.045499802,3.615750074,4.044750214,1697820000.0,-11.999029550372109,0
2018-11-20,3.6933066839999995,3.726999998,3.85649991,3.3327500820000004,3.351500034,1692032000.0,3.0269503516777707,0
2018-11-21,3.5850450990000002,3.6177499290000004,3.882499933,3.5902500150000005,3.8654999730000004,1025496000.0,-2.931313900150967,0
2018-11-23,3.5922291279999996,3.625,3.7397499080000003,3.5697500709999996,3.5827500820000004,411968000.0,0.20040276808197532,0
2018-11-26,3.7916598320000006,3.826250076,3.8367500309999993,3.664000034,3.7472500800000006,814832000.0,5.551726234482768,0
2018-11-27,3.808506489,3.8432500360000006,3.925250053,3.763750076,3.7999999520000003,738060000.0,0.4442981943765689,0
2018-11-28,3.965572119,4.001749992,4.006999969,3.828249931,3.9619998929999998,804524000.0,4.124112522352674,0
2018-11-29,3.902335882,3.9340000150000005,4.037499905,3.9035000800000006,4.0,549172000.0,-1.6930087370635394,0
2018-11-30,4.052864075,4.085750103,4.09649992,3.892999887,3.943749905,729564000.0,3.85739927354829,0
2018-12-03,4.216784477,4.250999928,4.367000103,4.183499813,4.315000057,890804000.0,4.044540680025044,0
2018-12-04,3.8961360450000004,3.927750111,4.210999966,3.912499905,4.205999851,812112000.0,-7.604088978474333,0
2018-12-06,3.925399542,3.957250118,3.9622499940000004,3.7702500820000004,3.7860000130000007,692308000.0,0.7510662890030328,0
2018-12-07,3.6605474949999994,3.6902499199999994,3.971750021,3.640500069,3.9614999290000004,681676000.0,-6.747114537580523,0
2018-12-10,3.7659428120000005,3.796499968,3.8215000630000002,3.6412498949999996,3.644999981,629472000.0,2.8792100888386463,0
2018-12-11,3.674931765,3.7047500610000004,3.8972499369999998,3.625,3.8889999389999996,671912000.0,-2.416697162474468,0
2018-12-12,3.6925387379999997,3.722500086,3.8194999690000007,3.620500088,3.710500002,654136000.0,0.47911531703190846,0
2018-12-13,3.6922905450000005,3.7222499849999995,3.834500074,3.686000109,3.769750118,471384000.0,-0.006718629797775044,0
2018-12-14,3.63178134,3.6612501139999996,3.7647500039999997,3.6375000479999997,3.6802499290000004,471820000.0,-1.6387902813034705,0
2018-12-17,3.56060791,3.5894999500000004,3.7037498949999996,3.530999899,3.631000042,662868000.0,-1.959717631025526,0
2018-12-18,3.6439325809999996,3.6735000610000004,3.758249998,3.6062500479999997,3.6337499619999996,564372000.0,2.340161921439776,0
2018-12-19,3.4348781109999997,3.462749958,3.693500042,3.410749912,3.639499903,745364000.0,-5.73703823330357,0
2018-12-20,3.3503155709999994,3.3775000570000007,3.545000076,3.3172500130000007,3.454250097,749588000.0,-2.4619132780016817,0
2018-12-21,3.213177204,3.239249945,3.4375,3.2114999290000004,3.4042499070000005,863740000.0,-4.09326749568727,0
2018-12-24,3.1514291760000006,3.177000046,3.2495000360000006,3.1124999520000003,3.162250042,463840000.0,-1.9217380584072297,0
2018-12-26,3.300718784,3.3275001050000004,3.328500032,3.111500025,3.2235000130000007,695100000.0,4.737175222565293,0
2018-12-27,3.252855778,3.2792499070000005,3.309499979,3.129499912,3.2747499940000004,637044000.0,-1.4500434703968224,0
2018-12-28,3.3143572809999995,3.3412499429999993,3.4347500800000006,3.257750034,3.2999999520000003,628728000.0,1.8906773731289128,0
2018-12-31,3.3106379510000004,3.337500095,3.417749882,3.306499958,3.38499999,465140000.0,-0.11222889828567117,0
2019-01-02,3.378089666,3.405499935,3.4619998929999998,3.2512500289999995,3.266000032,508752000.0,2.03744833151831,0
2019-01-03,3.173995495,3.199749947,3.378999949,3.1922500130000007,3.3447499280000006,705552000.0,-6.041697017386671,0
2019-01-04,3.3773455620000004,3.404750109,3.4432499409999995,3.242500067,3.273499966,585620000.0,6.406755696400679,0
2019-01-07,3.5561449530000004,3.5850000380000004,3.6222500800000006,3.410749912,3.462500095,709160000.0,5.294072199998867,0
2019-01-08,3.467613459,3.4957499500000004,3.669500113,3.4224998949999996,3.6672499179999996,786016000.0,-2.489542177237769,0
2019-01-09,3.535810232,3.5645000929999995,3.61225009,3.4965000150000005,3.5474998949999996,617260000.0,1.9666779370189236,0
2019-01-10,3.6015267370000004,3.6307499409999995,3.639499903,3.483999968,3.545000076,523156000.0,1.8586013822836422,0
2019-01-11,3.6908028129999995,3.7207500929999995,3.743750095,3.580250025,3.608249903,874764000.0,2.4788309154447408,0
2019-01-14,3.7307288649999997,3.7609999179999996,3.786499977,3.6442499159999997,3.6679999829999996,730168000.0,1.0817664178984776,0
2019-01-15,3.7165935040000004,3.7467501159999994,3.83375001,3.7282500269999996,3.79399991,617012000.0,-0.37888333716257216,0
2019-01-16,3.6910510060000004,3.720999956,3.8074998860000004,3.7155001159999994,3.7742500309999993,470104000.0,-0.6872665430778802,0
2019-01-17,3.762471199,3.7929999829999996,3.833250046,3.660249949,3.687750101,493436000.0,1.9349644679221845,0
2019-01-18,3.89167285,3.9232499599999997,3.9495000840000003,3.79124999,3.8432500360000006,651336000.0,3.433956698754881,0
2019-01-22,3.689314842,3.7192499639999994,3.9045000079999994,3.6887500289999995,3.892750025,661552000.0,-5.199770549414606,0
2019-01-23,3.702209711,3.732249975,3.864500046,3.700750113,3.775000095,591020000.0,0.3495331350630515,0
2019-01-24,3.9142398830000005,3.946000099,3.9637498860000004,3.812750101,3.8175001139999996,708972000.0,5.727111673435004,0
2019-01-25,3.971524715,4.003749847,4.021999836,3.7825000289999995,3.8859999179999996,1154572000.0,1.4635009262831788,0
2019-01-28,3.422480106,3.45024991,3.540999889,3.275000095,3.413749933,2511528000.0,-13.824538448992662,0
2019-01-29,3.2635192869999994,3.2899999619999996,3.4525001050000004,3.275249958,3.4037499429999993,1153932000.0,-4.644589585685988,0
2019-01-30,3.407104015,3.4347500800000006,3.4492499829999996,3.286499977,3.366750002,974228000.0,4.399699686075564,0
2019-01-31,3.56482482,3.59375,3.6297500130000007,3.4094998840000006,3.431499958,842852000.0,4.6291554347965835,0
2019-02-01,3.589128017,3.6182498929999998,3.669749975,3.5645000929999995,3.6124999520000003,625048000.0,0.6817361530434773,0
2019-02-04,3.699482441,3.729500055,3.7669999599999997,3.611999989,3.634249926,528592000.0,3.0746953717936565,0
2019-02-05,3.718576908,3.7487499710000005,3.785749912,3.707499981,3.741499901,542424000.0,0.5161527206358985,0
2019-02-06,3.7942135330000006,3.8250000479999997,3.8900001050000004,3.776750088,3.7822499280000006,702464000.0,2.0340134068653315,0
2019-02-07,3.6558358670000004,3.6854999070000005,3.780499935,3.6422500610000004,3.778249979,637120000.0,-3.6470624640368654,0
2019-02-08,3.6744348999999996,3.704250097,3.714999914,3.6032500269999996,3.6177499290000004,461604000.0,0.5087556769269419,0
2019-02-11,3.63178134,3.6612501139999996,3.7144999500000004,3.6124999520000003,3.6597499849999995,495180000.0,-1.160828288425364,0
2019-02-12,3.748830795,3.7792499070000005,3.795000076,3.6854999070000005,3.7000000479999997,591060000.0,3.2229372297945202,0
2019-02-13,3.791237593,3.8220000269999996,3.895750046,3.7952499389999996,3.8090000150000005,605372000.0,1.1311800238670955,0
2019-02-14,3.832155704,3.8632500170000004,3.891750097,3.777499914,3.821000099,827264000.0,1.0792775957246148,0
2019-02-15,3.9018402099999996,3.933500051,4.096749783,3.9105000499999996,4.073750019,1516748000.0,1.8184180079173995,0
2019-02-19,3.8844807150000005,3.915999889,3.9972500800000006,3.9035000800000006,3.9227499960000003,551892000.0,-0.4449005153959851,0
2019-02-20,3.9318461419999995,3.9637498860000004,4.031499863,3.9342501159999994,3.9454998969999995,540988000.0,1.2193564441645988,0
2019-02-21,3.8629059790000007,3.8942499159999997,4.00124979,3.879499912,3.976500034,448548000.0,-1.7533893913305287,0
2019-02-22,3.947717428,3.9797499179999996,3.9987499710000005,3.9327499869999993,3.9465000630000002,401740000.0,2.1955448120756893,0
2019-02-25,3.9353187080000005,3.967250109,4.131999969,3.9584999080000003,4.06400013,656020000.0,-0.31408528821030846,0
2019-02-26,3.895888329,3.92750001,4.019000053,3.8937499520000003,3.962500095,488464000.0,-1.0019559621366914,0
2019-02-27,3.853979111,3.8852500919999997,3.939749956,3.827749968,3.9130001070000002,500256000.0,-1.075745840672826,0
2019-02-28,3.8294024469999997,3.85649991,3.8975000380000004,3.834000111,3.875,324944000.0,-0.739982789246918,0
2019-03-01,3.8837680819999996,3.9112501139999996,3.9537498949999996,3.8480000499999996,3.9067499639999994,357188000.0,1.4196863808561444,0
2019-03-04,3.891959667,3.919500113,3.9730000499999996,3.8624999520000003,3.9500000479999997,409992000.0,0.21092997787253154,0
2019-03-05,3.885505199,3.9130001070000002,3.9514999389999996,3.848999977,3.9037499429999993,362924000.0,-0.16583762756993137,0
2019-03-06,3.77454114,3.801249981,3.912499905,3.7985000610000004,3.904000044,403524000.0,-2.855868207110168,0
2019-03-07,3.705281019,3.73149991,3.787250042,3.6849999429999993,3.777499914,450104000.0,-1.8349245997667962,0
2019-03-08,3.7395384309999997,3.766000032,3.776750088,3.6199998860000004,3.6414999960000003,422416000.0,0.9245644601931557,0
2019-03-11,4.000194073,4.02850008,4.051499844,3.742249966,3.789750099,859728000.0,6.9702614383833295,0
2019-03-12,4.034451962,4.063000202,4.109749794,3.9797499179999996,4.056499958,579576000.0,0.8564011745036293,0
2019-03-13,4.185879707,4.215499878,4.244999886,4.093249798,4.100749969,768900000.0,3.753376037858258,0
2019-03-14,4.109917641,4.138999939,4.236750126,4.131249905,4.224750042,519384000.0,-1.8147299540735684,0
2019-03-15,4.215421677,4.245250225,4.288249969,4.178999901,4.182499886,661484000.0,2.567052127709646,0
2019-03-18,4.19407177,4.223750114,4.331250191,4.196499825,4.27699995,486992000.0,-0.5064509713323173,0
2019-03-19,4.36188364,4.392749786,4.4375,4.302000046,4.318999767,854972000.0,4.001175908580268,0
2019-03-20,4.329364777,4.360000134,4.475749969,4.324999809,4.421999931,719148000.0,-0.7455387535246327,0
2019-03-21,4.566189766,4.598499775,4.625,4.378250122,4.383250237,824312000.0,5.470175084173512,0
2019-03-22,4.406318665,4.4375,4.619999886,4.423500061,4.571000099,747644000.0,-3.50113695504094,0
2019-03-25,4.313972473,4.344500065,4.461249828,4.277750015,4.396500111,525212000.0,-2.0957731830985926,0
2019-03-26,4.39068079,4.421750069,4.543749809,4.364999771,4.487249851,703508000.0,1.7781103198118986,0
2019-03-27,4.381495953,4.412499905,4.494249821,4.34250021,4.447500229,474372000.0,-0.20919689841475408,0
2019-03-28,4.400114059,4.431250095,4.497499943,4.37774992,4.43874979,480264000.0,0.4249334935679805,0
2019-03-29,4.457456589,4.488999844,4.513500214,4.447750092,4.49849987,456896000.0,1.3032383133861458,0
2019-04-01,4.524981022,4.55700016,4.587500095,4.509250164,4.581500053,483824000.0,1.5148210818249241,0
2019-04-02,4.542854786,4.574999809,4.619750023,4.538000107,4.581250191,440920000.0,0.39498899205656635,0
2019-04-03,4.682366371,4.715499878,4.775000095,4.619999886,4.625,783504000.0,3.0710398877745515,0
2019-04-04,4.673429012,4.706500053,4.749249935,4.643249989,4.699999809,457376000.0,-0.19085622379058087,0
2019-04-05,4.740208149,4.773749828,4.791250229,4.71325016,4.75,481744000.0,1.4288701634483925,0
2019-04-08,4.761060238,4.794750214,4.820000172,4.71875,4.743000031,424192000.0,0.43991383622208335,0
2019-04-09,4.698255062,4.731500149,4.772250175,4.68900013,4.761000156,439972000.0,-1.3191524516817932,0
2019-04-10,4.768754959,4.802499771,4.828499794,4.726250172,4.730750084,444772000.0,1.5005731747679496,0
2019-04-11,4.754852772,4.788499832,4.836750031,4.738749981,4.804999828,374600000.0,-0.29151357975150116,0
2019-04-12,4.716873646,4.750249863,4.831500053,4.741499901,4.827499866,471708000.0,-0.798788145389262,0
2019-04-15,4.585055351,4.617499828,4.747499943,4.577499866,4.742499828,440092000.0,-2.794590575834721,0
2019-04-16,4.672188282,4.705249786,4.72424984,4.624000072,4.657000065,394964000.0,1.900378154166793,0
2019-04-17,4.649350643,4.682250023,4.761499882,4.659749985000001,4.740499973,351004000.0,-0.4888106699124428,0
2019-04-18,4.624774456,4.65749979,4.723249912,4.629499912,4.68900013,380988000.0,-0.5285969967093296,0
2019-04-22,4.678642273,4.711750031,4.727499962,4.602000237,4.633749962,279936000.0,1.1647932033508557,0
2019-04-23,4.733256817,4.766749859,4.798250198,4.715250014999999,4.724999905,346856000.0,1.1672908715050667,0
2019-04-24,4.745668888,4.779250145,4.820250034,4.71600008,4.777249813,318204000.0,0.26223918539376445,0
2019-04-25,4.639916897,4.672749996,4.761250019,4.59250021,4.738749981,499296000.0,-2.228386164541285,0
2019-04-26,4.420967579,4.452250004,4.522250175,4.332499981,4.517749786,868988000.0,-4.718848476566362,0
2019-04-29,4.451748848,4.483250141,4.511250019,4.387499809,4.460249901,391920000.0,0.6962802397023848,0
2019-04-30,4.493205547,4.525000095,4.550749779,4.431499958,4.450749874,362920000.0,0.9312430198393562,0
2019-05-01,4.480048656,4.511750221,4.620250225,4.511499882,4.577750206,354280000.0,-0.29281488888014406,0
2019-05-02,4.547571182,4.579750061,4.621749878,4.478000164,4.521500111,394684000.0,1.5071720877519956,0
2019-05-03,4.543102741,4.575250149,4.598249912,4.513249874,4.58825016,336824000.0,-0.09825671576098038,0
2019-05-06,4.46465826,4.496250153,4.508500099,4.349999905,4.387499809,422176000.0,-1.7266814584393164,0
2019-05-07,4.29734087,4.327750206,4.447500229,4.279250145,4.447500229,555220000.0,-3.7475661110085934,0
2019-05-08,4.317450047,4.34800005,4.428750038,4.288000107,4.300000191,419168000.0,0.46790695017298045,0
2019-05-09,4.224854469,4.254749775,4.288249969,4.135000229,4.27850008,660248000.0,-2.144670513515745,0
2019-05-10,4.190845013,4.220499992,4.289750099,4.099999905,4.223750114,569500000.0,-0.8049776088183691,0
2019-05-13,3.9334166049999997,3.961250067,4.110750198,3.945250034,4.087500095,656912000.0,-6.142635362905125,0
2019-05-14,4.02253437,4.051000118,4.086500168,3.9622499940000004,4.00124979,524880000.0,2.2657002078127153,0
2019-05-15,3.961468697,3.989500046,4.026249886,3.935250044,3.9949998860000004,502320000.0,-1.518145401347537,0
2019-05-16,3.9766108990000006,4.004749775,4.047749996,3.941250086,3.983999968,781088000.0,0.38224661797634507,0
2019-05-17,3.885753632,3.9132499690000007,4.092750072,3.873500109,3.962500095,1022068000.0,-2.2847820997754953,0
2019-05-20,3.76709342,3.7937500479999997,3.8692500590000005,3.7687499520000003,3.8137500289999995,572064000.0,-3.053725725334566,0
2019-05-21,3.8492622379999997,3.876499891,3.892499924,3.8159999849999995,3.855000019,361848000.0,2.181214944395826,0
2019-05-22,3.778264523,3.805000067,3.863749981,3.79399991,3.837500095,325868000.0,-1.8444428224027476,0
2019-05-23,3.6571216579999994,3.683000088,3.742249966,3.622750044,3.742249966,591844000.0,-3.2063068817811957,0
2019-05-24,3.6032531260000003,3.628750086,3.7374999520000003,3.621999979,3.701999903,357584000.0,-1.4729839995594296,0
2019-05-28,3.5580732820000005,3.583250046,3.6795001030000005,3.5812499520000003,3.646500111,428356000.0,-1.2538763740039038,0
2019-05-29,3.483848095,3.508500099,3.5704998969999995,3.4735000130000007,3.535249949,559800000.0,-2.0860935195813,0
2019-05-30,3.457255602,3.4777500630000002,3.5437500479999997,3.4392499920000006,3.507750034,394300000.0,-0.8764439256753742,0
2019-05-31,3.366543055,3.386499882,3.496249914,3.384749889,3.4284999369999998,389720000.0,-2.6238280309679562,0
2019-06-03,3.324790716,3.344500065,3.436749935,3.3150000570000007,3.397749901,478644000.0,-1.240213154095715,0
2019-06-04,3.553931952,3.5750000479999997,3.580250025,3.3867499829999996,3.4089999199999994,641836000.0,6.891911452242705,0
2019-06-05,3.5111858839999996,3.532000065,3.654750109,3.495500088,3.6492500309999993,511616000.0,-1.2027967111232885,0
2019-06-06,3.5733172890000002,3.594500065,3.6192500590000005,3.5337500570000007,3.5362501139999996,408140000.0,1.7695356412741114,0
2019-06-07,3.6160645480000007,3.6375000479999997,3.671999931,3.5812499520000003,3.6005001070000002,348856000.0,1.1962715877708696,0
2019-06-10,3.688882351,3.7107501030000005,3.779750109,3.6940000059999996,3.6940000059999996,402780000.0,2.0137471899216886,0
2019-06-11,3.7465407850000005,3.7687499520000003,3.8090000150000005,3.7290000919999997,3.7709999080000003,383872000.0,1.563022229740274,0
2019-06-12,3.6334609990000004,3.6549999710000005,3.7312500479999997,3.6397500039999997,3.724999905,358892000.0,-3.018241657015075,0
2019-06-13,3.684657335,3.706500053,3.724999905,3.6594998840000006,3.6772499080000003,308080000.0,1.4090309824519531,0
2019-06-14,3.5946908000000004,3.6159999369999998,3.637249947,3.571000099,3.612750053,394428000.0,-2.4416596440286042,0
2019-06-17,3.6043827529999994,3.625750065,3.6630001070000002,3.5912499429999993,3.614249945,276040000.0,0.2696385002730173,0
2019-06-18,3.7994768620000006,3.8220000269999996,3.8777499199999994,3.6765000820000004,3.6875,581920000.0,5.4126720949255525,0
2019-06-19,3.805441856,3.828000069,3.868999958,3.801749945,3.857500076,331644000.0,0.15698696906365495,0
2019-06-20,3.8297967909999997,3.8524999619999996,3.9332499500000004,3.8380000590000005,3.919250011,350168000.0,0.6400180919118981,0
2019-06-21,3.7716422079999994,3.79399991,3.8870000840000003,3.787499905,3.837500095,434428000.0,-1.5184958488521305,0
2019-06-24,3.7940094470000005,3.816499949,3.8462500570000007,3.767999887,3.815500021,282948000.0,0.5930426867089666,0
2019-06-25,3.7646830080000004,3.7869999409999995,3.897000074,3.784250021,3.8215000630000002,311868000.0,-0.7729597378280939,0
2019-06-26,3.9580364229999994,3.98149991,4.043000221,3.902250051,3.9152500630000002,584072000.0,5.135990811466451,0
2019-06-27,4.056702137,4.080749989,4.099999905,4.031499863,4.067749977,445440000.0,2.492781143878009,0
2019-06-28,4.081553936,4.105750084,4.134250164,4.058750153,4.125,397668000.0,0.6126348114290359,0
2019-07-01,4.129768848,4.154250145,4.348750114,4.116499901,4.314249992,709756000.0,1.181271631437153,0
2019-07-02,4.031849384,4.055749893,4.158750057,4.042500019,4.137499809,400228000.0,-2.3710717593295016,0
2019-07-03,4.044772148,4.068749905,4.085000038,4.008500099,4.079249859,246636000.0,0.3205328815378161,0
2019-07-05,3.9821436410000004,4.005750179,4.014500141,3.941999912,4.010000229,396552000.0,-1.548380398671867,0
2019-07-08,3.9070887570000004,3.9302499290000004,3.964750051,3.900000095,3.945749998,329788000.0,-1.8847967702980362,0
2019-07-09,3.9095745090000005,3.9327499869999993,3.960999966,3.875,3.88774991,342860000.0,0.06361066204856325,0
2019-07-10,3.977918863,4.00150013,4.059249878,3.962500095,3.976500034,452076000.0,1.74814425598524,0
2019-07-11,4.132502079,4.157000065,4.197999954,4.037499905,4.074999809,682560000.0,3.886040983334915,0
2019-07-12,4.165557861,4.19024992,4.261750221,4.184999943,4.184999943,506392000.0,0.799852164544057,0
2019-07-15,4.157105923,4.181749821,4.227749825,4.153250217,4.211500168,289840000.0,-0.20285422498140804,0
2019-07-16,4.152384758,4.177000046,4.204249859,4.120999813,4.166749954,341444000.0,-0.1135834328526264,0
2019-07-17,4.217747211,4.242750168,4.249750137,4.149250031,4.178750038,348204000.0,1.5740991447429797,0
2019-07-18,4.229428291,4.254499912,4.317749977,4.196249962,4.253250122,442192000.0,0.2769369756583817,0
2019-07-19,4.186184883,4.210999966,4.299499989,4.204999924,4.293000221,344896000.0,-1.0224455729169524,0
2019-07-22,4.257759094,4.282999992,4.296000004,4.224999905,4.232500076,315940000.0,1.7098082778754353,0
2019-07-23,4.36562109,4.391499996,4.393499851,4.306749821,4.322500229,428176000.0,2.5332711698029975,0
2019-07-24,4.440177441,4.466499805,4.472249985,4.358500004,4.434999943,366236000.0,1.7078403522330143,0
2019-07-25,4.308956146,4.334499836,4.4375,4.31099987,4.424749851,392700000.0,-2.9553335892287036,0
2019-07-26,4.350958347,4.376749992,4.423749924,4.361750126,4.361750126,274160000.0,0.9747412065653549,0
2019-07-29,4.344744682,4.370500088,4.386750221,4.281750202,4.36950016,248160000.0,-0.14279782970065824,0
2019-07-30,4.36040163,4.386250019,4.398499966,4.309249878,4.323750019,197772000.0,0.3603690809489857,0
2019-07-31,4.193143845,4.217999935,4.355500221,4.175499916,4.354499817,359416000.0,-3.835852568166165,0
2019-08-01,4.098703384,4.123000145,4.319499969,4.070499897,4.228499889,421212000.0,-2.2522473082968397,0
2019-08-02,4.006001949,4.02974987,4.099500179,3.982000113,4.02974987,428348000.0,-2.261709234065523,0
2019-08-05,3.747534752,3.769750118,3.8462500570000007,3.722500086,3.8450000289999995,589156000.0,-6.452007206094901,0
2019-08-06,3.786304951,3.808749914,3.890749931,3.760750055,3.8450000289999995,361272000.0,1.0345459189398554,0
2019-08-07,3.8245775700000006,3.8472499849999995,3.859250069,3.730000019,3.7474999429999993,372560000.0,1.0108322118625779,0
2019-08-08,3.9331841470000004,3.956500053,3.9577500820000004,3.847500086,3.9052500719999994,309300000.0,2.8396924667217993,0
2019-08-09,3.831785202,3.854500055,3.9187500479999997,3.8037500380000004,3.9152500630000002,341816000.0,-2.5780360579714667,0
2019-08-12,3.7639374730000004,3.7862501139999996,3.854500055,3.7642500400000003,3.802000046,279200000.0,-1.7706561169059332,0
2019-08-13,3.8782596589999994,3.9012498860000004,3.94749999,3.745500088,3.7847499849999995,351956000.0,3.0372999283586166,0
2019-08-14,3.729640722,3.7517499920000006,3.823750019,3.7077500820000004,3.8125,419880000.0,-3.8321024894225397,0
2019-08-15,3.697332621,3.7192499639999994,3.7907500269999996,3.6847500800000006,3.770750046,477200000.0,-0.8662631590404812,0
2019-08-16,3.9654922490000004,3.9890000820000004,4.038499832,3.921999931,3.9837501050000004,1007960000.0,7.2528095882506305,0
2019-08-19,4.244339466,4.269499779,4.28550005,4.086750031,4.103000164,815112000.0,7.0318298128327905,0
2019-08-20,4.172019482,4.196750164,4.264500141,4.175499916,4.263999939,463188000.0,-1.703937668713018,0
2019-08-21,4.255523682,4.280749798,4.336249828,4.241499901,4.263249874,427244000.0,2.001540018287362,0
2019-08-22,4.261736393,4.287000179,4.333250046,4.247499943,4.290500164,303488000.0,0.1460113600406876,0
2019-08-23,4.03706789,4.06099987,4.264750004,4.040999889,4.210000038,568056000.0,-5.271758795510884,0
2019-08-26,4.111874104,4.136250019,4.164500237,4.097750187,4.140250206,318208000.0,1.8529956022874883,0
2019-08-27,4.021162033,4.045000076,4.177499771,4.015500069,4.174749851,290968000.0,-2.2061031751185456,0
2019-08-28,4.010713577,4.030499935,4.083499908,3.974999905,4.014500141,255612000.0,-0.3584707225602557,0
2019-08-29,4.15450573,4.175000191,4.207499981,4.118999958,4.122499943,357976000.0,3.5851695405126005,0
2019-08-30,4.167191029,4.187749863,4.271500111,4.169499874,4.22149992,290616000.0,0.3053813512987169,0
2019-09-03,4.0841012,4.104249954,4.147749901,4.081250191,4.114500046,296140000.0,-1.9939087035198977,0
2019-09-04,4.198288918,4.218999863,4.226500034,4.165249825,4.165249825,227728000.0,2.7958801312323756,0
2019-09-05,4.471440315,4.493500233,4.499750137,4.320000172,4.321750164,695676000.0,6.506290090391498,0
2019-09-06,4.444324493,4.466249943,4.527249813,4.427999973,4.46999979,376976000.0,-0.6064379345053772,0
2019-09-09,4.490348816,4.512499809,4.599500179,4.495999813,4.497499943,417524000.0,1.0355413734174812,0
2019-09-10,4.557019711,4.579500198,4.606249809,4.469749928,4.479499817,352812000.0,1.484773226280689,0
2019-09-11,4.585628986,4.608250141,4.656750202,4.565000057,4.594250202,361512000.0,0.6277965226981763,0
2019-09-12,4.584135532,4.606750011,4.710000038,4.598750114,4.65500021,327840000.0,-0.032553137397062226,0
2019-09-13,4.526172161,4.548500061,4.577000141,4.504499912,4.539750099,324592000.0,-1.2644478181127794,0
2019-09-16,4.483133793,4.505249977,4.539999962,4.462500095,4.47300005,231832000.0,-0.9508647558529759,0
2019-09-17,4.504528522,4.526750088,4.531000137,4.465250015,4.512000084,223048000.0,0.477223486149736,0
2019-09-18,4.477412224,4.499499798,4.53550005,4.412499905,4.519750118,258152000.0,-0.6019835305739019,0
2019-09-19,4.401784897,4.423500061,4.524000168,4.412749767,4.50549984,245476000.0,-1.689070794797709,0
2019-09-20,4.296056271,4.317249775,4.446249962,4.30700016,4.422500134,350244000.0,-2.4019505942084574,0
2019-09-23,4.349543095,4.370999813,4.416749954,4.31374979,4.317500114,249712000.0,1.2450064462624422,0
2019-09-24,4.292076111,4.313250065,4.432250023,4.277500153,4.402500153,317268000.0,-1.3212022528173883,0
2019-09-25,4.433875561,4.455749989,4.475500107,4.267749786,4.312749863,308432000.0,3.303771445025183,0
2019-09-26,4.411736965,4.433499813,4.454750061,4.382249832,4.446000099,234564000.0,-0.4993587174982772,0
2019-09-27,4.272920132,4.294000149,4.442500114,4.232999802,4.391499996,362056000.0,-3.14649080599837,0
2019-09-30,4.330387115,4.351749897,4.361999989,4.288499832,4.320000172,186184000.0,1.3448939449489439,0
2019-10-01,4.328645706,4.349999905,4.525000095,4.34525013,4.375,366008000.0,-0.040213524247034726,0
2019-10-02,4.304763794,4.326000214,4.340000153,4.253250122,4.328000069,293372000.0,-0.5517170465317522,0
2019-10-03,4.510498047,4.53275013,4.539000034,4.300000191,4.330500126,450588000.0,4.779239615636333,0
2019-10-04,4.526917934,4.549250126,4.578750134,4.469500065,4.534999847,265524000.0,0.3640173300265115,0
2019-10-07,4.585628986,4.608250141,4.708499908,4.605750084,4.614500046,480984000.0,1.2969173680471346,0
2019-10-08,4.409000397,4.430749893,4.515999794,4.412499905,4.515999794,444436000.0,-3.8517928187266848,0
2019-10-09,4.49557209,4.517749786,4.567500114,4.479000092,4.507999897,292412000.0,1.9635478214974134,0
2019-10-10,4.553287506,4.575749874,4.626999855,4.510250092,4.515500069,309124000.0,1.2838269215292852,0
2019-10-11,4.626925468,4.649750233,4.733500004,4.641250134,4.660250187,446404000.0,1.6172291108060621,0
2019-10-14,4.640357494,4.663249969,4.684249878,4.609749794,4.640999794,200040000.0,0.2903324979520505,0
2019-10-15,4.885149479,4.909249783,4.982250213999999,4.739999770999999,4.754000187,664124000.0,5.275286884369046,0
2019-10-16,4.83141613,4.855249882,4.980500221,4.84375,4.875,428944000.0,-1.0999623850265983,0
2019-10-17,4.833405495,4.8572502140000005,4.945250034,4.802499770999999,4.900000095,263436000.0,0.04119936251716361,0
2019-10-18,4.738872051,4.762249947,4.890500069,4.6875,4.857749939,307440000.0,-1.9558446201964563,0
2019-10-21,4.876194954,4.900249958,4.913750172,4.804999828,4.823999882,261868000.0,2.8977901734648315,0
2019-10-22,4.866244793,4.890250206000001,5.063250065,4.882500172,4.957499981,328720000.0,-0.2040661616388495,0
2019-10-23,4.853307724,4.877250195,4.891499996,4.77575016,4.807750225,279916000.0,-0.2658352937452979,0
2019-10-24,4.897341251,4.921500206,4.955249786,4.884500027,4.918749809,232020000.0,0.9072737553091681,0
2019-10-25,5.088398457,5.113500118000001,5.134500027,4.994750023,5.002500057000001,423092000.0,3.90124766765072,0
2019-10-28,5.144371986,5.169750213999999,5.222499847,5.127999783,5.15749979,330792000.0,1.1000311861144585,0
2019-10-29,5.048096657,5.072999954,5.162250042,5.053500175,5.155749798,211236000.0,-1.87146875564691,0
2019-10-30,5.050086975,5.0749998089999995,5.105750084,5.006499766999999,5.099999905,205960000.0,0.039421545794082746,0
2019-10-31,5.000830173,5.025499821,5.074999809,4.945250034,5.053999901,209732000.0,-0.9753692583833518,0
2019-11-01,5.039886951,5.064750195,5.097249985,4.964749813,4.989999771,283640000.0,0.7810242841116866,0
2019-11-04,5.236666203,5.2624998089999995,5.275000095,5.123000145,5.146249771,376716000.0,3.9044297623053836,0
2019-11-05,5.214526176,5.240250111,5.288499832,5.191999912,5.262249947,300868000.0,-0.4227971269841868,0
2019-11-06,5.165269374999999,5.190750122000001,5.241749763,5.102749825,5.216000079999999,269012000.0,-0.944611191288236,0
2019-11-07,5.182932377,5.208499908,5.292500019,5.163499832,5.277750015,280340000.0,0.34195030742805166,0
2019-11-08,5.169000626000001,5.194499969,5.226250172,5.153749943,5.191500187,189100000.0,-0.26879023226048515,0
2019-11-11,5.178950787,5.204500198,5.227749825,5.106999874,5.193749905,243436000.0,0.19251571969736148,0
2019-11-12,5.214526176,5.240250111,5.296500206,5.207749844,5.243000031,283504000.0,0.6869038647311143,0
2019-11-13,5.188654423,5.214250088,5.236499786,5.147500038,5.208749771,300188000.0,-0.4961599627739566,0
2019-11-14,5.219003201,5.244750023,5.247000217,5.163000107,5.223249912,518080000.0,0.5849342568012172,0
2019-11-15,5.079690933,5.104750156,5.294499874,5.015999794,5.242499828,1053628000.0,-2.669333455094214,0
2019-11-18,5.280947208,5.30700016,5.333749771,5.094250202,5.097249985,574588000.0,3.9619961373090984,0
2019-11-19,5.174224854,5.199749947,5.299499989000001,5.141250134,5.275750159999999,414564000.0,-2.02091972426095,0
2019-11-20,5.253582478,5.279500008,5.363749981,5.164000034000001,5.176750182999999,472588000.0,1.5337287718232062,0
2019-11-21,5.22870636,5.254499912,5.330999851,5.232749939,5.275000095,288388000.0,-0.4735315079480551,0
2019-11-22,5.246368885,5.272250175,5.323999882,5.24849987,5.277249813,224100000.0,0.3378107012517617,0
2019-11-25,5.503102303,5.530250072,5.535250187,5.388000011,5.401000023,506476000.0,4.893544282541562,0
2019-11-26,5.398368358999999,5.425000191,5.517250061,5.418499947,5.512499809000001,385244000.0,-1.903166757917285,0
2019-11-27,5.433221817,5.455999851,5.50124979,5.429500103,5.466750145,215784000.0,0.5714222840291772,0
2019-11-29,5.395878314999999,5.418499947,5.453499793999999,5.394499779,5.425000191,141556000.0,-0.6873149747818719,0
2019-12-02,5.209410667,5.231249809,5.425000191,5.21600008,5.411499977,372036000.0,-3.455756017930245,0
2019-12-03,5.169827461,5.191500187,5.195499897,5.009250164000001,5.046750069,465232000.0,-0.7598494327610616,0
2019-12-04,5.213643074,5.235499859,5.297999859000001,5.206749916,5.275499821,273424000.0,0.847532898297465,0
2019-12-05,5.196714878,5.2185001369999995,5.2732501030000005,5.187749863,5.257500172,184884000.0,-0.32470103061461586,0
2019-12-06,5.282104969,5.304249763,5.337250233,5.277999878000001,5.288000107,232236000.0,1.643185278314374,0
2019-12-09,5.282104969,5.304249763,5.359250069,5.272500038,5.28125,211880000.0,0.0,0
2019-12-10,5.327167034,5.349500179,5.401500225,5.281499862999999,5.334499836,256388000.0,0.8530973845848333,0
2019-12-11,5.4108161930000005,5.433499813,5.43900013,5.357500076,5.360000134,233796000.0,1.5702333150627634,0
2019-12-12,5.578363895,5.601749897,5.619999886,5.395500183,5.404500008,404348000.0,3.096532433799881,0
2019-12-13,5.57637167,5.599750042,5.724500179,5.545499802,5.604750156,454704000.0,-0.03570054066625028,0
2019-12-16,5.605250835,5.628749847,5.701499939,5.619249821,5.647500038,320976000.0,0.5178767763291514,0
2019-12-17,5.683423996,5.707250118,5.730000019,5.638000011,5.647500038,321196000.0,1.3946306574956324,0
2019-12-18,5.713795662,5.737750053000001,5.798500061,5.733749866,5.742249966,343548000.0,0.5344068398861035,0
2019-12-19,5.861926079,5.886499882,5.900000095000001,5.767499924,5.772500038,445360000.0,2.5924766263079935,0
2019-12-20,5.959267139,5.984250069,6.009749889,5.934000015,5.953249931,603044000.0,1.6605825016476228,0
2019-12-23,5.945575237,5.970499992,6.045249939,5.959750175,6.013000011,355060000.0,-0.229771096485909,0
2019-12-24,5.94059515,5.965499878,5.982749939,5.920499802,5.954999924,138864000.0,-0.08374698947658521,0
2019-12-26,5.954786301,5.979750156,6.007999897,5.949999809,5.968999863,182852000.0,0.23887818777019731,0
2019-12-27,5.8970294,5.921750069,6.008500099,5.895249844,5.994999886,254644000.0,-0.9699416444983622,0
2019-12-30,5.783753872,5.808000088,5.905000209999999,5.776500225,5.899750233,258056000.0,-1.9208845303261612,0
2019-12-31,5.857942104,5.882500172,5.892000198,5.753250122,5.772500038,231004000.0,1.28271492546852,0
2020-01-02,5.972711086,5.997749805,5.997749805,5.918000221,5.96875,237536000.0,1.959194723845048,0
2020-01-03,5.877111435,5.901750088,5.945750237,5.852499962,5.877500057,205384000.0,-1.60059555868719,0
2020-01-06,5.901757717,5.926499844,5.931749821,5.781750202,5.808000088,262636000.0,0.41936299624620865,0
2020-01-07,5.973208427,5.998250008,6.044250011,5.909749985,5.954999924,314856000.0,1.2106667660278347,0
2020-01-08,5.984411716,6.009500027,6.051000118,5.953750134,5.993999958,277108000.0,0.18755501996408075,0
2020-01-09,6.050136089,6.075500011,6.148250103,6.021500111,6.096250057,255112000.0,1.098260815433405,0
2020-01-10,6.082499981,6.107999802,6.213749886,6.09375,6.18324995,316296000.0,0.5349319552490739,0
2020-01-13,6.273200035,6.299499989,6.324749947,6.168749809,6.191500187,319840000.0,3.13523564518281,0
2020-01-14,6.156191826,6.18200016,6.282000065,6.168749809,6.256499767,359088000.0,-1.8652246877557621,0
2020-01-15,6.113618374,6.139249802,6.21724987,6.113249779,6.194749832,263104000.0,-0.6915295518206577,0
2020-01-16,6.197268486,6.223249912,6.229249954,6.169499874,6.19299984,284192000.0,1.3682471427149734,0
2020-01-17,6.205983162,6.231999874,6.25,6.184249878,6.242499828,253792000.0,0.14060116697431901,0
2020-01-21,6.172624588,6.198500156,6.232250214,6.164249897,6.195250034,217916000.0,-0.5375436244753784,0
2020-01-22,6.2266469,6.25274992,6.339749813,6.224999905,6.243999958,239240000.0,0.8752079153775405,0
2020-01-23,6.295110703,6.321499825,6.329999924,6.203750134,6.293000221,244516000.0,1.0995147076024336,0
2020-01-24,6.235857964,6.262000084,6.487500191,6.207499981,6.4375,373512000.0,-0.9412282313873144,0
2020-01-27,5.979930878,6.005000114,6.056250095,5.805749893,5.955999851,470536000.0,-4.104119555294461,0
2020-01-28,6.173369408,6.199250221,6.231750011,6.017749786,6.071249962,310976000.0,3.23480605016353,0
2020-01-29,6.112874985,6.138500214,6.221000195,6.098499775,6.18475008,258848000.0,-0.979957330875425,0
2020-01-30,6.119594574,6.145249844,6.158750057,5.985000134,6.040249825,290504000.0,0.10995568566742886,0
2020-01-31,5.886074066,5.910749912,6.111249924,5.868750095,6.09924984,370420000.0,-3.8159544030411996,0
2020-02-03,5.983167648,6.008250237,6.027750015,5.886250019,5.892499924,255564000.0,1.649542383819269,0
2020-02-04,6.152456284,6.178249836,6.197500229,6.100500107,6.15075016,271544000.0,2.8294360636497595,0
2020-02-05,6.242827892,6.269000053,6.309999943,6.185249805,6.299749851,208220000.0,1.4688660932940634,0
2020-02-06,6.329713345,6.356249809,6.356249809,6.222000122,6.303500175,218284000.0,1.3917651182383972,0
2020-02-07,6.263491154,6.289750099,6.33825016,6.264249802,6.315999985,189752000.0,-1.0462098249480634,0
2020-02-10,6.546804905,6.574250221,6.574999809,6.307499886,6.3125,529608000.0,4.523234111403451,0
2020-02-11,6.669290543,6.697249889,6.8125,6.62074995,6.683000088,638556000.0,1.8709307352966942,0
2020-02-12,6.785056114,6.813499928,6.820000172,6.711249828,6.750249863,374644000.0,1.735787687882695,0
2020-02-13,6.741238594,6.769499779,6.836999893,6.727749825,6.755249977,528016000.0,-0.6457789603722119,0
2020-02-14,7.214505196,7.244750023,7.374249935,7.150000095,7.181499958,1041924000.0,7.0204632471412065,0
2020-02-18,7.383297443,7.414249897,7.432750225,7.121500015,7.140999794,620164000.0,2.3396234992496323,0
2020-02-19,7.834653378,7.867499828,7.885250092,7.537250042,7.537250042,694332000.0,6.11322706000772,0
2020-02-20,7.685281754,7.71750021,7.907999992,7.408750057,7.819250107,810052000.0,-1.906572879304802,0
2020-02-21,7.32105732,7.351749897,7.630000114,7.266499996,7.604750156,768180000.0,-4.73923295170211,0
2020-02-24,6.803478241,6.831999779,7.046750069,6.699999809,6.754749775,856916000.0,-7.069747002847482,0
2020-02-25,6.523900986,6.551249981,6.969749928,6.448999882,6.90749979,1055496000.0,-4.1093355837475425,0
2020-02-26,6.663315296,6.691249847,6.886250019,6.550000191,6.551499844,747732000.0,2.136994717130758,0
2020-02-27,6.292397499,6.315000057,6.675000191,6.222249985,6.372499943,906416000.0,-5.623012121848814,0
2020-02-28,6.727584839,6.751749992,6.811500072,6.044750214,6.061500072,1133252000.0,6.916071750717956,0
2020-03-02,6.886015892,6.910749912,6.939750195,6.525000095,6.922500134,890744000.0,2.3549438321678995,0
2020-03-03,6.623458862,6.647250175,7.026750088,6.561500072,6.966750145,652792000.0,-3.812896434617785,0
2020-03-04,7.087292194,7.112750053,7.12225008,6.679999828,6.755000114,597408000.0,7.002893914700592,0
2020-03-05,6.807796478,6.832250118,7.079999924,6.787499905,6.912499905,540328000.0,-3.9436214250448964,0
2020-03-06,6.627194405,6.651000023,6.709750175,6.449999809,6.65199995,515412000.0,-2.6528609443393414,0
2020-03-09,6.114037991,6.136000156,6.485000134,5.954500198,5.997499943,614160000.0,-7.743194485326499,0
2020-03-10,6.503639221,6.52699995,6.52699995,6.149750233,6.413499832,580648000.0,6.372225946208099,0
2020-03-11,6.139696121,6.16174984,6.414999962,6.064249992,6.386499882,499964000.0,-5.59598763287873,0
2020-03-12,5.388395786,5.40775013,5.902999877999999,5.394999981,5.636499882,816540000.0,-12.236778992637575,0
2020-03-13,5.999450684,6.020999908,6.025499821,5.490250111,5.762499809000001,634836000.0,11.34020180773405,0
2020-03-16,4.892426491,4.909999847,5.652500153,4.849999905,5.310249805,726972000.0,-18.452085666432804,0
2020-03-17,5.41230917,5.431749821,5.521500111,4.775000095,5.022749901000001,833632000.0,10.626272714016238,0
2020-03-18,5.052351475,5.070499897,5.24849987,4.517000198,5.002500057000001,874268000.0,-6.65070991678135,0
2020-03-19,5.305193901,5.324250221,5.418250084,4.834750175,5.048999786000001,765512000.0,5.004443923766422,0
2020-03-20,5.125339985,5.143750191,5.757999897000001,5.128250122000001,5.474999904999999,804636000.0,-3.3901492699961566,0
2020-03-23,5.2982192040000005,5.3172497750000005,5.412000179,4.962999821,5.142749786,643876000.0,3.3730173036702116,0
2020-03-24,6.207203388,6.229499817,6.316500187,5.701250076,5.724999904999999,1101644000.0,17.156426359527188,0
2020-03-25,6.118522644,6.140500069,6.545499802,6.091499805,6.34499979,793432000.0,-1.4286820870774264,0
2020-03-26,6.407982826,6.431000233,6.555500031,6.25,6.348499775,696108000.0,4.730887724707888,0
2020-03-27,6.295636177,6.318250179,6.578000069,6.217000008,6.25,638828000.0,-1.753227335017582,0
2020-03-30,6.615985394,6.639750004,6.649000168,6.339749813,6.383999825,602252000.0,5.088431383558856,0
2020-03-31,6.566414356,6.590000153,6.885000229,6.443749905,6.679999828,949960000.0,-0.74927295410262,0
2020-04-01,6.054999828,6.076749802,6.538249969,6.032000065,6.391250134,656912000.0,-7.788320775172519,0
2020-04-02,6.363890648,6.386750221,6.400000095,6.057750225,6.105999947,675764000.0,5.101418177493033,0
2020-04-03,6.075924873,6.097750187,6.390749931,5.959750175,6.348999977,663212000.0,-4.524993525654897,0
2020-04-06,6.685984135,6.710000038,6.747000217,6.323249817,6.381000042,727884000.0,10.040585990309614,0
2020-04-07,6.452571869,6.475749969,6.956250191,6.432499886,6.932499886,784520000.0,-3.491059130751095,0
2020-04-08,6.649864197,6.673749924,6.698750019,6.514999866,6.585249901,542444000.0,3.0575602200184404,0
2020-04-09,6.550222397,6.573750019,6.822999954,6.510499954,6.800000191,525564000.0,-1.4984065351382414,0
2020-04-13,6.722103596,6.746250153,6.755000114,6.425000191,6.513750076,398408000.0,2.6240750485099884,0
2020-04-14,7.073342323,7.098750114,7.132999897,6.847249985,6.875,530948000.0,5.225124372882117,0
2020-04-15,6.995871544,7.020999908,7.104249954,6.884500027,6.929999828,366148000.0,-1.0952661349025727,0
2020-04-16,7.34113121,7.367499828,7.474999905,7.163750172,7.177000046,745620000.0,4.935193341979449,0
2020-04-17,7.281843662,7.308000088,7.47149992,7.173500061,7.449999809,539120000.0,-0.8075974399601948,0
2020-04-20,7.150565147,7.176249981,7.337500095,7.131750107,7.181000233,449388000.0,-1.8028202711209418,0
2020-04-21,6.713635921,6.737750053,7.119249821,6.677750111,7.057750225,735160000.0,-6.110432735216609,0
2020-04-22,7.128146172,7.153749943,7.196750164,6.885000229,6.930749893,483356000.0,6.17416625324021,0
2020-04-23,7.074837208,7.100249767,7.328499794,7.074999809,7.196000099,424160000.0,-0.7478619804477504,0
2020-04-24,7.213837147,7.239749908,7.241749763,7.014999866,7.090000153,352328000.0,1.9647216024478276,0
2020-04-27,7.400417328,7.427000046,7.587500095,7.349999905,7.374750137,479388000.0,2.5864172157809895,0
2020-04-28,7.257929802,7.28399992,7.605000019,7.27850008,7.574999809,442904000.0,-1.9254089822850595,0
2020-04-29,7.434794903,7.461500168,7.514500141,7.34375,7.419250011,379160000.0,2.4368513172635886,0
2020-04-30,7.280848026,7.30700016,7.461500168,7.293000221,7.407249928,375916000.0,-2.0706292906432,0
2020-05-01,7.044196606,7.069499969,7.222499847,7.020999908,7.108749866,342096000.0,-3.250310466669004,0
2020-05-04,7.256186962,7.282249928,7.296000004,7.021999836,7.021999836,317556000.0,3.0094060390821964,0
2020-05-05,7.317215443,7.343500137,7.506750107,7.282249928,7.386750221,368896000.0,0.8410890810612859,0
2020-05-06,7.418104172,7.444749832,7.550000191,7.385250092,7.423250198,323464000.0,1.3787661620629166,0
2020-05-07,7.594470501,7.621749878,7.685249805,7.532999992,7.584499836,373732000.0,2.377515027290711,0
2020-05-08,7.784537315,7.8125,7.818749905,7.659749985,7.693749905,339216000.0,2.50270771218295,0
2020-05-11,8.036632538,8.065500259,8.112500191,7.778749943,7.807499886,469060000.0,3.2384033152000002,0
2020-05-12,7.77457428,7.802499771,8.172499657,7.792749882,8.12349987,493060000.0,-3.260808127884285,0
2020-05-13,7.75215435,7.78000021,8.078499794,7.594749928,7.917500019,625852000.0,-0.2883634945255009,0
2020-05-14,8.001757622,8.030500412,8.036000252,7.6875,7.841750145,602312000.0,3.219796853964363,0
2020-05-15,8.460361481,8.490750313,8.500499725,7.874000072,7.889750004,987660000.0,5.731272989068614,0
2020-05-18,8.718930244,8.750249863,8.916500092,8.680500031,8.760499954,774460000.0,3.0562617016624216,0
2020-05-19,8.773983002,8.805500031,9.087499619,8.762749672,8.790249825,717320000.0,0.6314124609586358,0
2020-05-20,8.937894821,8.970000267,9.043000221,8.888750076,8.991000175,587536000.0,1.8681532612670804,0
2020-05-21,8.743844032,8.775250435,9.052499771,8.737500191,9.05150032,761068000.0,-2.1711240379386654,0
2020-05-22,8.993944168,9.026249886,9.093000412,8.71325016,8.825249672,1038764000.0,2.8603109718543296,0
2020-05-26,8.686546326,8.717749596,9.181750298,8.671999931,9.156749725,770780000.0,-3.417812423723099,0
2020-05-27,8.494739532,8.525250435,8.632749557,7.996749878,8.625,1175892000.0,-2.2081290461511527,0
2020-05-28,8.456624031,8.487000465,8.760499954,8.379249573,8.412249565,734896000.0,-0.44866681972142164,0
2020-05-29,8.843732834,8.875499725,8.875499725,8.484999657,8.554499626,745256000.0,4.5775802841316215,0
2020-06-01,8.774729729,8.806249619,8.840749741,8.689499855,8.833250046,389876000.0,-0.7802389515594088,0
2020-06-02,8.793662071,8.825249672,8.837249756,8.657999992,8.796250343,391320000.0,0.21575646639637736,0
2020-06-03,8.738113403,8.769499779,8.866250038,8.699999809,8.822250366,365440000.0,-0.631708960902011,0
2020-06-04,8.739109993,8.766500473,8.943249702,8.677499771,8.727999687,424280000.0,-0.03420156309464906,0
2020-06-05,8.892129898,8.920000076,8.996999741,8.708000183,8.794500351,481748000.0,1.7509792359307497,0
2020-06-08,8.777489662,8.805000305,8.889749527,8.685750008,8.877249718,387736000.0,-1.289235089912355,0
2020-06-09,9.017736435,9.045999527,9.109749794,8.751250267,8.800000191,468488000.0,2.7370722731621777,0
2020-06-10,9.337483406,9.366749763,9.5,9.153499603,9.167750359,632180000.0,3.5457688787473796,0
2020-06-11,8.768768311,8.796250343,9.261249542,8.786000252,9.149999619,583652000.0,-6.090687105291881,0
2020-06-12,8.904590607,8.932499886,9.187250137,8.703249931,9.162500381,570908000.0,1.5489502650231746,0
2020-06-15,9.145085335,9.173749924,9.182250023,8.743749619,8.815250397,400004000.0,2.700812102758743,0
2020-06-16,9.040165901,9.068499565,9.266750336,8.838749886,9.225000381,535716000.0,-1.147299194679896,0
2020-06-17,9.20714283,9.236000061,9.298999786,9.070249557,9.113750458,408304000.0,1.8470585436919595,0
2020-06-18,9.18919754,9.218000412,9.282500267,9.114500046,9.227000237,254408000.0,-0.19488576094759402,0
2020-06-19,9.23231411,9.261249542,9.444999695,9.227250099,9.242500305,524160000.0,0.46918125479467054,0
2020-06-22,9.496983528,9.526749611,9.53125,9.273249626,9.300000191,398468000.0,2.866784528329047,0
2020-06-23,9.420474052,9.449999809,9.642499924,9.407500267,9.550999641,375108000.0,-0.805624217428591,0
2020-06-24,9.206644058,9.235500336,9.556500435,9.144499779,9.476249695,449372000.0,-2.2698357389987933,0
2020-06-25,9.460350037,9.489999771,9.505000114,9.182250023,9.355750084,376072000.0,2.755664833966409,0
2020-06-26,9.126397133,9.154999733,9.5,9.125,9.5,592084000.0,-3.5300320978269073,0
2020-06-29,9.171256065,9.199999809,9.204500198,8.899999619,9.169750214,342248000.0,0.49153552498524267,0
2020-06-30,9.468073845,9.497750282,9.526249886,9.266500473,9.31400013,367892000.0,3.236418251973472,0
2020-07-01,9.500224113,9.529999733,9.575750351,9.413000107,9.520750046,326648000.0,0.3395483145215872,0
2020-07-02,9.582219124,9.612250328,9.737500191,9.578249931,9.638999939,364056000.0,0.863070276016753,0
2020-07-06,9.808507919,9.839249611,9.90874958,9.712499619,9.741749763,315892000.0,2.361562331962608,0
2020-07-07,9.840907097,9.871749878,10.06999969,9.850749969,9.946249962,357800000.0,0.3303124555724679,0
2020-07-08,10.18408012,10.2159996,10.22500038,9.965499878,9.993749619,365480000.0,3.487220870204477,0
2020-07-09,10.47616482,10.50899982,10.56999969,10.23349953,10.38024998,494548000.0,2.868052383244013,0
2020-07-10,10.44650841,10.47924995,10.6552496,10.37874985,10.58874989,497676000.0,-0.283089451989349,0
2020-07-13,10.02084351,10.05224991,10.79224968,10.02499962,10.59500027,457076000.0,-4.0747194888695155,0
2020-07-14,10.34457874,10.37699986,10.40275002,9.785499573,10.07499981,542676000.0,3.230619541968771,0
2020-07-15,10.19529438,10.2272501,10.43299961,10.05574989,10.41425037,403984000.0,-1.4430930135909348,0
2020-07-16,10.10308361,10.13475037,10.20674992,9.895500183,10.01500034,344964000.0,-0.9044438054760962,0
2020-07-17,10.16962624,10.20149994,10.24849987,10.08775043,10.22550011,266284000.0,0.6586207608781924,0
2020-07-20,10.4779129,10.51074982,10.53125,10.15674973,10.27425003,284852000.0,3.031415790019598,0
2020-07-21,10.29622936,10.32849979,10.56000042,10.28674984,10.51299953,277036000.0,-1.733939377504834,0
2020-07-22,10.40613461,10.43875027,10.60249996,10.29150009,10.36750031,367292000.0,1.0674394369136087,0
2020-07-23,10.09810257,10.12975025,10.54699993,10.03125,10.44999981,411660000.0,-2.960124651013407,0
2020-07-24,10.16264915,10.19449997,10.36474991,9.777000427,9.875,473292000.0,0.6392035183690803,0
2020-07-27,10.38894081,10.42150021,10.44174957,10.2177496,10.23225021,292132000.0,2.2266932234833225,0
2020-07-28,10.18358231,10.21549988,10.38199997,10.20925045,10.37425041,271636000.0,-1.9766859458711261,0
2020-07-29,10.43280315,10.46549988,10.51624966,10.34700012,10.39074993,284508000.0,2.447261543113055,0
2020-07-30,10.5808382,10.61400032,10.62300014,10.29524994,10.375,308880000.0,1.4189521924680593,0
2020-07-31,10.58158493,10.61474991,10.76650047,10.43299961,10.56324959,386080000.0,0.007062276026004177,0
2020-08-03,10.97585011,11.01025009,11.09875011,10.71525002,10.73250008,412720000.0,3.7259491118806665,0
2020-08-04,11.19267178,11.22774982,11.22774982,10.90600014,11.05000019,310336000.0,1.9754295154252866,0
2020-08-05,11.25148487,11.28674984,11.37174988,11.16625023,11.24400043,249924000.0,0.525483921051606,0
2020-08-06,11.30008411,11.33549976,11.3579998,11.17875004,11.34974957,244316000.0,0.4319216841967233,0
2020-08-07,11.16450691,11.19950008,11.50475025,11.03750038,11.3125,342516000.0,-1.1997678344973117,0
2020-08-10,11.13011646,11.16499996,11.40824986,10.85649967,11.33425045,427796000.0,-0.3080505357699881,0
2020-08-11,10.81610203,10.85000038,11.13675022,10.79574966,11.07374954,354512000.0,-2.821312862772263,0
2020-08-12,11.40450668,11.4402504,11.46700001,10.95825005,10.99075031,464412000.0,5.440092159701826,0
2020-08-13,11.40724754,11.44299984,11.72175026,11.35575008,11.54599953,374460000.0,0.024033040395687877,0
2020-08-14,11.52786922,11.56400013,11.70475006,11.44050026,11.52999973,366436000.0,1.0574175626310245,0
2020-08-17,12.29845333,12.33699989,12.40974998,11.81725025,11.85124969,621300000.0,6.684536071515934,0
2020-08-18,12.22244167,12.26074982,12.49600029,12.08625031,12.44999981,503448000.0,-0.6180600687352378,0
2020-08-19,12.10057449,12.13850021,12.31499958,12.09799957,12.29650021,622624000.0,-0.9970810251799023,0
2020-08-20,12.1030674,12.14099979,12.375,11.87874985,11.97500038,921388000.0,0.02059216506782313,0
2020-08-21,12.64387131,12.68350029,12.80875015,12.19524956,12.2017498,999868000.0,4.468334646104122,0
2020-08-24,12.68050861,12.72025013,12.91250038,12.50749969,12.88374996,490564000.0,0.2897452529643907,0
2020-08-25,12.71016502,12.75,12.76124954,12.57374954,12.6307497,289076000.0,0.2338780267365781,0
2020-08-26,12.7330904,12.77299976,12.86849976,12.67774963,12.79924965,321244000.0,0.18039027450980072,0
2020-08-27,12.58879471,12.62825012,12.85000038,12.56649971,12.78149986,317604000.0,-1.1332470266953054,0
2020-08-28,13.10666943,13.1477499,13.14799976,12.64249992,12.67500019,537160000.0,4.113790707845122,0
2020-08-31,13.33271313,13.37450027,13.57499981,13.03775024,13.18274975,500840000.0,1.7246325167776355,0
2020-09-01,13.78194141,13.8210001,13.99374962,13.4364996,13.47999954,511316000.0,3.3384412201294067,0
2020-09-02,14.30595493,14.3465004,14.72675037,13.89999962,14.70374966,874012000.0,3.802187223774056,0
2020-09-03,12.97871685,13.01550007,13.88449955,12.87874985,13.82874966,945128000.0,-9.277526176348905,0
2020-09-04,12.58682632,12.62250042,13.17500019,11.70475006,12.78374958,1463684000.0,-3.019474072347339,0
2020-09-08,11.87933159,11.91300011,12.55000019,11.70425034,11.73449993,795728000.0,-5.620917301581674,0
2020-09-09,12.67906475,12.71500015,12.80924988,12.23174953,12.39999962,736200000.0,6.732141631785815,0
2020-09-10,12.27695465,12.31175041,13.0652504,12.16699982,12.98925018,698684000.0,-3.1714489598334783,0
2020-09-11,12.13012028,12.16450024,12.65250015,11.89575005,12.48550034,636928000.0,-1.1960132807792956,0
2020-09-14,12.83586884,12.8722496,13.31499958,12.63125038,13.08100033,1201744000.0,5.8181540222485895,0
2020-09-15,12.95428658,12.99100018,13.29874992,12.82775021,13.27999973,727556000.0,0.9225316762036639,0
2020-09-16,12.47913074,12.51449966,13.0927496,12.51375008,12.95724964,556384000.0,-3.6679278992974407,0
2020-09-17,12.42827797,12.46350002,12.58975029,12.03474998,12.13224983,792512000.0,-0.4075244027774483,0
2020-09-18,12.15480137,12.18924999,12.63249969,11.98875046,12.59375,698460000.0,-2.2004254788776323,0
2020-09-21,12.48187637,12.51725006,12.52250004,11.90450001,11.92500019,721044000.0,2.6908962427474092,0
2020-09-22,12.60203457,12.63774967,12.64799976,12.15550041,12.57499981,646452000.0,0.9626683929968571,0
2020-09-23,12.08948612,12.12374973,12.72700024,12.07925034,12.57549953,647012000.0,-4.067179311362324,0
2020-09-24,12.31310177,12.34799957,12.56949997,12.01399994,12.07225037,731240000.0,1.8496739457191103,0
2020-09-25,12.83736706,12.87374973,12.8835001,12.24575043,12.44750023,588016000.0,4.257775982413636,0
2020-09-28,12.99815941,13.03499985,13.05175018,12.75,13.04024982,573808000.0,1.2525497495437188,0
2020-09-29,13.18837261,13.22574997,13.44274998,12.93325043,12.9375,621460000.0,1.4633687932110062,0
2020-09-30,13.49226189,13.53050041,13.62250042,13.15025043,13.15750027,689184000.0,2.3042204842165237,0
2020-10-01,13.5760231,13.61450005,13.76274967,13.46074963,13.75800037,525004000.0,0.6208169502579297,0
2020-10-02,13.02533436,13.06225014,13.51949978,13.05099964,13.22500038,552496000.0,-4.0563363176894685,0
2020-10-05,13.60394573,13.64249992,13.64424992,13.22274971,13.23600006,479820000.0,4.442188549299986,0
2020-10-06,13.6976757,13.73649979,14.1420002,13.66499996,13.82999992,784420000.0,0.6890223239964577,0
2020-10-07,13.9245348,13.96399975,14.1192503,13.86349964,13.99975014,418084000.0,1.6561712479740809,0
2020-10-08,13.79963875,13.83874989,14.08450031,13.75800037,14.07499981,378900000.0,-0.8969483116755161,0
2020-10-09,13.72385311,13.76274967,13.82425022,13.66075039,13.7670002,346892000.0,-0.5491841431061628,0
2020-10-12,14.18579483,14.22599983,14.34700012,13.91250038,13.98950005,434744000.0,3.3659709804196414,0
2020-10-13,14.20798206,14.24825001,14.34850025,14.01875019,14.29650021,344604000.0,0.15640503490712554,0
2020-10-14,14.05541611,14.09525013,14.3427496,13.96000004,14.29049969,276100000.0,-1.0738152397144818,0
2020-10-15,13.9305191,13.97000027,14.0057497,13.76774979,13.81075001,267224000.0,-0.8885962210306686,0
2020-10-16,13.77246761,13.8114996,14.12150002,13.79249954,14.03674984,242392000.0,-1.134578861393254,0
2020-10-19,13.45960426,13.49775028,13.98349953,13.40674973,13.90299988,298068000.0,-2.2716528189306806,0
2020-10-20,13.60693741,13.64550018,13.79975033,13.50699997,13.58349991,229212000.0,1.0946261186868034,0
2020-10-21,13.48652744,13.52474976,13.79150009,13.47749996,13.625,219596000.0,-0.8849101784995872,0
2020-10-22,13.32323933,13.36100006,13.61174965,13.23174953,13.52250004,290480000.0,-1.210741070302812,0
2020-10-23,13.55184174,13.59025002,13.59325027,13.29125023,13.44999981,233484000.0,1.7158143774456347,0
2020-10-26,13.10410976,13.14124966,13.69274998,13.03849983,13.42700005,336896000.0,-3.3038417934859954,0
2020-10-27,13.35888767,13.39675045,13.44200039,13.19149971,13.30599976,250520000.0,1.9442655501607842,0
2020-10-28,12.59131336,12.62699986,13.26000023,12.60900021,13.19799995,376520000.0,-5.745800766185061,0
2020-10-29,12.9871912,13.02400017,13.19274998,12.75,12.83850002,320080000.0,3.144058877022915,0
2020-10-30,12.49857807,12.5340004,12.9364996,12.30000019,12.85000038,416820000.0,-3.7622831972060733,0
2020-11-02,12.54519463,12.58075047,12.83675003,12.39500046,12.65775013,299652000.0,0.3729860260735185,0
2020-11-03,12.98270416,13.01949978,13.10499954,12.60274982,12.70849991,272900000.0,3.4874653228854635,0
2020-11-04,13.75526428,13.79424953,13.82750034,13.33699989,13.3892498,410228000.0,5.950687530945986,0
2020-11-05,14.11998081,14.15999985,14.33899975,13.99100018,14.16250038,319028000.0,2.651469506946058,0
2020-11-06,14.52084541,14.56200027,14.58874989,13.89500046,14.10974979,383348000.0,2.838986047023151,0
2020-11-09,13.59222603,13.6307497,14.69149971,13.6107502,14.55249977,582976000.0,-6.395073154328401,0
2020-11-10,12.73391056,12.77000046,13.60649967,12.62825012,13.60649967,644068000.0,-6.314760808791031,0
2020-11-11,13.38007832,13.41800022,13.43500042,12.94824982,13.05375004,404744000.0,5.074391046654658,0
2020-11-12,13.41871834,13.45674992,13.76599979,13.31599998,13.47900009,365812000.0,0.2887889354945994,0
2020-11-13,13.25941944,13.29699993,13.66874981,13.05924988,13.62724972,346312000.0,-1.187136499895658,0
2020-11-16,13.4770546,13.51525021,13.64949989,13.15600014,13.17249966,413776000.0,1.6413497867860727,0
2020-11-17,13.3843174,13.42224979,13.59624958,13.30375004,13.55249977,312028000.0,-0.6881146745710054,0
2020-11-18,13.39079857,13.42875004,13.60575008,13.18500042,13.46525002,510924000.0,0.04842891543297423,0
2020-11-19,13.4022665,13.4402504,13.48750019,13.10000038,13.21275043,565936000.0,0.08563983964064992,0
2020-11-20,13.05076408,13.08775043,13.49450016,13.06499958,13.45400047,341088000.0,-2.6227187701800547,0
2020-11-23,13.10286427,13.14000034,13.38249969,13.01550007,13.17125034,361356000.0,0.3992275852100047,0
2020-11-24,12.92112923,12.95775032,13.1619997,12.88500023,13.14249992,346500000.0,-1.3869864176883295,0
2020-11-25,13.19734955,13.23474979,13.26949978,13.02000046,13.03250027,259916000.0,2.1377126673945757,0
2020-11-27,13.2237711,13.26124954,13.40750027,13.1704998,13.375,167275999.99999994,0.20022856812920153,0
2020-11-30,13.36362553,13.40149975,13.41250038,12.97224998,13.26500034,286952000.0,1.057594230294523,0
2020-12-01,13.35215759,13.39000034,13.52875042,13.22824955,13.49225044,296948000.0,-0.08580688888942811,0
2020-12-02,13.50622368,13.54450035,13.67350006,13.23425007,13.35050011,283360000.0,1.1538461992301796,0
2020-12-03,13.3620882,13.39599991,13.65999985,13.32900047,13.58749962,199520000.0,-1.0963892071515158,0
2020-12-04,13.52392864,13.55825043,13.56000042,13.38875008,13.44849968,202244000.0,1.21118633241315,0
2020-12-07,13.57230377,13.60674953,13.73124981,13.5,13.60124969,223244000.0,0.35770913253445613,0
2020-12-08,13.31620502,13.35000038,13.59875011,13.28149986,13.58500004,271920000.0,-1.886924937024248,0
2020-12-09,12.89801502,12.93074989,13.41399956,12.86824989,13.30049992,401300000.0,-3.140453019223066,0
2020-12-10,12.9394083,12.97224998,13.06875038,12.8494997,12.86900043,207764000.0,0.3209410927675238,0
2020-12-11,12.98030758,13.01325035,13.02000046,12.82299995,12.96724987,209264000.0,0.31606213311654585,0
2020-12-14,13.2750597,13.30875015,13.38875008,13.07750034,13.0880003,270156000.0,2.2707608941066715,0
2020-12-15,13.32667637,13.36050034,13.46399975,13.18675041,13.43974972,193016000.0,0.38884335055309194,0
2020-12-16,13.20897388,13.24250031,13.43725014,13.21249962,13.42249966,223116000.0,-0.8832006810906567,0
2020-12-17,13.30747795,13.34125042,13.37950039,13.17850018,13.36674976,231384000.0,0.7457059293057178,0
2020-12-18,13.23840046,13.27200031,13.40499973,13.07050037,13.37899971,342064000.0,-0.5190676122545979,0
2020-12-21,13.29849815,13.33224964,13.36999989,12.96749973,13.07474995,302332000.0,0.4539581720368613,0
2020-12-22,13.24463463,13.27824974,13.33724976,13.0539999,13.31925011,185580000.0,-0.4050321697996684,0
2020-12-23,12.97631645,13.00924969,13.27499962,13.00500011,13.25599957,179144000.0,-2.0258697890705557,0
2020-12-24,12.96085548,12.99374962,13.13249969,12.93875027,13.03724957,97884000.00000006,-0.11914653319258228,0
2020-12-28,12.867342,12.89999962,13.0625,12.76325035,13.0625,212564000.0,-0.721500742600889,0
2020-12-29,12.91048336,12.9432497,13.07250023,12.84224987,12.92500019,170372000.0,0.335271947860738,0
2020-12-30,13.11247253,13.14575005,13.21374989,12.89675045,12.99024963,225396000.0,1.5645247885467173,0
2020-12-31,13.02195072,13.05500031,13.15100002,12.91499996,13.13650036,192424000.0,-0.6903352007670338,0
2021-01-04,13.08030033,13.11349964,13.65250015,12.96249962,13.10424995,560640000.0,0.44809903187201794,0
2021-01-05,13.37081528,13.40474987,13.44349957,13.08699989,13.09974957,322760000.0,2.220995447405971,0
2021-01-06,12.58256531,12.61450005,13.24499989,12.58600044,13.22249985,580424000.0,-5.895297022800772,0
2021-01-07,13.3102169,13.34399986,13.3777504,12.88650036,12.96749973,461480000.0,5.78302593926423,0
2021-01-08,13.24313831,13.27674961,13.42099953,13.04199982,13.36250019,292528000.0,-0.5039737013306622,0
2021-01-11,13.58701611,13.62150002,13.96100044,13.36250019,13.41874981,518344000.0,2.59664767452068,0
2021-01-12,13.45061111,13.48474979,13.75450039,13.34500027,13.75249958,291476000.0,-1.0039293014661554,0
2021-01-13,13.49749279,13.53174973,13.625,13.38500023,13.48999977,210028000.0,0.3485414318540325,0
2021-01-14,13.16683483,13.20024967,13.59974957,13.18050003,13.57499981,283120000.0,-2.4497944952755146,0
2021-01-15,12.8269453,12.85949993,13.32524967,12.84850025,13.22799969,277780000.0,-2.5813885988415497,0
2021-01-19,12.99227715,13.02525043,13.09399986,12.84399986,13.01624966,226188000.0,1.288934257959129,0
2021-01-20,13.33191586,13.36575031,13.43050003,13.0567503,13.11174965,258572000.0,2.6141522716196963,0
2021-01-21,13.83239269,13.86750031,13.99925041,13.25300026,13.41849995,337780000.0,3.7539980050697253,0
2021-01-22,13.67778683,13.71249962,13.84175014,13.62724972,13.73999977,246820000.0,-1.117726241464212,0
2021-01-25,13.61868668,13.65324974,13.82849979,13.23649979,13.78174973,251112000.0,-0.43208664825472587,0
2021-01-26,13.40123844,13.43525028,13.64474964,13.38749981,13.58049965,163980000.0,-1.5966855082224507,0
2021-01-27,12.88504887,12.91775036,13.23274994,12.79374981,13.22999954,371272000.0,-3.8518070688296935,0
2021-01-28,13.01795959,13.05099964,13.33975029,12.96049976,12.99625015,228316000.0,1.0315207856362418,0
2021-01-29,12.95686626,12.98974991,13.33475018,12.91149998,13.07499981,271552000.0,-0.46931064048363336,0
2021-02-01,13.20349026,13.23700047,13.27075005,12.90275002,13.05325031,217204000.0,1.9034281777023043,0
2021-02-02,13.52243042,13.5567503,13.57199955,13.28549957,13.39875031,220440000.0,2.415576177735068,0
2021-02-03,13.49624634,13.53050041,13.9317503,13.51650047,13.63599968,245408000.0,-0.1936296635927537,0
2021-02-04,13.62965965,13.66425037,13.67350006,13.33775043,13.53100014,201340000.0,0.9885071205581575,0
2021-02-05,13.55659389,13.5909996,13.73725033,13.54574966,13.72500038,169152000.0,-0.536076023320109,0
2021-02-08,14.40219879,14.43875027,14.47375011,13.7272501,13.7272501,434624000.0,6.237588808405237,0
2021-02-09,14.22714043,14.26325035,14.58325005,14.22249985,14.34074974,287560000.0,-1.2154786024981878,0
2021-02-10,14.72687435,14.7642498,14.90499973,14.34150028,14.46325016,485352000.0,3.51251950085838,0
2021-02-11,15.21214294,15.25074959,15.27225018,14.92500019,14.98025036,450828000.0,3.29512028440484,0
2021-02-12,14.92337513,14.96125031,15.29125023,14.77499962,15.050000190000002,374756000.0,-1.8982626282830428,0
2021-02-16,15.29144192,15.33024979,15.37250042,14.94999981,15.06424999,321960000.0,2.4663679328549293,0
2021-02-17,14.868264199999999,14.90600014,15.22350025,14.77999973,15.17099953,274756000.0,-2.767402069839331,0
2021-02-18,14.79145908,14.82900047,14.87325001,14.57499981,14.72900009,233868000.0,-0.5165682897947388,0
2021-02-19,14.88871384,14.92650032,15.17700005,14.84675026,15.024499889999998,271724000.0,0.6574944157379248,0
2021-02-22,14.31940842,14.35575008,15.133250240000002,14.32499981,14.77474976,325884000.0,-3.8237378338126127,0
2021-02-23,14.10619831,14.1420002,14.23875046,13.38949966,14.07524967,391780000.0,-1.4889495763637628,0
2021-02-24,14.46229458,14.4989996,14.50675011,13.75599957,14.12275028,448320000.0,2.5243911395221197,0
2021-02-25,13.27381134,13.30749989,14.37475014,13.21625042,14.0454998,824436000.0,-8.21780635127405,0
2021-02-26,13.67978191,13.71450043,13.85449982,13.36100006,13.75249958,500932000.0,3.058429782936467,0
2021-03-01,13.80670834,13.84175014,13.92500019,13.55325031,13.875,353184000.0,0.9278479420340213,0
2021-03-02,13.37231064,13.40625,13.9204998,13.39599991,13.89999962,264116000.0,-3.1462794487345125,0
2021-03-03,12.77233505,12.80475044,13.45149994,12.79874992,13.42625046,377592000.0,-4.486710004662009,0
2021-03-04,12.33893204,12.37024975,12.97500038,12.08374977,12.80074978,573344000.0,-3.393277299983055,0
2021-03-05,12.42995358,12.46150017,12.55000019,11.67924976,12.55000019,542840000.0,0.7376602885483585,0
2021-03-08,11.56390285,11.59325027,12.47124958,11.56649971,12.44999981,543112000.0,-6.967458878588618,0
2021-03-09,12.49286366,12.52025032,12.61674976,12.05924988,12.13024998,521824000.0,7.996032418956833,0
2021-03-10,12.44097805,12.46825027,12.97999954,12.45750046,12.84049988,384376000.0,-0.41532755872248917,0
2021-03-11,12.96507931,12.99349976,13.04625034,12.73449993,12.94999981,299916000.0,4.2126960770414446,0
2021-03-12,12.82787704,12.85599995,12.88875008,12.59000015,12.64824963,243964000.0,-1.0582199756780652,0
2021-03-15,13.16239643,13.19124985,13.20674992,12.76725006,12.86474991,221988000.0,2.6077310306772405,0
2021-03-16,13.26218033,13.29125023,13.51249981,13.11674976,13.35649967,272128000.0,0.7580811608992377,0
2021-03-17,13.31206989,13.34125042,13.45324993,12.98950005,13.0397501,243864000.0,0.3761887642980577,0
2021-03-18,12.69467163,12.72249985,13.18400002,12.71700001,13.13650036,293896000.0,-4.637875390393875,0
2021-03-19,12.8176527,12.84574986,12.92150021,12.61250019,12.75,299208000.0,0.9687562307182818,0
2021-03-22,13.15740871,13.18624973,13.39449978,12.90674973,12.91275024,297804000.0,2.650681149103429,0
2021-03-23,13.04216194,13.07075024,13.34449959,13.02124977,13.25424957,222048000.0,-0.8759085590289373,0
2021-03-24,12.61534786,12.64299965,13.15925026,12.63675022,13.15124989,245840000.0,-3.272578713125196,0
2021-03-25,12.50783157,12.53524971,12.71475029,12.27200031,12.49950027,295144000.0,-0.8522498060814176,0
2021-03-26,12.81116676,12.83924961,12.85624981,12.37349987,12.55449963,363968000.0,2.4251603042058534,0
2021-03-29,12.91992855,12.94824982,13.0625,12.69999981,12.82024956,273520000.0,0.8489609074591398,0
2021-03-30,12.8435955,12.87174988,12.97525024,12.70499992,12.84200001,200204000.0,-0.5908129752164482,0
2021-03-31,13.3190527,13.34825039,13.47049999,12.98250008,13.01550007,314776000.0,3.701909332004516,0
2021-04-01,13.78154087,13.81175041,13.86999989,13.51124954,13.57225037,308276000.0,3.4723653397095156,0
2021-04-05,13.95690441,13.98750019,14.01399994,13.7329998,13.86750031,255672000.0,1.2724656526717615,0
2021-04-06,13.83118248,13.86149979,14.05424976,13.77350044,13.99975014,191744000.0,-0.9008071370042336,0
2021-04-07,14.11256599,14.14350033,14.24349976,13.71150017,13.8807497,251284000.0,2.0344157866917234,0
2021-04-08,14.28568745,14.31700039,14.4715004,14.2489996,14.2527504,244416000.0,1.2267123127362334,0
2021-04-09,14.36850262,14.39999962,14.40799999,14.17500019,14.21399975,195172000.0,0.5797249964313078,0
2021-04-12,15.175733569999998,15.20899963,15.35249996,14.1392498,14.2897501,869324000.0,5.618055773254249,0
2021-04-13,15.64520359,15.67949963,15.69999981,15.125749590000002,15.23149967,676212000.0,3.093563097154206,0
2021-04-14,15.24358559,15.27700043,15.72049999,15.22749996,15.625,385500000.0,-2.567041101425771,0
2021-04-15,16.10195541,16.1372509,16.21425056,15.631500240000001,15.66250038,598480000.0,5.631016860552651,0
2021-04-16,15.87769604,15.91250038,16.1657505,15.86524963,16.0529995,335208000.0,-1.3927435434495261,0
2021-04-19,15.32814884,15.36174965,15.807499889999999,15.232999800000002,15.53649998,404420000.0,-3.461119980190064,0
2021-04-20,15.138066289999998,15.17125034,15.49699974,14.9630003,15.32324982,334132000.0,-1.240088624930824,0
2021-04-21,15.32690239,15.360500340000002,15.36250019,15.1022501,15.11874962,216776000.0,1.2474252006838826,0
2021-04-22,14.81776905,14.850250239999998,15.4385004,14.783499719999998,15.375,277788000.0,-3.321832549108228,0
2021-04-23,15.23186111,15.26525021,15.33500004,14.90025043,14.93424988,227500000.0,2.7945655008706494,0
2021-04-26,15.44414425,15.47799969,15.47900009,15.125,15.18500042,197796000.0,1.393684853332,0
2021-04-27,15.34810448,15.38175011,15.6704998,15.35449982,15.57849979,164572000.0,-0.6218476671903894,0
2021-04-28,15.24333668,15.27674961,15.532250399999999,15.21549988,15.36450005,209416000.0,-0.6826303850284154,0
2021-04-29,15.29123211,15.324749949999998,15.4364996,15.07149982,15.39999962,173196000.0,0.3142051890971498,0
2021-04-30,14.97667027,15.009499550000001,15.36499977,14.99699974,15.17450047,201912000.0,-2.05713242322757,0
2021-05-03,14.8042984,14.83675003,15.24674988,14.78750038,15.125,203912000.0,-1.1509345759632583,0
2021-05-04,14.3198595,14.35124969,14.63749981,14.01025009,14.63724995,405324000.0,-3.2722822654443484,0
2021-05-05,14.42687702,14.45849991,14.8135004,14.38749981,14.70899963,292024000.0,0.7473232109865169,0
2021-05-06,14.49123478,14.52299976,14.57124996,14.21800041,14.49524975,193380000.0,0.4461033329978381,0
2021-05-07,14.77985001,14.81225014,14.97074986,14.67175007,14.80825043,229328000.0,1.9916710375267543,0
2021-05-10,14.23454857,14.26574993,14.80599976,14.25,14.78724957,268904000.0,-3.6895151299409457,0
2021-05-11,14.27495956,14.30624962,14.35474968,13.75,13.82499981,285584000.0,0.28389457405832985,0
2021-05-12,13.72840881,13.7585001,14.26025009,13.70925045,14.00949955,303408000.0,-3.8287429238914705,0
2021-05-13,13.63536167,13.66524982,14.08075047,13.45899963,14.03374958,285404000.0,-0.6777648676980386,0
2021-05-14,14.21184635,14.24300003,14.32800007,13.74849987,13.89000034,258616000.0,4.22787887239664,0
2021-05-17,14.13451672,14.16549969,14.16924953,13.85350037,14.15699959,216980000.0,-0.5441293255406876,0
2021-05-18,13.98509312,14.01574993,14.40425014,14.00399971,14.2670002,186256000.0,-1.0571442114796326,0
2021-05-19,14.03498459,14.06575012,14.0795002,13.54325008,13.56649971,344000000.0,0.3567428803290529,0
2021-05-20,14.5805378,14.61250019,14.68375015,14.27050018,14.30249977,321592000.0,3.8871021121197114,0
2021-05-21,14.95895767,14.99174976,15.22200012,14.86950016,15.16374969,672992000.0,2.5953776908043125,0
2021-05-24,15.57785225,15.61200047,15.74499989,15.17599964,15.21249962,554816000.0,4.137280303696844,0
2021-05-25,15.61352348,15.6477499,15.81849957,15.48250008,15.76599979,435408000.0,0.22898686218142394,0
2021-05-26,15.6656599,15.69999981,15.793749810000001,15.58625031,15.73425007,370440000.0,0.33391324844729287,0
2021-05-27,15.454125400000002,15.48799992,15.75,15.46000004,15.699749949999998,581476000.0,-1.3503177870420546,0
2021-05-28,16.20897102,16.24449921,16.27750015,15.5010004,15.5010004,644536000.0,4.884422093927809,0
2021-06-01,16.22892952,16.26449966,16.38825035,15.90324974,16.27000046,472804000.0,0.12312137014163227,0
2021-06-02,16.74155426,16.77824974,16.91875076,16.23550034,16.25225067,594168000.0,3.1587204693636517,0
2021-06-03,16.93263245,16.96974945,17.25900078,16.58300018,16.70075035,580008000.0,1.141356893403822,0
2021-06-04,17.53980064,17.57825089,17.6609993,17.09550095,17.11249924,617120000.0,3.5858009677332214,0
2021-06-07,17.58046532,17.61899948,17.8125,17.19275093,17.57125092,575756000.0,0.23181254070723245,0
2021-06-08,17.41881943,17.45700073,17.62150002,17.25099945,17.52725029,323848000.0,-0.9194548770143807,0
2021-06-09,17.32424927,17.35824966,17.57500076,17.25575066,17.51575089,381656000.0,-0.5656817658848956,0
2021-06-10,17.39087105,17.42499924,17.49200058,17.1760006,17.35000038,287772000.0,0.38454096068116783,0
2021-06-11,17.79033661,17.82525063,17.93925095,17.44375038,17.47949982,416308000.0,2.2969951647469955,0
2021-06-14,17.98345947,18.01874924,18.03949928,17.66275024,17.90600014,321376000.0,1.085530935954071,0
2021-06-15,17.75365829,17.78849983,18.01625061,17.72800064,17.91500092,243032000.0,-1.2778323674590308,0
2021-06-16,17.77536392,17.81024933,17.95475006,17.58449936,17.7907505,307124000.0,0.12226719626644567,0
2021-06-17,18.62070656,18.65724945,18.83499908,17.75625038,17.77449989,809656000.0,4.755689290510334,0
2021-06-18,18.60224152,18.63875008,19.375,18.58399963,18.7840004,968856000.0,-0.09915379032463534,0
2021-06-21,18.39115906,18.42724991,18.53650093,17.82275009,18.43524933,672384000.0,-1.134733654843878,0
2021-06-22,18.84976006,18.88674927,18.96375084,18.38599968,18.4715004,580144000.0,2.4935861956842498,0
2021-06-23,19.01992035,19.05724907,19.15275002,18.90774918,19.00774956,332356000.0,0.9027482578530588,0
2021-06-24,19.16788292,19.20549965,19.42000008,19.08824921,19.22775078,320924000.0,0.7779222460463808,0
2021-06-25,18.99373055,19.03100014,19.34550095,18.89450073,19.28050041,278364000.0,-0.908591357580224,0
2021-06-28,19.94585609,19.98500061,20.07875061,19.31900024,19.36124992,495436000.0,5.0128761651094145,0
2021-06-29,19.98752785,20.02675056,20.09874916,19.65699959,19.88249969,367632000.0,0.20890642344593147,0
2021-06-30,19.9633255,20.00250053,20.16250038,19.86375046,19.99925041,326568000.0,-0.12108819115387304,0
2021-07-01,20.17241287,20.21199989,20.45599937,20.0189991,20.125,480136000.0,1.047365851513371,0
2021-07-02,20.44687462,20.48699951,20.50525093,20.28775024,20.4402504,342764000.0,1.3605760018634117,0
2021-07-06,20.65795898,20.69849968,20.84199905,20.35025024,20.73749924,446708000.0,1.0323628401355922,0
2021-07-07,20.33184814,20.37174988,20.875,20.33200073,20.85350037,418428000.0,-1.5786158661331595,0
2021-07-08,19.86376572,19.90275002,20.13299942,19.70075035,19.85650063,503300000.0,-2.3022070404489003,0
2021-07-09,20.01098061,20.0502491,20.08024979,19.75424957,19.96249962,296624000.0,0.7410989931128986,0
2021-07-12,20.47232437,20.51250076,20.53274918,20.18774986,20.23999977,321984000.0,2.3054659206204198,0
2021-07-13,20.21033669,20.25,20.46125031,20.11400032,20.40049934,290708000.0,-1.2797111530734817,0
2021-07-14,19.80264091,19.84149933,20.4177494,19.7527504,20.35774994,380100000.0,-2.0172872592592483,0
2021-07-15,18.92909622,18.96624947,19.84700012,18.85849953,19.81175041,550564000.0,-4.411208273341716,0
2021-07-16,18.12542725,18.1609993,19.15699959,18.07299995,19.03050041,688224000.0,-4.245700612942538,0
2021-07-19,18.74296761,18.77975082,19.04199982,17.8654995,17.91525078,749060000.0,3.4070345457256845,0
2021-07-20,18.57554626,18.61199951,18.83799934,18.16399956,18.72999954,434687000.0,-0.8932563142496464,0
2021-07-21,19.37198448,19.40999985,19.52700043,18.74200058,18.88199997,371017000.0,4.2875583548733776,0
2021-07-22,19.55562019,19.59399986,19.88699913,19.27599907,19.6420002,323826000.0,0.9479650253578109,0
2021-07-23,19.51969528,19.55800056,19.70000076,19.25,19.65600014,195672000.0,-0.1837261419680325,0
2021-07-26,19.25621033,19.29400063,19.44199944,18.91399956,19.31100082,203943000.0,-1.3498308745318988,0
2021-07-27,19.17038155,19.20800018,19.62199974,18.74099922,19.26499939,248863000.0,-0.4457367429867243,0
2021-07-28,19.46480179,19.50300026,19.64599991,18.99500084,19.31900024,202191000.0,1.5358188110970783,0
2021-07-29,19.62349129,19.66200066,19.85300064,19.32799911,19.5189991,190781000.0,0.8152612309917595,0
2021-07-30,19.4608078,19.49900055,19.62999916,19.26300049,19.41799927,183497000.0,-0.8290108052513845,0
2021-08-02,19.71131897,19.75,19.96100044,19.36100006,19.70000076,217444000.0,1.2872426428030437,0
2021-08-03,19.77619171,19.81500053,20.22200012,19.21999931,19.73999977,301811000.0,0.329116607594937,0
2021-08-04,20.23429108,20.27400017,20.31800079,19.82799911,19.98999977,231309000.0,2.3164250705170364,0
2021-08-05,20.5965786,20.63699913,20.7329998,20.34199905,20.5,211435000.0,1.7904654086820848,0
2021-08-06,20.32611084,20.36599922,20.56999969,20.20999908,20.52400017,178497000.0,-1.3131749838863338,0
2021-08-09,20.25524902,20.29500008,20.50799942,20.14299965,20.44599915,146443000.00000006,-0.34861604006286573,0
2021-08-10,19.8969574,19.93600082,20.43000031,19.83499908,20.3220005,179238000.0,-1.7689049449858385,0
2021-08-11,19.66041756,19.6989994,20.04899979,19.43000031,20.04299927,185925000.0,-1.1888112472499324,0
2021-08-12,19.86601448,19.90500069,20.02899933,19.62000084,19.87000084,151652000.0,1.0457449427609067,0
2021-08-13,20.1484642,20.18799973,20.2140007,19.85099983,19.90500069,183063000.0,1.421748456116223,0
2021-08-16,19.91092682,19.95000076,20.28700066,19.45299911,20.13500023,210876000.0,-1.1789130829357286,0
2021-08-17,19.41989326,19.45800018,19.77000046,19.2670002,19.68499947,204585000.0,-2.4661682268527496,0
2021-08-18,19.00271225,19.04000092,19.63400078,19.0,19.5,285913000.0,-2.1482128488704677,0
2021-08-19,19.75922394,19.79800034,20.49500084,18.76199913,19.49399948,766555000.0,3.981089198392751,0
2021-08-20,20.77523422,20.81599998,20.86499977,19.93300056,19.99099922,675741000.0,5.141931621969054,0
2021-08-23,21.91499329,21.95800018,21.99699974,20.95000076,20.97100067,575807000.0,5.486165454925218,0
2021-08-24,21.750314709999998,21.79299927,21.95899963,21.53499985,21.75300026,297299000.0,-0.7514386949968532,0
2021-08-25,22.16949463,22.21299934,22.46999931,21.722000120000004,21.736999509999997,347701000.0,1.9272247238504958,0
2021-08-26,22.02477455,22.06800079,22.34000015,21.79000092,22.20000076,237940000.0,-0.6527643916096171,0
2021-08-27,22.59166336,22.63599968,22.72200012,22.16699982,22.18400002,304722000.0,2.5738574844413886,0
2021-08-30,22.64356804,22.68799973,23.04299927,22.5510006,22.82999992,262580000.0,0.22972278995896378,0
2021-08-31,22.34509468,22.38500023,22.694999690000003,22.120000840000003,22.69499969,259850000.0,-1.335505569489892,0
2021-09-01,22.400997159999996,22.44099998,22.6970005,22.35700035,22.48500061,201767000.0,0.2501664035051032,0
2021-09-02,22.35607529,22.39599991,22.59300041,22.29500008,22.51799965,187834000.0,-0.2005261353776766,0
2021-09-03,22.80228233,22.84300041,22.98600006,22.20000076,22.32500076,280532000.0,1.9958943641556592,0
2021-09-07,22.62160492,22.66200066,22.89900017,22.52199936,22.83300018,198107000.0,-0.7923641673655113,0
2021-09-08,22.299179079999995,22.3390007,22.61000061,21.97699928,22.51300049,254434000.0,-1.4252932247509675,0
2021-09-09,22.13746643,22.17700005,22.53800011,22.13100052,22.31200027,196856000.0,-0.7251920181013283,0
2021-09-10,22.43792915,22.47800064,22.62599945,22.27000046,22.34799957,248376000.0,1.3572646855813275,0
2021-09-13,22.11251259,22.15200043,22.9640007,21.8579998,22.68400002,297500000.0,-1.450307859765232,0
2021-09-14,22.202350619999997,22.24200058,22.40999985,22.08600044,22.27499962,199755000.0,0.4062845262413184,0
2021-09-15,22.30117416,22.3409996,22.36700058,21.9659996,22.30900002,166538000.00000006,0.44509943988142453,0
2021-09-16,22.202350619999997,22.24200058,22.27700043,21.927000050000004,22.183000559999996,156033000.0,-0.4431270837138457,0
2021-09-17,21.8609581,21.899999619999996,22.32099915,21.82999992,22.29999924,294503000.0,-1.5376357840199306,0
2021-09-20,21.07536507,21.11300087,21.43300056,20.662000659999997,21.14599991,349440000.0,-3.593601660528245,0
2021-09-21,21.20812416,21.24600029,21.42499924,20.95000076,21.41699982,204688000.0,0.6299408635414894,0
2021-09-22,21.90188789,21.94099998,21.95999908,21.19599915,21.36599922,268726000.0,3.271202487590652,0
2021-09-23,22.44192696,22.48200035,22.53499985,21.88999939,22.13999939,248555000.0,2.465705166096077,0
2021-09-24,22.041639330000002,22.08099937,22.14900017,21.86100006,22.06999969,217655000.0,-1.7836534728102982,0
2021-09-27,21.62138939,21.65999985,21.79899979,21.32500076,21.70999908,245215000.0,-1.906614428747222,0
2021-09-28,20.66209984,20.6989994,21.41900063,20.650999070000005,21.2140007,343069000.0,-4.436751877447486,0
2021-09-29,20.48042679,20.5170002,21.0170002,20.46699905,20.94000053,218394000.0,-0.879265690495179,0
2021-09-30,20.67907143,20.7159996,21.06599998,20.68799973,20.76799965,221009000.0,0.9699244434378862,0
2021-10-01,20.70502472,20.74200058,20.85899925,20.20299911,20.75,240978000.0,0.12551158767157844,0
2021-10-04,19.69682503,19.73200035,20.54199982,19.55500031,20.50399971,345635000.0,-4.869348190906275,0
2021-10-05,20.41454315,20.45100021,20.64800072,19.85400009,19.95000076,279282000.0,3.6438265114869584,0
2021-10-06,20.6631012,20.70000076,20.71999931,20.07999992,20.12000084,297202000.0,1.2175470512109543,0
2021-10-07,21.03743362,21.07500076,21.3220005,20.972000119999997,21.09199905,256919000.0,1.811594136385919,0
2021-10-08,20.79386711,20.83099937,21.20599937,20.77499962,21.10099983,151257999.99999994,-1.157776423254564,0
2021-10-11,20.65810966,20.69499969,21.06299973,20.51099968,20.57500076,163388000.0,-0.6528716053626482,0
2021-10-12,20.63415527,20.67099953,21.05699921,20.52799988,20.82799911,162134000.0,-0.11597081594351133,0
2021-10-13,20.90167427,20.93899918,20.98999977,20.712999340000003,20.91799927,180652000.0,1.296500682567614,0
2021-10-14,21.707235339999997,21.74600029,21.754999160000004,21.12199974,21.28800011,243589000.0,3.854057699046165,0
2021-10-15,21.823026660000004,21.86199951,21.93099976,21.662000660000004,21.80999947,226994000.0,0.5334278416860849,0
2021-10-18,22.1823864,22.22200012,22.29100037,21.6439991,21.749000549999998,189494000.0,1.646695718913227,0
2021-10-19,22.25026894,22.29000092,22.378999710000002,22.03700066,22.27599907,161473000.0,0.30600665841415964,0
2021-10-20,22.063600539999996,22.103000639999998,22.433000559999996,21.98200035,22.30500031,146276000.0,-0.8389424507928567,0
2021-10-21,22.65154839,22.69199944,22.71100044,22.08300018,22.09700012,187590000.0,2.664791127653876,0
2021-10-22,22.68549156,22.72599983,23.12999916,22.561000820000004,22.82299995,249384000.0,0.14983426246726328,0
2021-10-25,23.124706270000004,23.16600037,23.35499954,22.77000046,22.97299957,230235000.0,1.936110812687608,0
2021-10-26,24.672939299999996,24.71699905,25.25900078,23.923999790000003,23.98900032,485898000.0,6.695150890218171,0
2021-10-27,24.4074173,24.45100021,25.09000015,24.28199959,24.47400093,245990000.0,-1.0761777328303856,0
2021-10-28,24.89653969,24.94099998,24.95000076,24.52300072,24.87800026,234204000.0,2.004007058163615,0
2021-10-29,25.52142143,25.566999439999996,25.70899963,25.0,25.000999450000002,292503000.0,2.5099212561725093,0
2021-11-01,25.78095818,25.82699966,25.8939991,25.22699928,25.64900017,265740000.0,1.0169367766841741,0
2021-11-02,26.35393524,26.400999069999997,26.6779995,25.79999924,25.8220005,294112000.0,2.222478094848146,0
2021-11-03,26.55059052,26.59799957,26.7840004,26.23500061,26.67000008,239910000.0,0.746185776824837,0
2021-11-04,29.74787712,29.801000599999995,31.36499977,27.118000029999997,27.22900009,1153631000.0,12.042262883606769,0
2021-11-05,29.69896317,29.75200081,31.39999962,29.40999985,30.18700027,851260000.0,-0.1644233046322663,0
2021-11-08,30.74908829,30.80400085,31.10000038,29.906999589999998,30.14900017,503101000.0,3.5358967846169653,0
2021-11-09,30.60235405,30.656999589999998,32.31000137,29.9640007,32.2820015,646746000.0,-0.47721482906010193,0
2021-11-10,29.4064846,29.45899963,30.85000038,28.777999879999996,29.356000900000005,636206000.0,-3.907753452789864,0
2021-11-11,30.33582687,30.38999939,30.59000015,29.77700043,30.468000410000002,332172000.0,3.1603237438242893,0
2021-11-12,30.33582687,30.38999939,30.68000031,29.629999159999997,30.010000230000003,413054000.0,0.0,0
2021-11-15,29.9714756,30.024999619999996,30.6439991,29.24699974,30.552000050000004,384909000.0,-1.2010522452333694,0
2021-11-16,30.14915657,30.20299911,30.38999939,29.70599937,29.75900078,264484000.0,0.5928376095013732,0
2021-11-17,29.20883942,29.260999679999998,30.50900078,28.79999924,30.417999270000003,428508000.0,-3.118893678635082,0
2021-11-18,31.618536,31.67499924,32.75999832,31.32099915,32.36700058,781711000.0,8.249887517171794,0
2021-11-19,32.92619705,32.98500061,33.08800125,31.90500069,32.24300003,533867000.0,4.1357581734230875,0
2021-11-22,31.89903641,31.95599937,34.64699936000001,31.899999619999996,33.51699829,754335000.0,-3.119603519692038,0
2021-11-23,31.68941116,31.746000289999998,32.36000061,30.879999159999997,31.53499985,532163000.0,-0.6571507201779014,0
2021-11-24,32.61575699,32.67399979,32.85499954,30.9279995,31.46100044,435162000.0,2.9232013214978814,0
2021-11-26,31.4468441,31.50300026,32.70999908,31.350000379999997,32.59999847,283069000.0,-3.583887915548045,0
2021-11-29,33.31650162,33.37599945,33.41199875000001,32.0359993,32.36600113,454964000.0,5.945462890968467,0
2021-11-30,32.61775589,32.67599869,33.35300064,31.864000319999995,33.16899872,622066000.0,-2.0973177478884497,0
2021-12-01,31.38280487,31.43499947,33.28900146,31.379999159999997,33.21900177,484368000.0,-3.79789224431506,0
2021-12-02,32.07266235,32.12599945,32.47800064,31.024999619999996,31.2140007,472890000.0,2.1981867079700734,0
2021-12-03,30.64203644,30.69300079,32.12900162,30.129999159999997,32.0,544325000.0,-4.460557444229185,0
2021-12-06,29.9871273,30.037000659999997,30.24099922,28.03800011,29.879999160000004,658938000.0,-2.1372955172689667,0
2021-12-07,32.3731575,32.42699814,32.44900131,30.650999069999997,30.957000730000004,593053000.0,7.956844649881245,0
2021-12-08,31.77315521,31.826000209999997,32.29000092,31.420999529999996,31.999000550000005,475551000.0,-1.8533874995312782,0
2021-12-09,30.43937683,30.489999769999997,32.20500183,30.4279995,31.733999250000004,488507000.0,-4.197827031937917,0
2021-12-10,30.14785957,30.197999949999996,31.30500031,29.861000059999995,31.149999620000003,488825000.0,-0.9576904631114713,0
2021-12-13,28.11424255,28.1609993,30.29400063,28.11599922,30.249000550000005,598344000.0,-6.745481996730717,0
2021-12-14,28.28995132,28.33699989,28.6779995,27.25,27.698999400000005,667035000.0,0.6249799168170922,0
2021-12-15,30.40842628,30.45899963,30.5,27.837999339999996,28.399999620000003,698297000.0,7.488441783665478,0
2021-12-16,28.33986664,28.38699913,31.15999985,28.093000409999995,31.15200043,707366000.0,-6.8025888084624615,0
2021-12-17,27.75483894,27.801000599999995,28.92200089,27.760000229999996,27.98500061,713758000.0,-2.0643201041307124,0
2021-12-20,27.67297935,27.718999859999997,28.1439991,27.14500046,27.305000310000004,461847000.0,-0.29495607435078286,0
2021-12-21,29.02672958,29.07500076,29.12000084,27.400999069999997,28.374000550000005,524385000.0,4.8919546406751335,0
2021-12-22,29.35118484,29.399999619999996,29.55500031,28.448999399999998,28.891000750000003,395184000.0,1.1177948461040588,0
2021-12-23,29.59078598,29.63999939,30.05900002,29.43099976,29.754999160000004,343022000.0,0.8163257588504669,0
2021-12-27,30.89361954,30.944999689999996,31.08699989,29.63999939,29.65999985,403686000.0,4.402835110854575,0
2021-12-28,30.27165413,30.3220005,31.32999992,30.01199913,31.31200027,420591000.0,-2.0132467159187706,0
2021-12-29,29.95118713,30.000999449999995,30.54800034,29.36599922,30.27300072,343139000.0,-1.0586407384301832,0
2021-12-30,29.53687859,29.58600044,30.45700073,29.540000919999997,29.82699966,308864000.0,-1.3832839492285642,0
2021-12-31,29.36216927,29.4109993,30.03000069,29.33099937,29.673999790000003,266530000.0,-0.5914998222044221,0
2022-01-03,30.0709877,30.121000289999998,30.71100044,29.78499985,29.81500053,391547000.0,2.414066189175701,0
2022-01-04,29.24136734,29.290000919999997,30.46800041,28.349000929999995,30.27700043,527154000.0,-2.7588704292662136,0
2022-01-05,27.5581665,27.60400009,29.41600037,27.53300095,28.948999400000005,498064000.0,-5.756233448421488,0
2022-01-06,28.13121605,28.1779995,28.43799973,27.06500053,27.63999939,454186000.0,2.079406637184955,0
2022-01-07,27.20176315,27.24699974,28.42200089,27.05699921,28.141000750000003,409939000.0,-3.3039952321668453,0
2022-01-10,27.35450554,27.399999619999996,27.46899986,25.643999099999995,26.58099937,594681000.0,0.5615292746356415,0
2022-01-11,27.7708149,27.816999439999996,28.06500053,26.8390007,27.322999950000003,404089000.0,1.5218971743912846,0
2022-01-12,27.95251274,27.999000549999998,28.59499931,27.6079998,28.066999440000004,383413000.0,0.654280165596477,0
2022-01-13,26.53087616,26.57500076,28.47999954,26.49799919,28.378999710000002,540171000.0,-5.085895074922597,0
2022-01-14,26.89726639,26.941999439999996,27.1970005,26.209999079999996,26.29999924,395832000.0,1.3809921712303108,0
2022-01-18,25.85999298,25.902999879999996,26.63800049,25.77000046,26.260000230000003,424270000.0,-3.856430783149034,0
2022-01-19,25.02537727,25.066999439999996,26.54299927,25.052000049999997,26.079000470000004,488315000.0,-3.2274271083384654,0
2022-01-20,24.10990143,24.149999620000003,25.57900047,24.07799911,25.30400085,435181000.0,-3.6581953982761983,0
2022-01-21,23.33519173,23.37400055,24.82299995,23.263000490000003,23.50699997,718958000.0,-3.2132467172270585,0
2022-01-24,23.33319283,23.37199974,23.379999160000004,20.88800049,22.32999992,913982000.0,-0.008559980974254255,0
2022-01-25,22.286930079999998,22.3239994,22.94300079,22.0,22.545999529999996,664616000.0,-4.483999450874531,0
2022-01-26,22.73419189,22.77199936,24.05699921,22.29999924,23.239999770000004,755959000.0,2.0068086903818783,0
2022-01-27,21.90756226,21.94400024,23.99500084,21.67499924,23.56800079,573353000.0,-3.6360405026816145,0
2022-01-28,22.80207634,22.84000015,22.8579998,21.295999529999996,22.01199913,543774000.0,4.083120216006697,0
2022-01-31,24.44534492,24.48600006,24.50900078,23.05200005,23.18199921,564680000.0,7.206654549868707,0
2022-02-01,24.59709358,24.63800049,25.14500046,23.88999939,25.10400009,518925000.0,0.6207646394982502,0
2022-02-02,25.20008659,25.242000579999996,25.81699944,24.5529995,25.79400063,543419000.0,2.451498003034569,0
2022-02-03,23.90823555,23.94799995,25.07699966,23.78000069,24.45800018,410178000.0,-5.126379051846131,0
2022-02-04,24.27862167,24.31900024,24.635000229999996,23.631999970000003,23.97200012,354829000.0,1.549191125666427,0
2022-02-07,24.68694687,24.72800064,25.18199921,24.20199966,24.37199974,376868000.0,1.6818142027371419,0
2022-02-08,25.06630898,25.1079998,25.22999954,23.97999954,24.35899925,410359000.0,1.536716071518196,0
2022-02-09,26.66065788,26.70499992,26.72500038,25.353000639999998,25.62199974,524282000.0,6.360523071216506,0
2022-02-10,25.78111839,25.823999399999998,26.92499924,25.600000379999997,25.995000840000003,513200000.0,-3.2990096335487884,0
2022-02-11,23.909235,23.9489994,26.15200043,23.77300072,25.91600037,605472000.0,-7.260687901038287,0
2022-02-14,24.226709370000002,24.2670002,24.875,23.75499916,23.93400002,440424000.0,1.327824994642568,0
2022-02-15,26.45100975,26.495000839999996,26.54500008,24.784000399999996,24.948999400000005,699869000.0,9.18119512769444,0
2022-02-16,26.46697807,26.510999679999998,26.58200073,25.552000049999997,26.25900078,732676000.0,0.060384372495847494,0
2022-02-17,24.466306690000003,24.50699997,25.78499985,24.16500092,25.629999160000004,810595000.0,-7.559125397718692,0
2022-02-18,23.60274506,23.6420002,24.98600006,23.100000379999997,24.667999269999996,761255000.0,-3.5296028524865575,0
2022-02-22,23.35116386,23.38999939,24.063999180000003,23.0,23.03499985,633422000.0,-1.0659030871677189,0
2022-02-23,22.34982491,22.38699913,24.15500069,22.3010006,23.80200005,566511000.0,-4.288158555612521,0
2022-02-24,23.70857048,23.74799919,23.79999924,20.88999939,21.01499939,735801000.0,6.079421596868584,0
2022-02-25,24.11688805,24.156999590000005,24.21699905,23.38100052,23.72100067,528866000.0,1.7222520378568307,0
2022-02-28,24.34451103,24.385000230000003,24.66500092,23.70700073,23.99200058,477319000.0,0.9438284715390655,0
2022-03-01,23.4380188,23.47699928,24.37700081,23.131999969999995,24.29100037,412056000.0,-3.723604434839889,0
2022-03-02,24.18390274,24.21999931,24.409000400000004,23.41500092,23.75600052,389642000.0,3.1647998159328505,0
2022-03-03,23.67865944,23.7140007,24.326000210000004,23.468999859999997,24.26199913,365095000.0,-2.0891768142663913,0
2022-03-04,22.90181732,22.936000819999997,23.680000310000004,22.48200035,23.38400078,431415000.0,-3.280761815951194,0
2022-03-07,21.320180890000003,21.35199928,23.03300095,21.32999992,22.816999439999996,450821000.0,-6.906180168160625,0
2022-03-08,21.48193932,21.51399994,22.37299919,20.649999619999996,21.30900002,557467000.0,0.7587142443927553,0
2022-03-09,22.97970581,23.01399994,23.21999931,22.24699974,22.38699913,492742000.0,6.972204165582041,0
2022-03-10,22.624233250000003,22.65800095,22.78800011,21.88199997,22.53100014,428066000.0,-1.5468801204837401,0
2022-03-11,22.06706429,22.10000038,23.14500046,22.045999530000003,23.02199936,367209000.0,-2.4627087413022664,0
2022-03-14,21.29820824,21.32999992,22.26199913,21.1590004,21.86899948,385354000.0,-3.4841649174668587,0
2022-03-15,22.93876076,22.97299957,23.03800011,21.3220005,21.51799965,491996000.0,7.702764445204924,0
2022-03-16,24.459493640000005,24.496000290000005,24.59700012,23.17200089,23.5,671422000.0,6.629524870530457,0
2022-03-17,24.72909355,24.76600075,24.84199905,23.906000139999996,24.12000084,471941000.0,1.1022226355468456,0
2022-03-18,26.41357422,26.45299911,26.56900024,24.624000549999998,24.798999790000003,730719000.0,6.811751227133445,0
2022-03-21,26.69415665,26.733999249999997,27.15200043,25.96699905,26.506999970000003,591727000.0,1.062261934200781,0
2022-03-22,26.48447609,26.52400017,27.23800087,26.0720005,26.72699928,547007000.0,-0.7855131513853086,0
2022-03-23,25.5958004,25.63400078,26.61199951,25.57500076,26.125999450000002,502120000.0,-3.3554493451053213,0
2022-03-24,28.10804939,28.149999619999996,28.31999969,25.906999589999998,26.16600037,877379000.0,9.815084510581018,0
2022-03-25,27.65073204,27.691999439999996,28.3579998,27.27099991,27.885999680000005,579016000.0,-1.6269988851957184,0
2022-03-28,28.17694855,28.218999859999997,28.25,27.20599937,27.75600052,425494000.0,1.9030782560206516,0
2022-03-29,28.6132946,28.656000139999996,28.94599915,27.97999954,28.694999690000003,488984000.0,1.5486030056629962,0
2022-03-30,27.64873505,27.69000053,28.49600029,27.50300026,28.30400085,463487000.0,-3.371020398103619,0
2022-03-31,27.24533463,27.2859993,28.24799919,27.27000046,27.781999590000005,523440000.0,-1.4590148872055564,0
2022-04-01,26.67218971,26.71199989,27.49600029,26.2670002,27.375,517235000.0,-2.103640785477845,0
2022-04-04,27.31922531,27.36000061,27.55800056,26.61300087,26.728000640000005,397120000.0,2.4258787161892226,0
2022-04-05,25.89235687,25.93099976,27.31900024,25.819999689999996,27.253999710000002,436615000.0,-5.222956206651929,0
2022-04-06,24.37062645,24.40699959,25.29999924,24.00300026,24.93400002,703833000.0,-5.877136184895004,0
2022-04-07,24.17191887,24.20800018,24.722000120000004,23.47800064,24.44099998,557992000.0,-0.8153374578722783,0
2022-04-08,23.084545139999996,23.11899948,23.92300034,23.06200027,23.91699982,524781000.0,-4.498515746458487,0
2022-04-11,21.88433647,21.91699982,22.31999969,21.65999985,22.2140007,575207000.0,-5.199185462328659,0
2022-04-12,21.47195435,21.50399971,22.72500038,21.28199959,22.53700066,662258000.0,-1.8843825039553397,0
2022-04-13,22.16991425,22.20299911,22.5,21.45499992,21.72800064,516943000.0,3.250555289372259,0
2022-04-14,21.22631836,21.25799942,22.77700043,21.16300011,22.50499916,569097000.0,-4.256180371481355,0
2022-04-18,21.75053787,21.78300095,22.087999339999996,21.07900047,21.20000076,525701000.0,2.4696657461852567,0
2022-04-19,22.16491699,22.19799995,22.37299919,21.31399918,21.71999931,512781000.0,1.9051507225867237,0
2022-04-20,21.449985499999997,21.48200035,22.67000008,21.20000076,22.5170002,468974000.0,-3.225514017536524,0
2022-04-21,20.15292168,20.18300056,22.3920002,20.0,21.70899963,656209000.0,-6.046921929223414,0
2022-04-22,19.48591995,19.51499939,20.48600006,19.5,20.3029995,624713000.0,-3.3097218028318776,0
2022-04-25,19.87233734,19.90200043,19.94499969,19.09600067,19.20199966,641566000.0,1.9830953220439707,0
2022-04-26,18.76000023,18.78800011,19.78800011,18.67000008,19.71800041,653143000.0,-5.597428881173039,0
2022-04-27,18.38755798,18.41500092,19.16699982,18.29000092,18.59799957,499460000.0,-1.9853054493089273,0
2022-04-28,19.7525177,19.78199959,20.03700066,18.48999977,18.96699905,570327000.0,7.423288632667635,0
2022-04-29,18.5193634,18.54700089,20.12800026,18.5170002,19.40200043,500435000.0,-6.2430427944418,0
2022-05-02,19.50388908,19.53300095,19.5739994,18.39100075,18.54100037,572049000.0,5.316223716426438,0
2022-05-03,19.57279015,19.60199928,19.82500076,19.13299942,19.39999962,475751000.0,0.3532397821339295,0
2022-05-04,20.30369568,20.33399963,20.39999962,18.75099945,19.92300034,648855000.0,3.734314747918921,0
2022-05-05,18.81591606,18.84399986,19.92499924,18.5,19.86700058,626331000.0,-7.32762760456488,0
2022-05-06,18.6471653,18.67499924,19.51199913,17.98999977,18.73600006,633297000.0,-0.8968404863913149,0
2022-05-09,16.92474174,16.95000076,18.25499916,16.82699966,18.0340004,644455000.0,-9.236940027848684,0
2022-05-10,17.56877708,17.59499931,18.19799995,17.02499962,17.68899918,761474000.0,3.805301009319817,0
2022-05-11,16.60521507,16.62999916,17.75300026,16.56800079,17.34700012,670167000.0,-5.484513713231842,0
2022-05-12,16.15089226,16.17499924,16.78800011,15.56700039,16.21899986,708728000.0,-2.736018899474213,0
2022-05-13,17.67961121,17.70599937,17.9279995,16.59300041,16.78800011,670437000.0,9.465225359726226,0
2022-05-16,17.23827171,17.26399994,17.78800011,17.1060009,17.50900078,521446000.0,-2.496325797621435,0
2022-05-17,18.14990997,18.17700005,18.37100029,17.63400078,18.0739994,585830000.0,5.2884621940052945,0
2022-05-18,16.91275597,16.93799973,18.11800003,16.86400032,17.70499992,545161000.0,-6.816308062891807,0
2022-05-19,17.09847832,17.12400055,17.68700027,16.73399925,16.93700027,621310000.0,1.0981274233377247,0
2022-05-20,16.66912079,16.69400024,17.40999985,15.755000109999997,17.33200073,739105000.0,-2.5110972680972066,0
2022-05-23,16.87281799,16.89800072,16.91500092,16.17900085,16.27400017,639889000.0,1.2219987843967939,0
2022-05-24,16.12992477,16.15399933,16.59700012,15.77999973,16.51000023,588550000.0,-4.402895953954,0
2022-05-25,16.94970131,16.97500038,17.11100006,16.0,16.02000046,781132000.0,5.082339259945967,0
2022-05-26,17.82439995,17.85099983,18.09199905,16.02199936,16.0359993,996575000.0,5.160526835876267,0
2022-05-27,18.78296471,18.81100082,18.88100052,18.10000038,18.18600082,738379000.0,5.3778555775158665,0
2022-05-31,18.64417267,18.67200089,19.20000076,18.35000038,18.97999954,664100000.0,-0.7389289455147718,0
2022-06-01,18.29269791,18.31999969,19.0529995,18.12199974,18.72400093,544514000.0,-1.8851820009740838,0
2022-06-02,19.56280136,19.59199905,19.61899948,18.19799995,18.29199982,648656000.0,6.943228065087359,0
2022-06-03,18.69209862,18.71999931,19.33200073,18.52199936,19.08200073,598779000.0,-4.450795132107766,0
2022-06-06,18.75800323,18.7859993,19.33699989,18.56399918,19.13899994,422406000.0,0.3525640621404591,0
2022-06-07,18.89779472,18.9260006,19.0,18.18799973,18.47200012,388914000.0,0.7452427617198776,0
2022-06-08,18.62414742,18.64800072,19.18000031,18.53499985,18.79899979,363252000.0,-1.4688781104656545,0
2022-06-09,18.0249157,18.04800034,18.93300056,18.04100037,18.4810009,395574000.0,-3.217505131027243,0
2022-06-10,16.95228577,16.97400093,17.6970005,16.86899948,17.60000038,465248000.0,-5.950794491175204,0
2022-06-13,15.6269865,15.64700031,16.31200027,15.605999950000001,16.0,604153000.0,-7.817842272263853,0
2022-06-14,15.81574345,15.83600044,16.06599998,15.4119997,15.730999950000001,469680000.0,1.2079000847159849,0
2022-06-15,16.50585938,16.52700043,16.86800003,15.92599964,16.09499931,563936000.0,4.3634754407723575,0
2022-06-16,15.581045149999998,15.60099983,15.94200039,15.401000019999998,15.85999966,545749000.0,-5.602956228639744,0
2022-06-17,15.85968685,15.88000011,15.99499989,15.328000070000002,15.64799976,630334000.0,1.7883487150835986,0
2022-06-21,16.54481125,16.56599998,17.00799942,16.40699959,16.47500038,483089000.0,4.319898395768984,0
2022-06-22,16.33907318,16.36000061,16.66200066,16.18000031,16.22599983,437135000.0,-1.2435070037951301,0
2022-06-23,16.20424461,16.22500038,16.58499908,15.85299969,16.5189991,463680000.0,-0.8251847491832054,0
2022-06-24,17.10409355,17.12599945,17.13999939,16.30999947,16.5,472153000.0,5.5531528437474,0
2022-06-27,16.84742355,16.86899948,17.32999992,16.62599945,17.31200027,427968000.0,-1.500642171280686,0
2022-06-28,15.96155643,15.98200035,17.20199966,15.94499969,16.89999962,461149000.0,-5.258160871079709,0
2022-06-29,15.52211857,15.541999820000001,15.81999969,15.17000008,15.81400013,482352000.0,-2.7531004903275536,0
2022-06-30,15.13960934,15.1590004,15.56700039,14.862000469999998,15.36100006,686070000.0,-2.464286606844135,0
2022-07-01,14.50442123,14.52299976,15.06299973,14.3920002,14.89900017,577610000.0,-4.195531520666762,0
2022-07-05,14.94485855,14.96399975,14.97099972,14.05500031,14.17500019,651397000.0,3.036562674982779,0
2022-07-06,15.1106472,15.13000011,15.31900024,14.78899956,15.01000023,529066000.0,1.1093314807092192,0
2022-07-07,15.83771515,15.8579998,15.94499969,15.38899994,15.45600033,492903000.0,4.811630434284253,0
2022-07-08,15.817740439999998,15.8380003,16.03700066,15.38899994,15.43000031,467972000.0,-0.12611615747404326,0
2022-07-11,15.13261795,15.15200043,15.527000430000001,15.038000109999999,15.52600002,437321000.0,-4.33135406620746,0
2022-07-12,15.06270599,15.08199978,15.43099976,14.87699986,15.26799965,458483000.0,-0.46198949322494576,0
2022-07-13,15.14460182,15.16399956,15.375,14.46500015,14.59000015,521918000.0,0.5436930194677503,0
2022-07-14,15.352334979999998,15.37199974,15.472999570000002,14.72799969,15.107999800000002,456235000.0,1.3716709709532537,0
2022-07-15,15.74183655,15.76200008,15.78199959,15.44499969,15.6590004,385935000.0,2.5370826606584407,0
2022-07-18,16.08040237,16.10099983,16.89699936,16.00200081,16.30200005,670517000.0,2.150740694578146,0
2022-07-19,16.97026825,16.99200058,17.11000061,16.17200089,16.48600006,702366000.0,5.533822491817264,0
2022-07-20,17.78422165,17.80699921,17.93300056,16.8010006,16.9470005,760538000.0,4.796366538259633,0
2022-07-21,18.02691269,18.04999924,18.1439991,17.54500008,17.88500023,557049000.0,1.3646321153512275,0
2022-07-22,17.29684639,17.31900024,17.96699905,17.13699913,17.89299965,536671000.0,-4.0498561261989146,0
2022-07-25,17.00222397,17.02400017,17.12400055,16.64900017,17.0189991,480748000.0,-1.7033319817079673,0
2022-07-26,16.51185417,16.53300095,16.91900063,16.47800064,16.88899994,397865000.0,-2.884158923266733,0
2022-07-27,17.76724625,17.79000092,17.93600082,16.91300011,17.03199959,569776000.0,7.602975248120325,0
2022-07-28,17.96099472,17.98399925,18.13999939,17.44000053,17.97500038,474646000.0,1.090490837366409,0
2022-07-29,18.1397686,18.16300011,18.24399948,17.69199944,17.81299973,435460000.0,0.9953340050322668,0
2022-08-01,18.4174118,18.44099998,18.84600067,17.98999977,18.18199921,476469000.0,1.5305834295896048,0
2022-08-02,18.50230217,18.52599907,18.93799973,18.09199905,18.12199974,489527000.0,0.46092451652397504,0
2022-08-03,18.86883163,18.89299965,18.96800041,18.13699913,18.18400002,418146000.0,1.9810029063118018,0
2022-08-04,19.19041824,19.21500015,19.27400017,18.76000023,18.84900093,409652000.0,1.704337616922591,0
2022-08-05,18.96471214,18.98900032,19.22900009,18.66600037,18.80999947,386068000.0,-1.1761635609459198,0
2022-08-08,17.77023888,17.79299927,18.23900032,17.24200058,17.50200081,981859000.0,-6.298388697904866,0
2022-08-09,17.06414223,17.08600044,17.4470005,16.72400093,17.25200081,668263000.0,-3.973466301389894,0
2022-08-10,18.07385063,18.09700012,18.11800003,17.31699944,17.69799995,597422000.0,5.917123106430178,0
2022-08-11,17.9190464,17.94199944,18.70700073,17.87599945,18.13100052,509327000.0,-0.8564993035983903,0
2022-08-12,18.68506432,18.70899963,18.71800041,17.95299911,18.15999985,478094000.0,4.2748869353437025,0
2022-08-15,19.00765228,19.03199959,19.16399956,18.61300087,18.70100021,457666000.0,1.7264416397874571,0
2022-08-16,18.85485268,18.87899971,19.1420002,18.50099945,18.92000008,451240000.0,-0.8039085923498779,0
2022-08-17,18.31154442,18.33499908,18.68799973,18.14500046,18.52300072,446799000.0,-2.8815119357825325,0
2022-08-18,18.7489872,18.77300072,18.86499977,18.18300056,18.3010006,415447000.0,2.388882803259995,0
2022-08-19,17.82616806,17.84900093,18.52000046,17.77000046,18.40600014,441588000.0,-4.921961085398607,0
2022-08-22,17.01221466,17.0340004,17.55800056,16.9659996,17.48999977,409593000.0,-4.566084864896691,0
2022-08-23,17.15902138,17.18099976,17.46500015,16.96999931,16.98900032,369986000.0,0.8629761450516193,0
2022-08-24,17.19996834,17.22200012,17.40600014,16.89500046,17.01199913,522661000.0,0.2386378009006096,0
2022-08-25,17.89008522,17.91300011,17.9470005,16.83300018,16.84399986,770691000.0,4.012309750233567,0
2022-08-26,16.2392025,16.26000023,17.92399979,16.23699951,17.85700035,769127000.0,-9.227934292688388,0
2022-08-29,15.78078651,15.80099964,16.33799934,15.767000200000002,16.02000046,496132000.0,-2.8228818173885006,0
2022-08-30,15.448213579999997,15.46800041,16.03899956,15.182000160000001,15.96000004,530181000.0,-2.1074567279719347,0
2022-08-31,15.07469177,15.09399986,15.53999996,14.95899963,15.38399982,573710000.0,-2.417898500689264,0
2022-09-01,13.91917229,13.93700027,14.38000011,13.27000046,14.20899963,1178865000.0,-7.665294823979152,0
2022-09-02,13.62954426,13.64700031,14.17099953,13.5909996,14.10000038,743157000.0,-2.080791808723992,0
2022-09-06,13.44777489,13.46500015,13.77900028,13.35099983,13.73099995,535751000.0,-1.3336275801696607,0
2022-09-07,13.7005291,13.71399975,13.8380003,13.34599972,13.56299973,512657000.0,1.8492357759089861,0
2022-09-08,13.97625732,13.98999977,14.00800037,13.36900043,13.45899963,624873000.0,2.0125421104809416,0
2022-09-09,14.37286663,14.38700008,14.47399998,14.1260004,14.15699959,486612000.0,2.8377435062673984,0
2022-09-12,14.49075127,14.50500011,14.54699993,14.19799995,14.36900043,484159000.0,0.8201850930968924,0
2022-09-13,13.11810017,13.13099957,13.92199993,13.09899998,13.80200005,714956000.0,-9.472599307687968,0
2022-09-14,13.11510372,13.12800026,13.28999996,12.91300011,13.25399971,588507000.0,-0.02284144465933835,0
2022-09-15,12.91629887,12.9289999,13.2329998,12.78999996,13.01500034,523625000.0,-1.5158467097714623,0
2022-09-16,13.1850338,13.19799995,13.21199989,12.61699963,12.74199963,670751000.0,2.080594416278081,0
2022-09-19,13.36885262,13.38199997,13.4630003,13.01000023,13.01200008,569685000.0,1.3941507857029523,0
2022-09-20,13.16305637,13.17599964,13.4829998,13.05700016,13.21500015,524818000.0,-1.5393837278569356,0
2022-09-21,13.24797249,13.26099968,14.03100014,13.10999966,13.2130003,807679000.0,0.6451126466484824,0
2022-09-22,12.54866028,12.56099987,13.14900017,12.42800045,13.06999969,759162000.0,-5.278635298179868,0
2022-09-23,12.50370502,12.51599979,12.61100006,12.25699997,12.42000008,663309000.0,-0.3582523721497255,0
2022-09-26,12.21598625,12.22799969,12.6590004,12.21399975,12.49100018,547343000.0,-2.301055487633563,0
2022-09-27,12.40080452,12.41300011,12.73600006,12.25800037,12.50699997,553854000.0,1.5129246376354821,0
2022-09-28,12.72348881,12.73600006,12.82299995,12.35400009,12.40999985,542414000.0,2.6021102645426453,0
2022-09-29,12.20799446,12.22000027,12.5,11.9460001,12.44799995,532763000.0,-4.05150586973223,0
2022-09-30,12.1270752,12.13899994,12.63300037,12.07499981,12.08699989,565638000.0,-0.6628504763527276,0
2022-10-03,12.49970722,12.51200008,12.67800045,12.10499954,12.34700012,547478000.0,3.0727419214403584,0
2022-10-04,13.15406513,13.16699982,13.22000027,12.87899971,12.87899971,584182000.0,5.234972313075614,0
2022-10-05,13.19602394,13.20899963,13.3210001,12.62100029,12.91100025,507131000.0,0.3189778277068456,0
2022-10-06,13.11710072,13.13000011,13.65600014,13.10299969,13.22000027,644157000.0,-0.5980734515320774,0
2022-10-07,12.06413651,12.07600021,12.67000008,12.02200031,12.50500011,672478000.0,-8.027417297561612,0
2022-10-10,11.65853691,11.67000008,12.1239996,11.40799999,12.0369997,698699000.0,-3.362041428781992,0
2022-10-11,11.57461929,11.58600044,11.84599972,11.28299999,11.56099987,667482000.0,-0.7197912547058039,0
2022-10-12,11.48870277,11.5,11.73499966,11.34500027,11.57900047,492590000.0,-0.7422789291729015,0
2022-10-13,11.94825077,11.96000004,12.07800007,10.81299973,10.97099972,850103000.0,4.000000347826083,0
2022-10-14,11.21597004,11.22700024,12.11100006,11.20400047,12.05700016,713432000.0,-6.128760849067694,0
2022-10-17,11.87632084,11.88799953,11.94799995,11.5170002,11.51799965,580774000.0,5.887585961252273,0
2022-10-18,11.95524311,11.96700001,12.49199963,11.61800003,12.34399986,659362000.0,0.6645397301761058,0
2022-10-19,12.03916168,12.05099964,12.35000038,11.83399963,11.87899971,523131000.0,0.7019272159255241,0
2022-10-20,12.18202114,12.19400024,12.76900005,12.10499954,12.11299992,652398000.0,1.1866285310087266,0
2022-10-21,12.45375156,12.4659996,12.49800014,11.88700008,12.09799957,609494000.0,2.2305999232947515,0
2022-10-24,12.58662319,12.59899998,12.71000004,12.06400013,12.50800037,517457000.0,1.0669050558929971,0
2022-10-25,13.24797249,13.26099968,13.30000019,12.66399956,12.69400024,505482000.0,5.254382895871701,0
2022-10-26,12.88332939,12.89599991,13.38799953,12.70800018,12.86900043,532953000.0,-2.7524302753018315,0
2022-10-27,13.16305637,13.17599964,13.8380003,13.12199974,13.63000011,583113000.0,2.1712138023735505,0
2022-10-28,13.82040882,13.83399963,13.85000038,13.06099987,13.10400009,521040000.0,4.993928415134641,0
2022-10-31,13.48374081,13.49699974,13.8380003,13.29699993,13.77799988,486341000.0,-2.436026449423867,0
2022-11-01,13.5296936,13.54300022,13.92500019,13.51900005,13.81099987,432817000.0,0.3408200406470385,0
2022-11-02,13.20601177,13.21899986,14.21000004,13.21100044,13.85000038,672628000.0,-2.3923824465536314,0
2022-11-03,13.40781498,13.42099953,13.78100014,12.95600033,13.04300022,500065000.0,1.528101007181637,0
2022-11-04,14.1420927,14.15600014,14.22900009,13.69699955,13.98600006,612576000.0,5.476496801576158,0
2022-11-07,14.28695011,14.30099964,14.4119997,13.95400047,14.22799969,410061000.0,1.0242971076998009,0
2022-11-08,14.58765507,14.60200024,14.89099979,14.2159996,14.80099964,595292000.0,2.10475216821977,0
2022-11-09,13.76246643,13.77600002,14.21100044,13.75899982,14.1619997,454414000.0,-5.65676076170234,0
2022-11-10,15.73452759,15.75,15.77299976,14.54699993,14.80000019,700819000.0,14.329268126699679,0
2022-11-11,16.31096077,16.32699966,16.38899994,15.48200035,15.807000160000001,655487000.0,3.663489904761885,0
2022-11-14,16.27898979,16.29500008,16.54000092,15.921999930000002,16.21800041,527852000.0,-0.1959917968173519,0
2022-11-15,16.64962769,16.66600037,16.99799919,16.38199997,16.72200012,545876000.0,2.276773784465047,0
2022-11-16,15.89437103,15.909999849999998,16.36199951,15.87300014,16.16200066,649547000.0,-4.536184466675364,0
2022-11-17,15.66160011,15.67700005,16.26600075,15.53499985,15.715000150000002,710894000.0,-1.4644865002937157,0
2022-11-18,15.39386272,15.4090004,16.00200081,15.119999890000003,15.9659996,492072000.0,-1.7095085102076024,0
2022-11-21,15.30195332,15.31700039,15.47700024,15.07999992,15.14700031,404739000.0,-0.597053719331464,0
2022-11-22,16.0222435,16.03800011,16.05800056,15.12199974,15.32800007,472866000.0,4.7071861437747,0
2022-11-23,16.50276947,16.5189991,16.52700043,16.04800034,16.09799957,427241000.0,2.999120755087703,0
2022-11-25,16.25401878,16.27000046,16.48699951,16.17200089,16.31800079,167934000.0,-1.507347015958127,0
2022-11-28,15.81145096,15.82699966,16.35700035,15.72500038,16.02599907,303741000.0,-2.722807544407402,0
2022-11-29,15.623634340000002,15.638999939999998,15.93200016,15.52000046,15.82699966,298384000.0,-1.187841814864865,0
2022-11-30,16.91069984,16.92300034,16.93000031,15.59700012,15.69699955,565298000.0,8.210246210922367,0
2022-12-01,17.12254715,17.13500023,17.26499939,16.63500023,16.99900055,470977000.0,1.25273229179641,0
2022-12-02,16.86373138,16.87599945,16.93300056,16.44499969,16.6590004,371389000.0,-1.511530647933934,0
2022-12-05,16.597929,16.61000061,16.99500084,16.47200012,16.67900085,352255000.0,-1.5761960693830068,0
2022-12-06,15.9753809,15.98700047,16.57299995,15.81900024,16.53000069,352694000.0,-3.7507532638194174,0
2022-12-07,16.1082859,16.12000084,16.18600082,15.66699982,15.77200031,372388000.0,0.8319282297487796,0
2022-12-08,17.15652275,17.16900063,17.17900085,15.95899963,16.27300072,515456000.0,6.50744252690747,0
2022-12-09,16.98864365,17.00099945,17.58300018,16.97500038,17.15999985,465338000.0,-0.9785146125887323,0
2022-12-12,17.52225685,17.53499985,17.53800011,16.79700089,17.03700066,457328000.0,3.1409941607874137,0
2022-12-13,18.0588665,18.0720005,18.79000092,17.71100044,18.53100014,656589000.0,3.0624502685695942,0
2022-12-14,17.6611557,17.67399979,18.25200081,17.42000008,17.98699951,496888000.0,-2.202305771295221,0
2022-12-15,16.9396801,16.95199966,17.31999969,16.70000076,17.14599991,478542000.0,-4.085097536373805,0
2022-12-16,16.55895424,16.57099915,17.04100037,16.40999985,16.86400032,478232000.0,-2.247525469806433,0
2022-12-19,16.24218559,16.25399971,16.60899925,16.14500046,16.5720005,354039000.0,-1.912977226843926,0
2022-12-20,16.07331085,16.08499908,16.30999947,15.85200024,16.06399918,403260000.0,-1.0397479575197988,0
2022-12-21,16.48900604,16.50099945,16.62700081,16.10199928,16.11400032,325025000.0,2.586262939344852,0
2022-12-22,15.327850339999998,15.33899975,16.13800049,14.88199997,16.09399986,565045000.0,-7.041995871347051,0
2022-12-23,15.19494915,15.206000329999998,15.33899975,14.88300037,15.1960001,349326000.0,-0.8670670980355122,0
2022-12-27,14.11073685,14.12100029,15.10000038,14.05599976,15.07400036,464902000.0,-7.135341420842911,0
2022-12-28,14.0257988,14.03600025,14.26200008,13.88399982,13.92700005,351066000.0,-0.6019406433989904,0
2022-12-29,14.59238529,14.60299969,14.68299961,14.22700024,14.40200043,354923000.0,4.039608363500857,0
2022-12-30,14.60337925,14.61400032,14.62899971,14.2329998,14.33399963,310490000.0,0.0753313033864833,0
2023-01-03,14.30459499,14.31499958,14.99600029,14.09599972,14.85099983,401277000.0,-2.0459883225183884,0
2023-01-04,14.73827839,14.7489996,14.85299969,14.24100018,14.56700039,431324000.0,3.0317850697415105,0
2023-01-05,14.25463295,14.26500034,14.56400013,14.14799976,14.49100018,389168000.0,-3.2815734838042787,0
2023-01-06,14.84820175,14.85900021,15.01000023,14.0340004,14.47399998,405044000.0,4.164036844320185,0
2023-01-09,15.616642,15.62800026,16.05599976,15.14099979,15.2840004,504231000.0,5.175314887487992,0
2023-01-10,15.8974371,15.9090004,15.96199989,15.47200012,15.506999970000003,384101000.0,1.7980556393975888,0
2023-01-11,15.98936844,16.00099945,16.02799988,15.56299973,15.840000149999998,353285000.0,0.5782830327919264,0
2023-01-12,16.49899864,16.51099968,16.63699913,15.49199963,16.10000038,551409000.0,3.187302340667242,0
2023-01-13,16.88671684,16.89900017,16.92200089,16.16500092,16.27799988,447287000.0,2.349951532431982,0
2023-01-17,17.6891346,17.70199966,17.72800064,16.89900017,16.89900017,511102000.0,4.7517573934671375,0
2023-01-18,17.36437225,17.37700081,17.87299919,17.28199959,17.66699982,439624000.0,-1.8359442788510427,0
2023-01-19,16.75281334,16.76499939,17.1970005,16.7310009,17.0359993,452932000.0,-3.5219047676386617,0
2023-01-20,17.82603645,17.8390007,17.8560009,16.82500076,17.01099968,564967000.0,6.406211446930454,0
2023-01-23,19.17905045,19.19300079,19.24500084,17.81800079,18.06399918,655163000.0,7.590111760015783,0
2023-01-24,19.25099754,19.26499939,19.49500084,18.81999969,18.82699966,496204000.0,0.3751294588468568,0
2023-01-25,19.30895805,19.32299995,19.37000084,18.57999992,18.91300011,449537000.0,0.3010670222502343,0
2023-01-26,19.7876091,19.80200005,20.16600037,19.27799988,19.70100021,489535000.0,2.4789116660945743,0
2023-01-27,20.35019684,20.36499977,20.62800026,19.40500069,19.46199989,542142000.0,2.843145735675323,0
2023-01-30,19.1480732,19.16200066,20.13999939,19.14999962,19.95000076,488611000.0,-5.9071894111786705,0
2023-01-31,19.52279854,19.53700066,19.68700027,18.95000076,19.17000008,498017000.0,1.9569981582497231,0
2023-02-01,20.92777634,20.94300079,21.19199944,19.61100006,19.69099998,660477000.0,7.196601742859321,0
2023-02-02,21.69322205,21.70899963,21.9489994,20.70000076,21.0,564276000.0,3.6575409974952455,0
2023-02-03,21.0846653,21.100000380000004,21.74500084,20.78899956,21.0,429366000.0,-2.8052847223711486,0
2023-02-06,21.07366943,21.0890007,21.56999969,20.7859993,20.80599976,452197000.0,-0.05213118389527649,0
2023-02-07,22.15688324,22.17300034,22.25900078,21.149999619999996,21.381999970000003,664150000.0,5.140118564271279,0
2023-02-08,22.18885994,22.20499992,22.87800026,22.00799942,22.38699913,559651000.0,0.144317771656155,0
2023-02-09,22.320762630000004,22.33699989,23.02000046,22.120000840000003,22.6060009,523876000.0,0.5944605740849873,0
2023-02-10,21.24954605,21.26499939,22.07799911,20.811000819999997,21.69000053,550737000.0,-4.799214331732715,0
2023-02-13,21.77216339,21.78800011,22.04800034,20.96199989,21.53800011,474919000.0,2.459443851411258,0
2023-02-14,22.95430374,22.97100067,23.04899979,21.36599922,21.57799911,675474000.0,5.429596814886373,0
2023-02-15,22.74745369,22.76399994,22.85499954,22.1060009,22.54899979,420575000.0,-0.9011393668641454,0
2023-02-16,21.98600769,22.00200081,22.54999924,21.927000050000004,22.13299942,412026000.0,-3.347386803762231,0
2023-02-17,21.37245369,21.38800049,21.73999977,20.975000380000004,21.63100052,465888000.0,-2.7906567466397525,0
2023-02-21,20.63998795,20.65500069,21.49399948,20.618000029999997,21.0,410015000.0,-3.4271544006309274,0
2023-02-22,20.73891449,20.75399971,21.10400009,20.42099953,20.70700073,513184000.0,0.47929807161868343,0
2023-02-23,23.64679909,23.66399956,23.88800049,23.02499962,23.44000053,1117995000.0,14.021392939491385,0
2023-02-24,23.269075389999998,23.2859993,23.47400093,22.9470005,23.22500038,589716000.0,-1.5973642115804765,0
2023-02-27,23.48391533,23.50099945,23.879999160000004,23.454000469999997,23.67000008,452994000.0,0.9233022265013879,0
2023-02-28,23.19912338,23.215999599999996,23.82500076,23.20599937,23.37199974,455963000.0,-1.2127137426914736,0
2023-03-01,22.68150139,22.69799995,23.25600052,22.50799942,23.191999440000004,460026000.0,-2.231218379242217,0
2023-03-02,23.29705429,23.31399918,23.379999160000004,22.43199921,22.48800087,389415000.0,2.7138921110095415,0
2023-03-03,23.87263489,23.88999939,23.899999620000003,23.129999159999997,23.31999969,412393000.0,2.4706195001247266,0
2023-03-06,23.53688049,23.55400085,24.24799919,23.48699951,23.89100075,437429000.0,-1.4064401363720558,0
2023-03-07,23.27502823,23.28800011,24.125,23.24099922,23.60000038,515154000.0,-1.1293229617082345,0
2023-03-08,24.16752815,24.18099976,24.20000076,23.423999790000003,23.48699951,513573000.0,3.834591402361509,0
2023-03-09,23.42294312,23.43600082,24.454000469999997,23.38299942,24.17499924,501257000.0,-3.0809269566776543,0
2023-03-10,22.95220184,22.96500015,23.62700081,22.72599983,23.4090004,474866000.0,-2.0097314111631737,0
2023-03-13,22.95320129,22.9659996,23.29800034,22.29700089,22.75200081,421890000.0,0.004352057450329738,0
2023-03-14,24.04959488,24.06299973,24.218999860000004,23.45999908,23.49600029,474910000.0,4.776626966413433,0
2023-03-15,24.21450424,24.228000639999998,24.2859993,23.36000061,23.760999679999998,524486000.0,0.6857038268353932,0
2023-03-16,25.52677155,25.54100037,25.58799934,23.8939991,24.02700043,583253000.0,5.419348255391165,0
2023-03-17,25.71067238,25.725000379999997,26.39900017,25.667999269999996,25.98200035,848547000.0,0.7204103493773983,0
2023-03-20,25.88557053,25.899999619999996,26.02400017,25.129999159999997,25.614999770000004,432747000.0,0.680269144470258,0
2023-03-21,26.18440437,26.198999399999998,26.3920002,25.38100052,26.180000310000004,547408000.0,1.154439321957046,0
2023-03-22,26.4532547,26.468000409999995,27.5890007,26.236999509999997,26.42499924,797295000.0,1.0267606250641714,0
2023-03-23,27.17585182,27.19099998,27.49900055,26.69000053,27.114999770000004,564889000.0,2.7315987562356314,0
2023-03-24,26.76408195,26.778999329999998,27.16699982,26.35499954,27.031000140000003,454920000.0,-1.5152096293002848,0
2023-03-27,26.51622009,26.531000139999996,27.0,26.364999769999997,26.83699989,361026000.0,-0.926095807180416,0
2023-03-28,26.39528656,26.40999985,26.51300049,25.850000379999997,26.4470005,356104000.0,-0.4560713480890377,0
2023-03-29,26.96896553,26.983999249999997,27.07799911,26.597000119999997,26.82500076,393694000.0,2.173416899886882,0
2023-03-30,27.36774254,27.382999419999997,27.49900055,27.10199928,27.22900009,364516000.0,1.4786546882964435,0
2023-03-31,27.7615242,27.77700043,27.83399963,27.10499954,27.13999939,433933000.0,1.4388526397595136,0
2023-04-03,27.94942093,27.96500015,28.0,27.33600044,27.50900078,398716000.0,0.6768179324249779,0
2023-04-04,27.43770218,27.45299911,28.0,27.30699921,27.965999600000004,368592000.0,-1.830863712689812,0
2023-04-05,26.86602402,26.88100052,26.99799919,26.39500046,26.829000470000004,515015000.0,-2.083555926651537,0
2023-04-06,27.02193642,27.037000659999997,27.07999992,26.427000049999997,26.58399963,397654000.0,0.5803360625804554,0
2023-04-10,27.56363487,27.579000469999997,27.62100029,26.66900063,26.822999950000003,395279000.0,2.0046595286801416,0
2023-04-11,27.15386391,27.16900063,27.79000092,27.125999449999995,27.724000930000003,314378000.0,-1.4866377787911222,0
2023-04-12,26.48023987,26.495000839999996,27.46800041,26.447999949999996,27.370000840000003,446259000.0,-2.4807676924846866,0
2023-04-13,26.44825745,26.462999339999996,26.88699913,26.329000469999997,26.733999250000004,353615000.0,-0.12078316280589307,0
2023-04-14,26.74308968,26.757999419999997,26.88299942,26.21999931,26.503999710000002,395660000.0,1.114764340239005,0
2023-04-17,26.98695755,27.00200081,27.00600052,26.433000559999996,26.56500053,321471000.0,0.911882036358902,0
2023-04-18,27.65158463,27.66699982,28.11000061,27.35700035,27.53300095,604812000.0,2.4627767945023082,0
2023-04-19,27.91543961,27.93099976,28.0,27.23200035,27.361000060000002,358660000.0,0.9542051603627755,0
2023-04-20,27.08890152,27.10400009,28.03000069,27.0,27.670999530000003,427713000.0,-2.960866696881881,0
2023-04-21,27.10389137,27.11899948,27.18300056,26.722000119999997,26.95199966,345103000.0,0.05534013411376826,0
2023-04-24,27.02693367,27.04199982,27.36599922,26.670999529999996,27.013000490000003,339282000.0,-0.28393252508001066,0
2023-04-25,26.22637939,26.24099922,27.24699974,26.225000379999997,27.07799911,378527000.0,-2.962061257790516,0
2023-04-26,26.94098091,26.95599937,27.32999992,26.70499992,27.00200081,406337000.0,2.7247443742731026,0
2023-04-27,27.21083069,27.22599983,27.49500084,26.625,27.36300087,377161000.0,1.0016340195514672,0
2023-04-28,27.73354149,27.749000549999998,27.75799942,27.07099915,27.225000380000004,292216000.0,1.9209605644076921,0
2023-05-01,28.8938942,28.90999985,29.05800056,27.78000069,27.84000015,570329000.0,4.183931950659026,0
2023-05-02,28.19428444,28.209999079999996,28.83600044,28.08300018,28.680000310000004,402730000.0,-2.4213101820545258,0
2023-05-03,27.78651047,27.802000049999997,28.36700058,27.472000119999997,27.84000015,383387000.0,-1.4462922485143137,0
2023-05-04,27.54664421,27.56200027,27.85899925,27.239999769999997,27.650999070000005,321850000.0,-0.8632464555369368,0
2023-05-05,28.66402054,28.680000309999997,28.75499916,27.731000899999998,27.826000210000004,361494000.0,4.0563095168999475,0
2023-05-08,29.134758,29.150999069999997,29.21999931,28.350000379999997,28.521999360000002,344979000.0,1.6422550729044971,0
2023-05-09,28.55508232,28.57099915,28.97299957,28.45000076,28.89900017,314869000.0,-1.9896399386081232,0
2023-05-10,28.86890984,28.885000229999996,29.11300087,28.46100044,29.004999160000004,369350000.0,1.0990202980003305,0
2023-05-11,28.56208038,28.57799911,28.95000076,28.246000289999998,28.89599991,322149000.0,-1.0628392506680573,0
2023-05-12,28.32420921,28.34000015,28.78000069,28.045999529999996,28.528999330000005,274222000.0,-0.8328048408284716,0
2023-05-15,28.93687057,28.95299911,28.96899986,28.15200043,28.507999420000004,293926000.0,2.163016784599403,0
2023-05-16,29.19672394,29.212999339999996,29.87000084,28.832000729999997,28.840999600000004,449405000.0,0.8980079369746541,0
2023-05-17,30.16118813,30.1779995,30.1989994,29.430000309999997,29.58399963,432535000.0,3.303324484996195,0
2023-05-18,31.6603508,31.6779995,31.82799911,30.319999689999996,30.40999985,748725000.0,4.970508399670437,0
2023-05-19,31.24658203,31.263999939999998,31.57999992,30.91600037,31.5359993,473908000.0,-1.3068993198260381,0
2023-05-22,31.15863419,31.176000599999995,31.52000046,30.680000309999997,30.900999070000005,372000000.0,-0.2814717891788887,0
2023-05-23,30.67090416,30.68799973,31.28800011,30.63100052,31.0,356253000.0,-1.5653094066209294,0
2023-05-24,30.52098656,30.53800011,30.60700035,29.80599976,30.209999080000003,721419000.0,-0.48878917270507305,0
2023-05-25,37.95884323,37.97999954,39.479999539999994,36.63499832,38.52299881,1543911000.0,24.36963587397145,1
2023-05-26,38.92430496,38.94599915,39.16999817,37.54999924,37.88999939,714397000.0,2.5434429218005095,1
2023-05-30,40.08865356,40.11100006,41.93799973,39.94900131,40.59500122,923401000.0,2.9913237185494213,1
2023-05-31,37.81292343,37.83399963,40.29499817,37.8219986,39.48799895999999,1002580000.0,-5.676748090533645,1
2023-06-01,39.74784088,39.77000046,40.04999923999999,38.34000015,38.488998409999994,635873000.0,5.117092691582292,1
2023-06-02,39.30509567,39.326999660000006,40.5,39.05799866,40.09700012,482731000.0,-1.1139069521650224,1
2023-06-05,39.14918137,39.17100143,39.56499863,38.707000730000004,38.9090004,396094000.0,-0.39666954344007577,1
2023-06-06,38.63246536,38.65399933,39.15999984999999,38.14799881,38.83000183,388729000.0,-1.3198592865283243,1
2023-06-07,37.457996370000004,37.47499847,39.49900054999999,37.35599899,38.91500092,511998000.0,-3.0501393916177566,1
2023-06-08,38.49252701,38.50999832,38.86399841,37.50500107,37.72399902,417772000.0,2.761840939976423,1
2023-06-09,38.75241089,38.770000460000006,39.710998540000006,38.56700134,39.03699875,427717000.0,0.675154898318886,1
2023-06-12,39.46408463,39.48199844,39.52999878,38.61800003,39.200000759999995,388701000.0,1.8364662665779186,1
2023-06-13,41.00338745,41.02199936,41.10100174,39.74000168,40.18600082,613208000.0,3.9005141098425122,1
2023-06-14,42.97748947,42.99700165,43.0,40.55199814,40.82400131,740465000.0,4.814495443451738,1
2023-06-15,42.63365173,42.65299988,43.289001459999994,42.14699936,42.60200119,568622000.0,-0.8000599037119138,1
2023-06-16,42.67263031,42.69200134,43.721000669999995,42.6609993,43.45000076,655709000.0,0.09143896117440597,1
2023-06-20,43.7881279,43.80799866,43.99000167999999,42.67399979,42.9980011,451153000.0,2.6140665346470415,1
2023-06-21,43.02546692,43.04499817,43.61500167999999,42.08000183,43.50099945,551603000.0,-1.7416921871317492,1
2023-06-22,43.00548172,43.02500153,43.42599869,42.23400116,42.25299835,417737000.0,-0.046455200023542975,1
2023-06-23,42.18985367,42.20899963,42.80899810999999,42.01499939,42.4640007,358140000.0,-1.8965761091978672,1
2023-06-26,40.61356735,40.63199997,42.76399993999999,40.09999847,42.46099854,594322000.0,-3.736169238370546,1
2023-06-27,41.85700226,41.87599945,41.93999862999999,40.44800186,40.79899979,462175000.0,3.0616250268716394,1
2023-06-28,41.09834671,41.11700058,41.84500122,40.51800156,40.65999985,582639000.0,-1.8124913553555722,1
2023-06-29,40.80347824,40.8219986,41.59999847,40.59999847,41.55799866,380514000.0,-0.7174696009890735,1
2023-06-30,42.2828064,42.30199814,42.54999923999999,41.50099945,41.68000031,501148000.0,3.6254950535420383,1
2023-07-03,42.39375687,42.4129982,42.89799880999999,42.20199966,42.51699829,198209000.0,0.26239909432324016,1
2023-07-05,42.29780197,42.31700134,43.176998139999995,42.08499908,42.13499832,323618000.0,-0.22633830211040706,1
2023-07-06,42.08390045,42.10300064,42.179000849999994,41.34600067,41.84400177,303582000.0,-0.5057085644622816,1
2023-07-07,42.48371506,42.50299835,43.2140007,42.18000031,42.3219986,355881000.0,0.9500456117609302,1
2023-07-10,42.16086197,42.18000031,42.81100081999999,41.64899826,42.6570015,353908000.0,-0.7599417747901072,1
2023-07-11,42.38575745,42.40499878,42.75799941999999,42.06700134,42.48099899,298244000.0,0.5334245337752064,1
2023-07-12,43.88208389,43.90200043,43.935001369999995,42.77700043,43.03300095,481277000.0,3.5302480676076664,1
2023-07-13,45.95614243,45.97700119,46.15499878,44.49200058,44.51800156,478204000.0,4.726437838085551,1
2023-07-14,45.44837189,45.46900177,48.08800124999999,45.06000137,46.58300018,772075000.0,-1.1048989861272118,1
2023-07-17,46.43992233,46.46099854,46.49599838,45.26200104,46.28900146,510488000.0,2.181699028753492,1
2023-07-18,47.47245026,47.49399948,47.89599991,45.73400116,46.70100021,569164000.0,2.2233722314656035,1
2023-07-19,47.05564499,47.07699966,47.81800079,46.74200058,47.4640007,427502000.0,-0.8780052734358668,1
2023-07-20,45.49934769,45.52000046,47.087001799999996,45.06200027,46.50699997,537865000.0,-3.307345861556543,1
2023-07-21,44.28889465,44.30899811,45.86600113,44.09999847,45.7879982,963769000.0,-2.6603742042229372,1
2023-07-24,44.59176254,44.61199951,45.10900115999999,44.04000092,44.73099899,382516000.0,0.6838371728644876,1
2023-07-25,45.65828323,45.67900085,46.182998659999996,44.92300034,44.94100189,348081000.0,2.39173619591031,1
2023-07-26,45.43138123,45.45199966,46.0530014,44.63000107,46.02099991,364237000.0,-0.49694867614427096,1
2023-07-27,45.87917709,45.90000153,47.39500045999999,45.75,46.51900101,455976000.0,0.9856593182945517,1
2023-07-28,46.7287941,46.75,47.02700043,46.38100052,46.66799927,331194000.0,1.8518484567902505,1
2023-07-31,46.707798,46.72900009,47.13000106999999,46.50600052,46.75400162,251055000.0,-0.04491959358289277,1
2023-08-01,46.48590088,46.50699997,46.90000153,46.02700043,46.45999908,237858000.0,-0.47507997083701126,1
2023-08-02,44.24891663,44.26900101,45.840000149999995,43.38700104,45.83100128,530142000.0,-4.812176578673444,1
2023-08-03,44.49480438,44.51499939,45.11800002999999,43.79999924,43.79999924,324176000.0,0.555689928364167,1
2023-08-04,44.659729,44.68000031,45.64199828999999,44.39300156,44.98500061,362666000.0,0.3706636465484525,1
2023-08-07,45.39639664,45.41699982,45.54000092,44.56299973,45.11100006,322154000.0,1.6495065015365684,1
2023-08-08,44.64374161,44.66400146,45.242000579999996,44.05599976,44.85300064,353843000.0,-1.6579658783810847,1
2023-08-09,42.53469467,42.55400085,44.31200027,42.13399887,44.27399826,586449000.0,-4.724163847902574,1
2023-08-10,42.3687706,42.38800049,43.57400131,41.83499908,42.15999985,492705000.0,-0.39009342643278044,1
2023-08-11,40.83646774,40.85499954,42.01800156,40.63899994,41.75099945,533085000.0,-3.616591800223412,1
2023-08-14,43.73314667,43.75299835,43.79999923999999,40.31100082,40.48600006,690286000.0,7.093376190501832,1
2023-08-15,43.92006302,43.93999863,45.26800156,43.70999908,44.56000137,676512000.0,0.4273999201245493,1
2023-08-16,43.46627045,43.48600006,44.67499923999999,43.40599823,44.52000046,527451000.0,-1.0332239056785708,1
2023-08-17,43.32433319,43.34400177,44.06200027,43.00099945,43.97000122,452395000.0,-0.32653794279556836,1
2023-08-18,43.2793541,43.29899979,43.57799910999999,41.65999985,42.63499832,583768000.0,-0.10382516187312785,1
2023-08-21,46.94569397,46.96699905,47.06499862999999,44.22200012,44.49399948,692573000.0,8.471325614424764,1
2023-08-22,45.64728165,45.66799927,48.18700027,45.33300018,48.13499832,755293000.0,-2.765771299582309,1
2023-08-23,47.09462738,47.11600113,47.200000759999995,45.20800018,45.86600113,779046000.0,3.170714467780966,1
2023-08-24,47.14160156,47.1629982,50.265998839999995,47.1590004,50.2159996,1156044000.0,0.09974757804747103,1
2023-08-25,45.9971199,46.01800156,47.80500031,45.02399826,47.01200104,925341000.0,-2.427743535609228,1
2023-08-28,46.81375122,46.83499908,46.979999539999994,44.88800049,46.48199844,685192000.0,1.775386788439226,1
2023-08-29,48.76186752,48.7840004,49.081001279999995,46.39099884,46.66600037,701397000.0,4.161420643290414,1
2023-08-30,49.24164963,49.26399994,49.926998139999995,48.42499924,49.04399872,735206000.0,0.9839282061009591,1
2023-08-31,49.33261108,49.35499954,49.74399948,48.95800018,49.38000107,528570000.0,0.18471825290442556,1
2023-09-01,48.4869957,48.50899887,49.79999923999999,48.14199829,49.76200104,463830000.0,-1.7141134188733087,1
2023-09-05,48.52597427,48.54800034,48.85100174,47.86000061,48.22299957,382653000.0,0.08040048425761448,1
2023-09-06,47.0435257,47.06100082,48.548999789999996,46.58000183,48.44100189,468670000.0,-3.0629470000535286,1
2023-09-07,46.22383499,46.24100113,46.34400176999999,45.15200043,45.52500153,433330000.0,-1.7424187240223543,1
2023-09-08,45.5550766,45.5719986,46.60599899,45.27099991,45.94200134,473069000.0,-1.4467734557026435,1
2023-09-11,45.16122437,45.1780014,46.16299819999999,44.31200027,46.14799881,473966000.0,-0.8645598439915747,1
2023-09-12,44.85333633,44.86999893,45.67300034,44.53099823,44.73799896,349256000.0,-0.6817531994675607,1
2023-09-13,45.46810913,45.48500061,45.93000031,44.50299835,44.59999847,398355000.0,1.370630030456299,1
2023-09-14,45.56407928,45.58100128,45.98699950999999,45.13100052,45.95000076,370097000.0,0.21106006092674878,1
2023-09-15,43.88369751,43.90000153,45.598999019999994,43.80799866,45.3409996,506831000.0,-3.687939498462911,1
2023-09-18,43.94967651,43.9659996,44.242000579999996,42.0,42.7480011,500271000.0,0.1503372840543138,1
2023-09-19,43.50383759,43.52000046,43.9659996,43.0019989,43.83300018,373064000.0,-1.014418286989216,1
2023-09-20,42.22331619,42.23899841,43.902999879999996,42.22299957,43.59999847,367108000.0,-2.9434789440716758,1
2023-09-21,41.0017662,41.01699829,42.09999847,40.97999954,41.58300018,450736000.0,-2.8930613082688517,1
2023-09-22,41.59454346,41.61000061,42.11500167999999,41.23099899,41.5719986,479236000.0,1.4457477258753348,1
2023-09-25,42.2063179,42.22200012,42.5359993,41.17699814,41.5909996,419091000.0,1.470799089228847,1
2023-09-26,41.89543533,41.9109993,42.81999969,41.65499878,42.00099945,402282000.0,-0.7365847641421452,1
2023-09-27,42.45222855,42.4679985,42.87200165,41.62900162,42.33000183,444935000.0,1.3290048180740976,1
2023-09-28,43.07299805,43.0890007,43.44599914999999,42.11500168,42.45999908,424663000.0,1.4622827115339465,1
2023-09-29,43.48284912,43.49900055,44.14400101,43.30699921,43.82699966,397830000.0,0.9515185855772268,1
2023-10-02,44.76537323,44.7820015,45.17499923999999,43.86100006,44.02999878,433298000.0,2.9494952384601536,1
2023-10-03,43.50083542,43.51699829,45.13000106999999,43.24599838,44.80799866,470850000.0,-2.82480275027458,1
2023-10-04,44.02465057,44.04100037,44.14300156,43.29199982,43.74200058,361821000.0,1.204131949791254,1
2023-10-05,44.67140579,44.68799973,44.90000153,43.88800049,44.04999924,393483000.0,1.4690841592252424,1
2023-10-06,45.74500656,45.76200104,45.789001459999994,44.02600098,44.19300079,434436000.0,2.403332698910221,1
2023-10-09,45.25618362,45.27299881,45.604999539999994,44.36800003,44.84199905,409675000.0,-1.068577026543427,1
2023-10-10,45.78099442,45.79800034,46.25899887,45.08800125,45.31000137,368582000.0,1.159634978463231,1
2023-10-11,46.78862381,46.80599976,46.85900115999999,46.04999924,46.19599915,378137000.0,2.200968191878916,1
2023-10-12,46.92756271,46.94499969,47.60900115999999,46.33000183,46.77700043,481325000.0,0.29697032584012906,1
2023-10-13,45.4441185,45.46099854,47.11600113,45.27999878,46.95999908,474115000.0,-3.1611484924902844,1
2023-10-16,46.07788467,46.09500122,46.22499847,44.91199875,45.06299973,375099000.0,1.3946079064721006,1
2023-10-17,43.92168427,43.93799973,44.75400162,42.47999954,44.0,812333000.0,-4.679469428160266,1
2023-10-18,42.18033218,42.19599915,43.21900176999999,41.82500076,42.5909996,627294000.0,-3.964678844518721,1
2023-10-19,42.08536911,42.10100174,43.29700088999999,41.88199997,42.81100082,501233000.0,-0.22513369019251384,1
2023-10-20,41.37162781,41.38700104,42.47000122,41.07799911,41.88999939,477266000.0,-1.6959233046505595,1
2023-10-23,42.9590416,42.97499847,43.248001099999996,40.94499969,41.22900009,478530000.0,3.836947326686513,1
2023-10-24,43.64678192,43.6629982,43.6969986,42.69100189,43.07699966,401463000.0,1.60093020242984,1
2023-10-25,41.76348114,41.77899933,43.65000153,41.55500031,43.39799881,398379000.0,-4.314863723673468,1
2023-10-26,40.31102753,40.32600021,42.25600052,39.88000107,41.85300064,541001000.0,-3.4778217365217134,1
2023-10-27,40.48495865,40.5,41.206001279999995,40.01499939,41.13000107,416784000.0,0.4314828872040044,1
2023-10-30,41.14571762,41.1609993,41.765998839999995,40.48099899,41.0870018,388028000.0,1.6320970370370391,1
2023-10-31,40.76485443,40.77999878,40.87900162,39.22999954,40.450000759999995,517969000.0,-0.9256347670839937,1
2023-11-01,42.30928802,42.32500076,42.38100052,40.86899948,40.88399887,437593000.0,3.7886268421315483,1
2023-11-02,43.48984528,43.50600052,43.88399887,42.89400101,43.32799911,409172000.0,2.7903124366063237,1
2023-11-03,44.98828888,45.00500107,45.30899810999999,43.72299957,44.02000046,424610000.0,3.44550299288231,1
2023-11-06,45.7340126,45.75099945,45.935001369999995,44.89899826,45.28499985,400733000.0,1.6575899617015777,1
2023-11-07,45.93793869,45.95500183,46.21799849999999,45.15800095,45.71900177,343165000.0,0.4458971005058432,1
2023-11-08,46.55670547,46.57400131,46.867000579999996,45.9679985,46.09999847,346719000.0,1.3469686766412137,1
2023-11-09,46.93256378,46.95000076,48.229999539999994,46.75,47.46699905,540496000.0,0.8073161837595322,1
2023-11-10,48.31704712,48.33499908,48.47200011999999,47.28300095,47.5,421245000.0,2.949943125836918,1
2023-11-13,48.60194397,48.61999893,49.11600113,48.09899902,48.31999969,384136000.0,0.5896345410667969,1
2023-11-14,49.6375618,49.65599823,49.833999629999994,49.04000092,49.68000031,416954000.0,2.1308089732613222,1
2023-11-15,48.86985016,48.88800049,49.95999908,48.20000076,49.93500137,475497000.0,-1.546636393135703,1
2023-11-16,49.46162796,49.47999954,49.52500153,48.33000183,48.67900085,339756000.0,1.2109291524841304,1
2023-11-17,49.27969742,49.29800034,49.71699905,49.00699997,49.52399826,325205000.0,-0.3678237705981968,1
2023-11-20,50.39028168,50.4090004,50.54800034,49.18099976,49.31200027,414120000.0,2.253641227509462,1
2023-11-21,49.92545319,49.94400024,50.51699828999999,49.22200012,50.12599945,565747000.0,-0.9224546337165518,1
2023-11-22,48.69791031,48.7159996,50.33499908,47.68999863,49.85200119,899420000.0,-2.458755073880714,1
2023-11-24,47.75825882,47.77600098,48.92100142999999,47.74499893,48.47000122,294645000.0,-1.9295480493435324,1
2023-11-27,48.22408295,48.24200058,48.52999878,47.65200043,47.79999924,395662000.0,0.9753842733615903,1
2023-11-28,47.80324173,47.82099915,48.32300185999999,47.47299957,48.23600006,401491000.0,-0.8726865074798362,1
2023-11-29,48.12212372,48.13999939,48.76200104,47.86000061,48.37900162,382005000.0,0.6670714658206789,1
2023-11-30,46.75262833,46.77000046,48.11000061,46.42200089,48.02399826,526247000.0,-2.845864036891921,1
2023-12-01,46.74763107,46.76499939,47.200000759999995,46.18700027,46.52500153,369317000.0,-0.01069290132736933,1
2023-12-04,45.49309921,45.50999832,46.07699966,45.00999832,46.07699966,437543000.0,-2.6836332436013244,1
2023-12-05,46.55280685,46.56600189,46.59999847,45.27099991,45.4659996,371718000.0,2.3203770797238787,1
2023-12-06,45.49010086,45.50299835,47.38700104,45.41199875,47.21500015,380590000.0,-2.2827889379703925,1
2023-12-07,46.58279037,46.59600067,46.62900162,45.60400009,45.70000076,350823000.0,2.402044611638221,1
2023-12-08,47.49253464,47.50600052,47.74100113,46.54999924,46.59500122,359224000.0,1.9529569853961481,1
2023-12-11,46.61378479,46.6269989,47.530998229999994,45.83000183,47.49100113,509728000.0,-1.8502959844618916,1
2023-12-12,47.64349365,47.6570015,47.66600036999999,46.04600143,46.04600143,372387000.0,2.209026152871285,1
2023-12-13,48.07437134,48.08800125,48.59400176999999,47.60800171,47.62900162,447792000.0,0.9043786567226597,1
2023-12-14,48.33629608,48.34999847,48.66999817,47.42200089,48.38999939,391232000.0,0.5448286749077713,1
2023-12-15,48.87614059,48.88999939,49.40399932999999,48.11999893,48.19400024,479948000.0,1.1168581945975697,1
2023-12-18,50.06280136,50.07699966,50.432998659999996,49.15000153,49.40000153,412587000.0,2.427899948476564,1
2023-12-19,49.58993912,49.60400009,49.700000759999995,48.89500046,49.42399979,464444000.0,-0.9445445478192593,1
2023-12-20,48.09736252,48.11100006,49.99900054999999,48.09799957,49.65499878,397894000.0,-3.009837971315099,1
2023-12-21,48.97611618,48.99000168,49.09500122,48.41899872,48.81100082,300425000.0,1.827028369611483,1
2023-12-22,48.81616211,48.83000183,49.38299941999999,48.46699905,49.19499969,252507000.0,-0.3265969473630781,1
2023-12-26,49.26502991,49.27899933,49.59999847,48.95999908,48.9679985,244200000.0,0.91951153629517,1
2023-12-27,49.40298843,49.41699982,49.68000031,49.08499908,49.51100159,233648000.0,0.2800391482705944,1
2023-12-28,49.50796509,49.52199936,49.88399887,49.41199875,49.64300156,246587000.0,0.21247655742449023,1
2023-12-29,49.50796509,49.52199936,49.99700165,48.75099945,49.81299973,389293000.0,0.0,1
2024-01-02,48.15434647,48.16799927,49.29499817,47.59500122,49.24399948,411254000.0,-2.7341385798200557,1
2024-01-03,47.55551529,47.56900024,48.18399810999999,47.31999969,47.48500061,320896000.0,-1.2435621970561472,1
2024-01-04,47.98439789,47.9980011,48.5,47.50799942,47.76699829,306535000.0,0.9018496454320291,1
2024-01-05,49.08308029,49.09700012,49.54700088999999,48.30599976,48.4620018,415039000.0,2.2896766423883275,1
2024-01-08,52.23818588,52.25299835,52.27500153,49.47900009,49.51200104,642510000.0,6.428087708589714,1
2024-01-09,53.12493896,53.13999939,54.325000759999995,51.68999863,52.40100098,773100000.0,1.6975122347213656,1
2024-01-10,54.33459091,54.34999847,54.59999847,53.48899841,53.61600113,533796000.0,2.2770024348696127,1
2024-01-11,54.80646133,54.8219986,55.346000669999995,53.56000137,54.99900055,596759000.0,0.8684455258274326,1
2024-01-12,54.69448853,54.70999908,54.97000122,54.33000183,54.61999893,352994000.0,-0.20429667443754296,1
2024-01-16,56.3660202,56.38199997,56.83499908,54.90000153,55.01800156,449580000.0,3.056115734081999,1
2024-01-17,56.03711319,56.0530014,56.471000669999995,54.74000168,56.34700012,474394000.0,-0.5835170270211409,1
2024-01-18,57.09081650000001,57.106998440000005,57.59999847,56.10699844,57.25999832,491650000.0,1.8803578999785797,1
2024-01-19,59.47413635,59.491001129999994,59.500000000000014,57.22499847,57.98899841,543501000.0,4.17462439827716,1
2024-01-22,59.63709259,59.65399933,60.331001279999995,59.06999969,60.04899979000001,452955000.0,0.27398799298032905,1
2024-01-23,59.85603333,59.8730011,59.90999984999999,58.58499908000001,59.569999689999996,294654000.0,0.36712001284022744,1
2024-01-24,61.34460831,61.36199951,62.848999019999994,59.93799973,60.30400085,560271000.0,2.4869279686065227,1
2024-01-25,61.5995369,61.61700058,62.71900176999999,60.849998469999996,62.34999847,482777000.0,0.41556838440124366,1
2024-01-26,61.01370239,61.03099823,61.78300095,60.57300186,60.95999908000001,390309000.0,-0.9510400449291079,1
2024-01-29,62.44729613999999,62.46500015,62.488998409999994,60.9070015,61.23199844,348733000.0,2.3496288141902077,1
2024-01-30,62.75620651,62.77399826,63.49300002999999,62.25999832,62.90000153,410735000.0,0.4946739922484289,1
2024-01-31,61.50956345,61.527000429999994,62.26900101,60.70000076,61.43999862999999,453795000.0,-1.9864878206978798,1
2024-02-01,63.0091362,63.02700043,63.19100189000001,61.65000153,62.09999847000001,369146000.0,2.4379540519069653,1
2024-02-02,66.14124298,66.16000366,66.59999847,63.68999863,63.97399902,476578000.0,4.970890584392684,1
2024-02-05,69.31235504,69.33200073,69.49700165,67.20500183,68.22499847,680078000.0,4.794433032835177,1
2024-02-06,68.20366669,68.22299957,69.7539978,66.30000305,69.62999724999999,683111000.0,-1.5995516476133398,1
2024-02-07,70.07912445,70.09899902,70.22000122,67.59999847,68.31900024,495575000.0,2.749804995125049,1
2024-02-08,69.62125397,69.64099884,70.79399872000002,69.45500183,70.0739975,414422000.0,-0.6533619401174695,1
2024-02-09,72.11256409,72.13300323,72.18499756,70.21199799,70.53299713,436637000.0,3.5783581963340083,1
2024-02-12,72.2275238,72.2480011,74.61100006,71.25,72.59999847,613710000.0,0.1594247637705104,1
2024-02-13,72.1075592,72.12799835,73.44999695,69.62000275,70.40000153,602580000.0,-0.16609836697613067,1
2024-02-14,73.87906647,73.90000153,74.23600006,71.93800354,73.20200348,504917000.0,2.4567480320213164,1
2024-02-15,72.63739777,72.65799713,73.97499847,72.40000153000001,73.8690033,420122000.0,-1.680655445583179,1
2024-02-16,72.59241486,72.61299896,74.40200043,72.50099945,74.09999847,495327000.0,-0.06193147592479242,1
2024-02-20,69.43231201,69.45200348000002,71.95600128000001,67.73400116,71.94699859999999,704833000.0,-4.353208826619703,1
2024-02-21,67.45288086,67.47200012,68.88800049,66.2480011,68.0059967,690298000.0,-2.850894518212388,1
2024-02-22,78.51574707,78.53800201,78.57499695,74.22000122,75.02500153,865100000.0,16.400880172988707,1
2024-02-23,78.79466248,78.81700134,82.39399719,77.56999969,80.79000092,829388000.0,0.3552411862533411,1
2024-02-26,79.06958771,79.09200287,80.64600372,78.50499725,79.69999695,503973000.0,0.3489114344932931,1
2024-02-27,78.67868805,78.7009964,79.48000336,77.16200256,79.3809967,391705000.0,-0.4943691597274258,1
2024-02-28,77.64099121,77.66300201,78.93299866,77.125,77.62000275,393110000.0,-1.3189088289611517,1
2024-02-29,79.08957672,79.11199951,79.98999786,78.34999847,79.09400177,507289000.0,1.8657500515025571,1
2024-03-01,82.25567627,82.27899933,82.30000305,79.43499756,80.0,479135000.0,4.003185154737099,1
2024-03-04,85.21283722,85.23699951,87.69499969,83.71900177,84.12999725,615616000.0,3.5950852636603248,1
2024-03-05,85.94366455,85.96399689,86.09700012,83.41699982,85.26999664,520639000.0,0.8529129183092676,1
2024-03-06,88.67901611,88.69999695,89.72399902,87.02999878,88.02200317,582520000.0,3.182727838377497,1
2024-03-07,92.64707947,92.66899872,92.76699829,89.60199738,90.15799713,608119000.0,4.474635745745648,1
2024-03-08,87.50730133,87.52799988,97.40000153,86.5059967,95.13800049,1142269000.0,-5.5477008611408145,1
2024-03-11,85.75370789,85.77400208,88.79699707,84.16600037,86.42900085,678364000.0,-2.0039276601826916,1
2024-03-12,91.89126587,91.91300201,91.95999908,86.15000153,88.0490036,668075000.0,7.157180242416872,1
2024-03-13,90.86650085,90.88800049,91.5039978,88.43499756,91.05500031,635713000.0,-1.1151866412637546,1
2024-03-14,87.92319489,87.94400024,90.64600372,86.59999847,89.57700348,602318000.0,-3.239151740744828,1
2024-03-15,87.81622314,87.83699799,89.54599762,86.25700378,86.93000031,642086000.0,-0.12167089250885166,1
2024-03-18,88.4340744,88.45500183,92.40499878,87.08499908,90.38800049,668976000.0,0.7035803296355336,1
2024-03-19,89.37686157,89.39800262,90.54399872,85.01000214,86.69999695,672171000.0,1.0660796681823959,1
2024-03-20,90.35062408,90.37200165,90.41000366,88.22299957,89.79699707,479063000.0,1.0895087154688898,1
2024-03-21,91.41336823,91.43499756,92.64800262,90.40499878,92.30000305,480372000.0,1.176244733536902,1
2024-03-22,94.26669312,94.28900146,94.77799988,90.83399963,91.14099884,586719000.0,3.121347379188344,1
2024-03-25,94.97952271,95.0019989,96.76599884,93.51000214,93.94100189,552136000.0,0.7561830425179439,1
2024-03-26,92.53910065,92.56099701,96.375,92.5019989,95.85099792,513648000.0,-2.5694216103488876,1
2024-03-27,90.22865295,90.25,93.23999786,89.1230011,93.11199951,586067000.0,-2.496728735268827,1
2024-03-28,90.33462524,90.35600281,91.30000305,89.19300079,90.0,435212000.0,0.11745463711911874,1
2024-04-01,90.3416214,90.36299896,92.22499847,89.20400238,90.2990036,452441000.0,0.007742872396310219,1
2024-04-02,89.43083954,89.45200348,90.09400177,87.62000275,88.44799805,433064000.0,-1.0081510026058949,1
2024-04-03,88.94295502,88.96399689,90.37400055,88.40000153,88.48400116,370067000.0,-0.5455513247493715,1
2024-04-04,85.88467407,85.90499878,90.63400269,85.87999725,90.40599823,434965000.0,-3.4384674890251654,1
2024-04-05,87.98718262,88.00800323,88.48100281,85.9260025,86.86599731,399678000.0,2.448058296800326,1
2024-04-08,87.11238861,87.13300323,88.83000183,86.73200226,88.69999695,283220000.0,-0.9942277609836014,1
2024-04-09,85.33380127,85.35399628,87.63500214,83.02200317,87.44200134,503547000.0,-2.041714257574767,1
2024-04-10,87.01840973,87.03900146,87.40000153,83.70899963,83.9260025,431929000.0,1.9741374199661488,1
2024-04-11,90.59456635,90.61599731,90.73899841,86.9260025,87.41999817,431637000.0,4.109647158169505,1
2024-04-12,88.16513824,88.18599701,90.17500305,87.52999878,89.6989975,426805000.0,-2.6816460361705263,1
2024-04-15,85.98065186,86.00099945,90.61299896,85.92900085,89.09799957,443077000.0,-2.477714868668124,1
2024-04-16,87.39432526,87.41500092,88.11799622,86.06400299,86.43299866,370453000.0,1.644168648088895,1
2024-04-17,84.01512146,84.03500366,88.77500153,83.94999695,88.33999634,495400000.0,-3.866610106305768,1
2024-04-18,84.65097046,84.67099762,86.19000244,82.40200043,84.97000122,447260000.0,0.7568202919026268,1
2024-04-19,76.18197632,76.19999695,84.3239975,75.60600281,83.15000153,875198000.0,-10.004607135984745,1
2024-04-22,79.49919128,79.51799774,80.07299805,76.40000153,78.10399628,596341000.0,4.3543319196943875,1
2024-04-23,82.40350342,82.42299652,82.76899719,80.26399994,80.76899719,438559000.0,3.6532594664901774,1
2024-04-24,79.65814972,79.67700195,84.08200073,79.18299866,83.94999695,512208000.0,-3.3315878892290374,1
2024-04-25,82.6124649,82.63200378,83.32299805,78.22299957,78.86799622,424641000.0,3.7087261790476944,1
2024-04-26,87.71424866,87.73500061,88.33100128,83.38700104,83.81800079,551011000.0,6.175569508862755,1
2024-04-29,87.73623657,87.75700378,87.99199677,85.26599884,87.59500122,388971000.0,0.025079124462323854,1
2024-04-30,86.38156128,86.40200043,88.81900024,86.30000305,87.23999786,363709000.0,-1.5440401240189194,1
2024-05-01,83.02135468,83.04100037,86.0,81.25499725,85.07700348,559863000.0,-3.8899563010962535,1
2024-05-02,85.79669952,85.81700134,86.23699951,83.19999695,84.4489975,377898000.0,3.3429281410762846,1
2024-05-03,88.76799774,88.78900146,89.28099823,87.04000092,87.78900146,398341000.0,3.4631833711191717,1
2024-05-06,92.11820221,92.13999939,92.22000122,89.05500031,89.38999939,376203000.0,3.774113769608789,1
2024-05-07,90.53257751,90.55400085,91.78099823,89.01100159,91.09799957,437342000.0,-1.7212921103753942,1
2024-05-08,90.39060974,90.41200256,91.19400024,89.41999817,89.48300171,325721000.0,-0.1568106198148067,1
2024-05-09,88.72601318,88.74700165,91.0719986,88.23100281,90.52899933,378013000.0,-1.8415706574965607,1
2024-05-10,89.85673523,89.87799835,91.40100098,89.22699738,90.30500031,335325000.0,1.27440553367697,1
2024-05-13,90.37762451,90.39900208,90.9980011,88.52899933,90.47799683,289680000.0,0.5796788308203293,1
2024-05-14,91.33439636,91.35600281,91.65100098,88.93399811,89.59899902,296507000.0,1.0586408123765434,1
2024-05-15,94.60760498,94.62999725,94.86199951,91.59899902,92.47200012,417735000.0,3.5837759307499217,1
2024-05-16,94.33667755,94.35900116,95.81900024,94.10299683,94.91000366,323952000.0,-0.28637440333434405,1
2024-05-17,92.4571228,92.47899628,94.73999786,91.80599976,94.3690033,359691000.0,-1.9923959101815547,1
2024-05-20,94.75758362,94.77999878,95.19999695,93.44000244,93.75,318764000.0,2.488135244280998,1
2024-05-21,95.36344147,95.38600159,95.40000153,93.18000031,93.59899902,328946000.0,0.6393783686436283,1
2024-05-22,94.92753601,94.94999695,96.01999664,93.24900055,95.45899963,548648000.0,-0.45709499584026814,1
2024-05-23,103.7744522,103.7990036,106.3199997,101.5199966,102.0279999,835065000.0,9.319649219851822,2
2024-05-24,106.4438095,106.4690018,106.4749985,103.0,104.4489975,429494000.0,2.5722772930355964,2
2024-05-28,113.874054,113.90100100000001,114.93900299999999,109.88300320000002,110.24400329999999,652728000.0,6.980434750351905,2
2024-05-29,114.7978363,114.82499690000002,115.49199679999998,110.901001,113.0500031,557442000.0,0.8112271989602737,2
2024-05-30,110.4738617,110.49999999999999,115.8190002,109.663002,114.6500015,487350000.0,-3.7665987518088917,2
2024-05-31,109.6070709,109.6330032,112.7170029,106.9400024,112.5199966,613263000.0,-0.7846124886877748,2
2024-06-03,114.9727936,115.0,114.99999999999999,112.0029984,113.6210022,438392000.0,4.895420761400793,2
2024-06-04,116.4094543,116.4369965,116.5999985,114.0449982,115.7160034,403324000.0,1.2495621739130547,2
2024-06-05,122.41103360000001,122.44000240000001,122.4489975,117.4680023,118.37100220000002,528402000.0,5.155582916465895,2
2024-06-06,120.9693832,120.9980011,125.58699800000001,118.3199997,124.04799650000001,664696000.0,-1.1777207381041377,2
2024-06-07,120.8594055,120.88800049999999,121.6920013,118.0220032,119.7699966,412386000.0,-0.09091108861301045,2
2024-06-10,121.76119230000002,121.7900009,123.09999850000001,117.0100021,120.3700027,314162700.0,0.7461455200427292,2
2024-06-11,120.8913345,120.91000369999999,122.8700027,118.73999790000002,121.7699966,222551200.0,-0.7225529136193565,2
2024-06-12,125.1806564,125.19999690000002,126.8799973,122.5699997,123.05999760000002,299595000.0,3.5480878907623303,2
2024-06-13,129.5899963,129.61000060000003,129.8000031,127.1600037,129.3899994,260704500.0,3.5223672597391342,2
2024-06-14,131.8596344,131.8800049,132.8399963,128.3200073,129.9600067,309320400.0,1.7514113799024011,2
2024-06-17,130.9597778,130.9799957,133.72999570000002,129.5800018,132.9900055,288504400.0,-0.6824455312103184,2
2024-06-18,135.5590668,135.5800018,136.3300018,130.6900024,131.1399994,294335100.0,3.511991335330311,2
2024-06-20,130.75979609999996,130.7799988,140.7599945,129.52000429999998,139.8000031,517768400.0,-3.5403473493684556,2
2024-06-21,126.55045319999999,126.5699997,130.6300049,124.30000309999998,127.1200027,655484700.0,-3.21914599986981,2
2024-06-24,118.09175870000001,118.11000060000002,124.4599991,118.0400009,123.23999789999999,476060900.0,-6.684047657463954,2
2024-06-25,126.0705261,126.0899963,126.5,119.3199997,121.1999969,425787500.0,6.756409837830435,2
2024-06-26,126.3804779,126.4000015,128.1199951,122.5999985,126.12999729999999,362975900.0,0.24586026576003395,2
2024-06-27,123.97084810000001,123.9899979,126.4100037,122.9199982,124.0999985,252571700.0,-1.9066483950951452,2
2024-06-28,123.5209198,123.5400009,127.7099991,122.75,124.5800018,315516700.0,-0.36293008115294567,2
2024-07-01,124.2808075,124.3000031,124.8399963,118.83000179999999,123.47000119999998,284885500.0,0.6151871413820009,2
2024-07-02,122.6510544,122.66999820000001,123.41000370000002,121.0299988,121.12999729999999,218374000.0,-1.311347433103971,2
2024-07-03,128.2601929,128.2799988,128.2799988,121.3600006,121.66000370000002,215749000.0,4.573245848470209,2
2024-07-05,125.8105698,125.8300018,128.85000610000003,125.6800003,127.37999729999999,214176700.0,-1.9098823066094228,2
2024-07-08,128.180191,128.1999969,130.77000430000004,127.0400009,127.48999790000002,237677300.0,1.883489681393291,2
2024-07-09,131.359726,131.3800049,133.8200073,128.6499939,130.3500061,285366600.0,2.4805055201994275,2
2024-07-10,134.8891754,134.9100037,135.1000061,132.4199982,134.0299988,248978600.0,2.6868615225634107,2
2024-07-11,127.38032529999998,127.4000015,136.1499939,127.0500031,135.75,374782700.0,-5.566675557062495,2
2024-07-12,129.220047,129.2400055,131.9199982,127.2200012,128.2599945,252680500.0,1.4442731384112228,2
2024-07-15,128.420166,128.44000240000003,131.38999940000002,127.1800003,130.5599976,208326200.0,-0.6190057768142077,2
2024-07-16,126.3404846,126.36000060000002,129.0399933,124.58000180000002,128.4400024,214769500.0,-1.6194345695527579,2
2024-07-17,117.9717712,117.9899979,121.84999849999998,116.7200012,121.3499985,390086200.0,-6.62393372923108,2
2024-07-18,121.07129670000002,121.0899963,122.4000015,116.55999759999999,121.84999849999998,320979500.0,2.627339990824762,2
2024-07-19,117.91178890000002,117.9300003,121.5999985,117.3700027,120.3499985,217223800.0,-2.6096259778314868,2
2024-07-22,123.5209198,123.5400009,124.06999970000001,119.8600006,120.3499985,258068900.0,4.75705976912475,2
2024-07-23,122.57106780000001,122.5899963,124.6900024,122.09999850000001,122.7799988,173911000.0,-0.7689854242181715,2
2024-07-24,114.2323532,114.25000000000001,119.9499969,113.44000240000001,119.16999820000001,327776900.0,-6.803162208758462,2
2024-07-25,112.26265720000002,112.2799988,116.6299973,106.3000031,113.0400009,460067000.0,-1.7242898905908133,2
2024-07-26,113.04254150000001,113.0599976,116.19999689999999,111.5800018,116.1900024,293399100.0,0.6946907804918911,2
2024-07-29,111.57276149999998,111.58999629999998,116.27999880000002,111.3000031,113.6900024,248152100.0,-1.3001957643770656,2
2024-07-30,103.7139816,103.7300034,111.98999790000002,102.5400009,111.5199966,486833300.0,-7.043635774365553,2
2024-07-31,117.00192260000001,117.01999659999998,118.3399963,110.8799973,112.90000150000002,473174200.0,12.812101382809749,2
2024-08-01,109.19313810000001,109.2099991,120.1600037,106.8099976,117.52999880000002,523462300.0,-6.6740708655942615,2
2024-08-02,107.25342560000001,107.2699966,108.72000120000001,101.3700027,103.7600021,482027500.0,-1.7763964069110627,2
2024-08-05,100.4344864,100.4499969,103.4100037,90.69000244,92.05999756,552842400.0,-6.357788679187859,1
2024-08-06,104.2338943,104.25,107.7099991,100.5500031,103.8399963,409012100.0,3.7829798081357557,2
2024-08-07,98.89472961,98.91000366,108.8000031,98.69000244,107.8099976,411440400.0,-5.122298647482015,2
2024-08-08,104.9537888,104.9700012,105.5,97.51999664,102.0,391910000.0,6.12677920913951,2
2024-08-09,104.7338257,104.75,106.59999849999998,103.4300003,105.63999940000001,290844200.0,-0.20958483136608308,2
2024-08-12,109.0031586,109.0199966,111.06999970000001,106.2600021,106.3199997,325559900.0,4.076369069212404,2
2024-08-13,116.1220627,116.1399994,116.2300034,111.5800018,112.44000239999998,312646700.0,6.530914531325527,2
2024-08-14,118.0617676,118.0800018,118.59999850000001,114.06999969999998,118.5299988,339246400.0,1.670399870864836,2
2024-08-15,122.84102629999998,122.8600006,123.23999790000002,117.4700012,118.7600021,318086700.0,4.0481019030607746,2
2024-08-16,124.5607605,124.5800018,125.0,121.1800003,121.9400024,302589900.0,1.3999684125021838,2
2024-08-19,129.9799194,130.0,130.0,123.4199982,124.2799988,318333600.0,4.350616569023025,2
2024-08-20,127.2303543,127.25,129.88000490000002,125.88999940000001,128.3999939,300087400.0,-2.115384615384619,2
2024-08-21,128.4801636,128.50000000000003,129.35000610000003,126.66000370000002,127.3199997,257883600.0,0.982318271119853,2
2024-08-22,123.7208862,123.7399979,130.75,123.0999985,130.0200043,376189100.0,-3.704281789883268,2
2024-08-23,129.3500214,129.3699951,129.6000061,125.2200012,125.8600006,323230300.0,4.549860429567709,2
2024-08-26,126.44046780000001,126.4599991,131.25999450000003,124.37000269999999,129.57000730000001,331964700.0,-2.2493592874844315,2
2024-08-27,128.2801971,128.3000031,129.1999969,123.8799973,125.05000310000001,303134600.0,1.4550087087577657,2
2024-08-28,125.5906067,125.6100006,128.33000180000002,122.6399994,128.1199951,448101100.0,-2.096650378023246,2
2024-08-29,117.5718384,117.58999629999998,124.4300003,116.70999909999999,121.3600006,453023300.0,-6.3848453639765435,2
2024-08-30,119.3515701,119.3700027,121.74999999999999,117.2200012,119.52999879999999,333751600.0,1.5137396513380086,2
2024-09-03,107.9833221,108.0,116.20999909999999,107.29000090000001,116.01000209999998,477155100.0,-9.525008329416751,2
2024-09-04,106.1935959,106.2099991,113.2699966,104.1200027,105.4100037,372470300.0,-1.657408240740732,2
2024-09-05,107.19344329999998,107.2099991,109.6500015,104.76000210000001,104.9899979,306850700.0,0.9415309372693415,2
2024-09-06,102.8141174,102.8300018,108.15000150000002,100.9499969,108.0400009,413638100.0,-4.085437306938655,2
2024-09-09,106.4535522,106.4700012,106.5500031,103.6900024,104.8799973,273912000.0,3.5398223633990034,2
2024-09-10,108.08330540000001,108.0999985,109.4000015,104.9499969,107.8099976,268283700.0,1.5309451316132705,2
2024-09-11,116.8919449,116.9100037,117.1900024,107.41999820000001,109.38999940000001,441422400.0,8.14986616304163,2
2024-09-12,119.1317902,119.13999940000001,120.7900009,115.3799973,116.83999629999998,367100500.0,1.9074464369382094,2
2024-09-13,119.0917892,119.0999985,119.9599991,117.5999985,119.0800018,238358300.0,-0.03357470220030079,2
2024-09-16,116.7719498,116.77999879999999,118.1800003,114.36000060000002,116.7900009,248772300.0,-1.947942677765857,2
2024-09-17,115.5820313,115.5899963,118.80000309999998,114.8300018,118.1699982,231925900.0,-1.0190122557185766,2
2024-09-18,113.3621902,113.3700027,117.6999969,113.2200012,115.8899994,310318900.0,-1.920575889835885,2
2024-09-19,117.8618774,117.8700027,119.6600037,117.25,117.3499985,293506400.0,3.969303954157888,2
2024-09-20,115.9920044,115.99999999999999,118.62000269999999,115.38999940000001,117.0599976,382462400.0,-1.5864958489561487,2
2024-09-23,116.25199130000001,116.2600021,116.98999790000002,114.86000059999999,116.55000309999998,206228500.0,0.22413974137931447,2
2024-09-24,120.86167139999999,120.87000269999999,121.8000031,115.3799973,116.5199966,354966800.0,3.9652507455098407,2
2024-09-25,123.5014954,123.51000210000001,124.94000240000001,121.6100006,122.0199966,284692900.0,2.1841642599714994,2
2024-09-26,124.03145600000002,124.0400009,127.6699982,121.80000310000001,126.8000031,302582900.0,0.42911407253549694,2
2024-09-27,121.3916397,121.4000015,124.0299988,119.26000210000001,123.97000120000001,271009200.0,-2.1283451957794908,2
2024-09-30,121.431633,121.44000239999998,121.5,118.15000150000002,118.3099976,226553700.0,0.03294967010358807,2
2024-10-01,116.9919357,117.00000000000001,122.4400024,115.79000089999998,121.7699966,302094500.0,-3.6561283862425187,2
2024-10-02,118.84181210000001,118.84999850000001,119.3799973,115.1399994,116.4400024,221845900.0,1.5811952991452882,2
2024-10-03,122.84153750000002,122.84999849999998,124.3600006,120.3399963,120.9199982,277118000.0,3.3655869166880903,2
2024-10-04,124.91139219999998,124.91999820000001,125.04000090000001,121.8300018,124.9400024,243678100.0,1.6849814613550729,2
2024-10-07,127.71120450000001,127.72000119999998,130.6399994,124.94999689999999,124.98999790000002,346250200.0,2.2414369519259347,2
2024-10-08,132.8808441,132.8899994,133.4799957,129.4199982,130.2599945,285722500.0,4.047915871770291,2
2024-10-09,132.6408539,132.6499939,134.5200043,131.3800049,134.1100006,246191600.0,-0.18060463622817657,2
2024-10-10,134.800705,134.8099976,135.0,131.0,131.9100037,242311300.0,1.628348133682045,2
2024-10-11,134.7907104,134.8000031,135.7799988,133.6600037,134.0099945,170209500.0,-0.007413767656649917,2
2024-10-14,138.0605011,138.0700073,139.6000061,136.3000031,136.4700012,232347700.0,2.425819083679226,2
2024-10-15,131.5909424,131.6000061,138.5700073,128.7400055,137.8699951,377831000.0,-4.686029447323703,2
2024-10-16,135.71064759999996,135.7200012,136.6199951,131.5800018,133.9799957,264879700.0,3.130695219625834,2
2024-10-17,136.9205627,136.9299927,140.8899994,136.8699951,139.3399963,306435900.0,0.8915351380058834,2
2024-10-18,137.99049379999997,138.0,138.8999939,137.2799988,138.6699982,176090200.0,0.7814265369489037,2
2024-10-21,143.70010379999997,143.7100067,143.7100067,138.0,138.1300049,264554500.0,4.1376860144927585,2
2024-10-22,143.58010859999996,143.5899963,144.4199982,141.7799988,142.9100037,226311600.0,-0.08350872897149308,2
2024-10-23,139.5503845,139.5599976,142.4299927,137.4600067,142.0299988,285930000.0,-2.806601298032063,2
2024-10-24,140.40032959999996,140.4100037,141.3500061,138.4600067,140.8200073,172354900.0,0.6090614177539866,2
2024-10-25,141.53024289999996,141.5399933,144.1300049,140.8000031,140.9299927,205122100.0,0.8047785558173759,2
2024-10-28,140.51031489999997,140.5200043,143.1399994,140.0500031,143.0,173586700.0,-0.7206366032800893,2
2024-10-29,141.2402649,141.25,142.2599945,138.8999939,140.2899933,157593599.99999994,0.5194959277410094,2
2024-10-30,139.33039859999997,139.3399963,140.3300018,136.8099976,139.5399933,179418100.0,-1.3522150088495555,2
2024-10-31,132.7508545,132.7599945,137.6100006,132.1100006,137.6000061,270039600.0,-4.722263509920865,2
2024-11-01,135.3906708,135.3999939,137.3099976,134.5700073,134.6999969,207127800.0,1.9885503987422837,2
2024-11-04,136.0406342,136.0500031,138.9600067,135.5700073,137.2100067,187528200.0,0.4800659005051777,2
2024-11-05,139.9003601,139.9100037,140.3699951,137.3300018,137.4499969,160537400.00000006,2.8371925851135904,2
2024-11-06,145.59996029999996,145.6100006,146.4900055,141.9600067,142.9600067,242043900.0,4.07404527857933,2
2024-11-07,148.869751,148.8800049,148.9299927,146.1699982,146.3899994,207323300.0,2.2457278253730006,2
2024-11-08,147.6198273,147.6300049,149.7700043,146.2599945,148.7700043,175665800.0,-0.8396023366869176,2
2024-11-11,145.24998469999997,145.2599945,148.8500061,143.5700073,148.6799927,182325600.0,-1.6053717546140822,2
2024-11-12,148.27976989999996,148.2899933,149.6499939,146.0099945,146.7799988,198634700.0,2.08591416406807,2
2024-11-13,146.25991819999996,146.2700043,149.3300018,145.8999939,149.0700073,191903300.0,-1.362188341268189,2
2024-11-14,146.7498779,146.7599945,149.0,145.5500031,147.6399994,194463300.0,0.33499021371123927,2
2024-11-15,141.9702148,141.9799957,145.2400055,140.0800018,144.8699951,250132900.0,-3.257017565505571,2
2024-11-18,140.14033509999996,140.1499939,141.5500031,137.1499939,139.5,221866000.0,-1.2889152383598668,2
2024-11-19,146.9998627,147.0099945,147.1300049,140.9900055,141.3200073,227834900.0,4.894756260135669,2
2024-11-20,145.87994379999998,145.8899994,147.5599976,142.7299957,147.4100037,309871700.0,-0.7618496305705325,2
2024-11-21,146.65989689999998,146.6699982,152.8899994,140.6999969,149.3500061,400946600.0,0.5346485730399086,2
2024-11-22,141.9402161,141.9499969,147.1600037,141.1000061,145.9299927,236406200.0,-3.2181096051857816,2
2024-11-25,136.0106354,136.0200043,142.0500031,135.8200073,141.9900055,344941900.0,-4.177522176472825,2
2024-11-26,136.9105682,136.9199982,139.3000031,135.6699982,137.6999969,190287700.0,0.6616628963008964,2
2024-11-27,135.33067319999998,135.3399963,137.2200012,131.8000031,135.0099945,226370900.0,-1.153959918763725,2
2024-11-29,138.2404785,138.25,139.3500061,136.0500031,136.7799988,141863200.0,2.1501431798103265,2
2024-12-02,138.62045289999998,138.6300049,140.4499969,137.8200073,138.8300018,171682800.0,0.27486792043398545,2
2024-12-03,140.2503357,140.2599945,140.5399933,137.9499969,138.2599945,164414000.00000006,1.175784132140656,2
2024-12-04,145.13000489999996,145.1399994,145.7899933,140.2899933,142.0,231224300.0,3.4792564461422204,2
2024-12-05,145.05999759999997,145.0599976,146.5399933,143.9499969,145.1100006,172621200.0,-0.05512043566949787,2
2024-12-06,142.44000239999997,142.4400024,145.6999969,141.3099976,144.6000061,188505600.0,-1.806145900556666,2
2024-12-09,138.80999759999997,138.8099976,139.9499969,137.1300049,138.9700012,189308600.0,-2.5484447759318463,2
2024-12-10,135.0700073,135.0700073,141.8200073,133.7899933,139.0099945,210020900.0,-2.6943234382708625,2
2024-12-11,139.30999759999997,139.3099976,140.1699982,135.2100067,137.3600006,184905200.0,3.13910570137359,2
2024-12-12,137.3399963,137.3399963,138.4400024,135.8000031,137.0800018,159211400.0,-1.4141133687019747,2
2024-12-13,134.25,134.25,139.6000061,132.53999329999996,138.9400024,231514900.0,-2.2498881485698674,2
2024-12-16,132.0,132.0,134.3999939,130.4199982,134.17999270000004,237951100.0,-1.6759776536312887,2
2024-12-17,130.38999939999997,130.3899994,131.5899963,126.86000060000002,129.0899963,259410300.0,-1.2196974242424274,2
2024-12-18,128.9100037,128.9100037,136.6999969,128.2799988,133.8600006,277444500.0,-1.1350530767775924,2
2024-12-19,130.6799927,130.6799927,134.0299988,129.5500031,131.7599945,209719200.0,1.3730423932956537,2
2024-12-20,134.6999969,134.6999969,135.2799988,128.2200012,129.80999760000003,306528600.0,3.076220098380822,2
2024-12-23,139.6699982,139.6699982,139.7899933,135.1199951,136.27999880000002,176053500.0,3.6896818221084926,2
2024-12-24,140.2200012,140.2200012,141.8999939,138.6499939,140.0,105157000.0,0.39378750417997654,2
2024-12-26,139.9299927,139.9299927,140.8500061,137.7299957,139.6999969,116205600.00000006,-0.20682391778499287,2
2024-12-27,137.0099945,137.0099945,139.0200043,134.7100067,138.5500031,170582600.0,-2.0867564870529764,2
2024-12-30,137.4900055,137.4900055,140.2700043,134.0200043,134.8300018,167734700.0,0.35034743396036294,2
2024-12-31,134.2899933,134.2899933,138.0700073,133.83000179999996,138.0299988,155659200.0,-2.3274507760493224,2
2025-01-02,138.30999759999997,138.3099976,138.8800049,134.6300049,136.0,198247200.0,2.993524834735406,2
2025-01-03,144.4700012,144.4700012,144.8999939,139.7299957,140.0099945,229322500.0,4.4537659655053075,2
2025-01-06,149.4299927,149.4299927,152.1600037,147.8200073,148.5899963,265377400.0,3.433232822593757,2
2025-01-07,140.13999939999997,140.1399994,153.1300049,140.0099945,153.0299988,351782200.0,-6.216953592878028,2
2025-01-08,140.11000059999998,140.1100006,143.9499969,137.5599976,142.5800018,227349900.0,-0.021406308069371605,2
2025-01-10,135.9100037,135.9100037,139.9199982,134.22000119999998,137.4499969,207602500.0,-2.9976424823454084,2
2025-01-13,133.2299957,133.2299957,133.4900055,129.50999449999998,129.9900055,204808900.0,-1.9718989971597045,2
2025-01-14,131.7599945,131.7599945,136.3800049,130.0500031,136.0500031,195590500.0,-1.1033560365115158,2
2025-01-15,136.2400055,136.2400055,136.4499969,131.2899933,133.6499939,185217300.0,3.400129923350903,2
2025-01-16,133.5700073,133.5700073,138.75,133.4900055,138.6399994,209235600.0,-1.9597754640431342,2
2025-01-17,137.7100067,137.7100067,138.5,135.46000669999998,136.6900024,201188800.0,3.099497771757642,2
2025-01-21,140.8300018,140.8300018,141.8300018,137.0899963,139.1600037,197749000.0,2.265627004722215,2
2025-01-22,147.0700073,147.0700073,147.7899933,143.6699982,144.6600037,237651400.0,4.430877952314272,2
2025-01-23,147.2200012,147.2200012,147.2299957,143.7200012,145.0500031,155915500.0,0.10198809584205382,2
2025-01-24,142.61999509999998,142.6199951,148.9700012,141.8800049,148.3699951,234657600.0,-3.1245795832801515,2
2025-01-27,118.41999819999998,118.41999819999998,128.39999390000003,116.69999689999999,124.8000031,818830900.0,-16.96816556684906,2
2025-01-28,128.9900055,128.99000550000002,129.0,116.24999999999999,121.80999760000002,579666400.0,8.925863418903512,2
2025-01-29,123.6999969,123.6999969,126.88999940000001,120.05000309999998,126.5,467120600.0,-4.1010996003097215,2
2025-01-30,124.6500015,124.6500015,125.0,118.09999850000001,123.09999849999998,392925500.0,0.7679908034015526,2
2025-01-31,120.0699997,120.0699997,127.8499985,119.1900024,123.77999880000002,390372900.0,-3.674289406246023,2
2025-02-03,116.6600037,116.6600037,118.5699997,113.0100021,114.75,371235700.0,-2.8400066698759163,2
2025-02-04,118.65000149999999,118.6500015,121.1999969,116.69999689999999,116.9599991,256550000.0,1.7058098207483496,2
2025-02-05,124.8300018,124.8300018,125.0,120.7600021,121.7600021,262230800.0,5.208596900017737,2
2025-02-06,128.6799927,128.6799927,128.7700043,125.20999909999999,127.4199982,251483600.0,3.0841871701390966,2
2025-02-07,129.8399963,129.8399963,130.3699951,125.0,129.2200012,228186300.0,0.901463837276073,2
2025-02-10,133.5700073,133.5700073,135.0,129.9600067,130.0899963,216989100.0,2.8727750356536186,2
2025-02-11,132.8000031,132.8000031,134.4799957,131.0200043,132.5800018,178902400.0,-0.5764798666743731,2
2025-02-12,131.1399994,131.13999940000002,132.2400055,129.0800018,130.0200043,160278599.99999994,-1.250002756965296,2
2025-02-13,135.2899933,135.2899933,136.50000000000003,131.1699982,131.5599976,197430000.0,3.1645523249865137,2
2025-02-14,138.85000609999997,138.8500061,139.25,135.5,136.4799957,194892300.0,2.6313940249119705,2
